ply
format ascii 1.0
element vertex 10000
property float x
property float y
property float z
property uchar red
property uchar green
property uchar blue
end_header
0.043896 -0.364822 0.142030 255 0 0
-0.150052 0.257574 0.668461 255 255 255
0.079559 -0.260935 -0.616838 255 0 0
0.151201 -0.256669 0.175010 255 0 0
-0.119883 0.255007 0.407497 255 0 0
-0.167807 0.218829 0.296633 255 0 0
-0.102322 -0.125112 0.363714 255 0 0
0.224067 0.000824 0.256828 255 0 0
0.182596 0.219671 0.218143 255 0 0
-0.137979 -0.223546 0.094709 255 0 0
0.089873 -0.314596 -0.631176 255 0 0
0.094535 -0.487390 -0.391209 255 255 255
0.057417 -0.041392 0.846488 255 0 0
0.066240 -0.302235 0.184601 255 0 0
0.193495 0.089231 0.319601 255 0 0
-0.117752 -0.056766 -0.610913 255 0 0
-0.055621 -0.140221 -0.550881 255 0 0
-0.149946 0.178984 0.391828 255 0 0
-0.214983 -0.049988 0.149878 255 0 0
-0.138807 -0.452287 -0.439373 255 255 255
0.033369 0.369720 0.433164 255 0 0
0.203341 0.207648 -0.366320 255 0 0
0.042239 -0.335280 -0.545014 255 0 0
-0.064967 -0.160405 -0.349914 255 0 0
0.229204 0.001381 0.212346 255 0 0
-0.163682 0.119794 -0.616449 255 0 0
-0.159743 0.282582 -0.097683 255 0 0
0.073789 -0.395747 0.154856 255 0 0
-0.061457 -0.207419 -0.489045 255 0 0
0.224952 -0.036602 0.186327 255 0 0
0.024604 0.375570 -0.459650 255 0 0
0.137704 0.214563 0.388086 255 0 0
-0.206291 0.069114 -0.171637 255 0 0
0.083610 0.343368 0.080437 255 0 0
0.156607 -0.151889 -0.267683 255 0 0
-0.173970 -0.172822 0.155415 255 0 0
0.008404 0.408964 -0.335619 255 0 0
0.205828 0.017063 -0.164459 255 0 0
-0.120861 0.255746 -0.593129 255 0 0
-0.157988 0.165948 0.378886 255 0 0
-0.084440 -0.125879 0.763259 255 255 255
-0.196929 0.111418 0.052021 255 0 0
-0.106695 0.235874 0.483942 255 0 0
0.069942 0.345255 0.034177 255 0 0
0.168954 -0.096918 -0.552870 255 0 0
-0.101117 0.001592 0.721778 255 0 0
0.094546 0.129441 -0.661650 255 0 0
-0.130094 0.324068 -0.393584 255 0 0
-0.167937 -0.176915 -0.099109 255 0 0
-0.081629 -0.407037 -0.467817 255 0 0
0.005610 -0.078806 -0.855638 255 255 255
0.184596 0.265868 -0.354350 255 0 0
0.124422 -0.217170 -0.074444 255 0 0
0.172970 0.239767 0.226159 255 0 0
0.164059 0.180162 0.343315 255 0 0
0.182997 0.265471 -0.387405 255 0 0
-0.015730 -0.015041 -0.630805 255 0 0
-0.089055 -0.155996 0.314223 255 0 0
-0.078965 0.170439 -0.665278 255 0 0
-0.140431 0.122719 0.477596 255 0 0
-0.197248 0.230051 -0.338639 255 0 0
-0.061843 -0.369347 -0.490756 255 0 0
0.162691 -0.143338 0.085635 255 0 0
0.021959 0.134685 0.935275 255 255 255
-0.186200 0.180051 0.015021 255 0 0
0.053549 0.215793 -0.672820 255 0 0
0.004411 -0.013206 -0.816970 255 255 255
0.061586 0.352277 -0.068187 255 0 0
-0.053767 -0.103347 0.548922 255 0 0
-0.000566 0.359033 0.500898 255 0 0
-0.169649 0.231053 0.122929 255 0 0
-0.145504 0.291397 0.234168 255 0 0
0.134427 -0.182260 -0.013212 255 0 0
-0.230810 0.008116 0.200292 255 0 0
-0.051125 -0.323595 0.064071 255 0 0
0.074001 -0.461110 -0.412561 255 255 255
-0.020901 -0.173175 0.739144 255 255 255
-0.032510 0.370260 -0.119845 255 0 0
-0.113098 -0.001437 -0.629838 255 0 0
-0.165220 -0.496209 0.126970 255 255 255
0.120825 -0.504421 -0.393030 255 255 255
-0.153027 0.052842 0.452074 255 0 0
0.218364 0.060230 -0.506183 255 0 0
-0.030541 -0.214966 -0.299483 255 0 0
0.063342 0.006415 -0.643067 255 0 0
0.207161 -0.045628 -0.306473 255 0 0
0.050232 -0.003556 -0.640104 255 0 0
-0.193518 0.201014 -0.163711 255 0 0
-0.003544 -0.002349 -0.638234 255 0 0
-0.150850 -0.201341 -0.544099 255 0 0
-0.214705 0.125224 -0.289381 255 0 0
-0.194781 -0.093725 0.109746 255 0 0
-0.134282 0.000080 -0.620091 255 0 0
-0.025692 -0.252712 -0.143719 255 0 0
-0.184602 0.211356 -0.094400 255 0 0
0.088041 -0.514108 -0.464624 255 255 255
-0.188954 -0.118088 -0.251629 255 0 0
-0.032124 0.375285 0.064353 255 0 0
-0.152115 0.280450 0.230840 255 0 0
0.109521 -0.036513 0.527075 255 0 0
0.212453 -0.079410 0.197932 255 0 0
-0.198903 0.149805 0.251991 255 0 0
-0.115288 -0.507389 0.071850 255 255 255
0.006738 0.341209 -0.565569 255 0 0
0.092036 0.001327 0.732509 255 0 0
-0.183865 -0.150731 0.152657 255 0 0
-0.092250 -0.462605 -0.552846 255 255 255
0.062235 -0.511807 0.117815 255 255 255
0.136498 0.294027 -0.021300 255 0 0
-0.198682 0.225427 -0.318483 255 0 0
-0.141957 0.073269 0.487194 255 0 0
-0.101348 -0.504443 -0.391050 255 255 255
-0.156919 -0.045947 0.374764 255 0 0
-0.207537 0.001279 -0.539588 255 0 0
-0.148201 -0.201732 -0.395845 255 0 0
0.207277 -0.079192 -0.371326 255 0 0
0.062941 0.370943 0.130381 255 0 0
-0.125586 -0.089739 0.374196 255 0 0
-0.210936 -0.062896 -0.358052 255 0 0
0.120845 -0.417561 -0.534458 255 0 0
-0.149925 -0.249807 0.115169 255 0 0
-0.060568 -0.015541 -0.635296 255 0 0
-0.098979 0.304797 -0.554168 255 0 0
0.155860 0.309922 -0.177615 255 0 0
-0.040394 -0.504447 0.139384 255 255 255
0.092121 0.182445 0.678390 255 255 255
-0.195472 -0.065379 -0.079450 255 0 0
-0.176208 -0.150041 -0.514384 255 0 0
-0.113376 -0.184052 -0.590114 255 0 0
-0.134567 -0.148701 0.283074 255 0 0
-0.105548 0.337323 0.193454 255 0 0
-0.108047 -0.097805 0.612946 255 0 0
0.013795 0.377676 -0.141453 255 0 0
0.193669 -0.047891 -0.022643 255 0 0
-0.062427 0.338123 0.455009 255 0 0
0.008459 0.386603 -0.400946 255 0 0
-0.092049 -0.511215 -0.522230 255 255 255
-0.177482 -0.127534 -0.042611 255 0 0
-0.131551 -0.273254 0.079914 255 0 0
-0.060762 -0.142034 0.639824 255 255 255
0.138470 -0.262774 -0.568299 255 0 0
0.005299 0.398664 0.163573 255 0 0
0.152258 0.281408 -0.499057 255 0 0
0.150178 0.094934 0.453203 255 0 0
-0.084471 0.342713 0.072653 255 0 0
0.120048 0.314397 0.254436 255 0 0
-0.045280 0.393975 -0.337942 255 0 0
0.075135 -0.130855 0.822310 255 0 0
0.038043 0.199831 -0.686395 255 0 0
-0.048792 -0.228446 -0.248468 255 0 0
-0.095628 0.200464 0.683756 255 255 255
-0.032747 0.275330 0.555605 255 0 0
0.103540 -0.039502 0.697276 255 0 0
-0.195505 0.235135 -0.347203 255 0 0
0.125885 0.133593 0.512276 255 0 0
0.168226 0.298684 -0.209125 255 0 0
-0.215936 0.132930 -0.346253 255 0 0
-0.135543 -0.308554 0.082242 255 0 0
0.029009 0.261725 -0.655806 255 0 0
-0.029373 0.401858 -0.254975 255 0 0
0.204205 -0.102319 0.194470 255 0 0
-0.204742 -0.058621 -0.505385 255 0 0
-0.199749 0.037457 -0.011514 255 0 0
-0.202203 0.069749 -0.108382 255 0 0
-0.211859 0.155148 -0.415997 255 0 0
0.228283 0.046358 0.212462 255 0 0
-0.051568 -0.397381 -0.552858 255 0 0
0.225668 -0.028026 0.210323 255 0 0
-0.005216 -0.244618 -0.212500 255 0 0
0.140772 -0.158668 0.022896 255 0 0
0.187514 0.174088 -0.001904 255 0 0
-0.015467 -0.125480 0.582184 255 255 255
-0.213981 -0.068894 0.218407 255 0 0
0.072320 0.049291 0.720345 255 0 0
0.043023 0.274856 0.548423 255 0 0
-0.199831 -0.007626 0.048211 255 0 0
-0.150486 0.292652 -0.479348 255 0 0
-0.200811 0.043815 -0.065801 255 0 0
-0.070929 -0.235544 -0.600663 255 0 0
0.096611 -0.088133 0.740241 255 255 255
-0.070401 0.345605 0.282320 255 0 0
-0.042100 -0.180490 -0.332966 255 0 0
-0.092753 -0.212970 0.011168 255 0 0
0.212003 0.121828 0.180499 255 0 0
0.079350 -0.084472 0.813926 255 0 0
-0.195791 -0.052473 -0.069181 255 0 0
-0.100670 -0.390332 -0.590943 255 0 0
0.001614 0.101271 0.858238 255 0 0
0.156559 0.049105 -0.617616 255 0 0
-0.051275 0.011430 0.807710 255 0 0
0.105949 -0.215624 -0.209563 255 0 0
0.086041 -0.125100 0.762136 255 255 255
0.056904 -0.140080 0.385621 255 0 0
0.042726 -0.167245 0.731478 255 255 255
0.086040 -0.512874 -0.446857 255 255 255
0.071702 -0.048466 0.824308 255 0 0
-0.081938 0.221676 0.550889 255 0 0
-0.137007 -0.304153 -0.530400 255 255 255
-0.149544 -0.494101 0.170663 255 255 255
-0.167247 0.001873 0.393523 255 0 0
-0.127704 -0.403514 -0.519198 255 0 0
0.137980 -0.458320 -0.421966 255 255 255
-0.220443 0.059421 -0.476880 255 0 0
-0.101568 -0.061800 0.538800 255 0 0
0.134798 -0.066748 -0.597123 255 0 0
0.041808 -0.192289 0.829120 255 255 255
0.016783 0.300648 -0.621143 255 0 0
0.015048 0.172476 0.967708 255 255 255
-0.107006 0.013843 0.671328 255 0 0
0.131915 -0.099137 -0.588502 255 0 0
-0.149152 0.266176 0.285556 255 0 0
0.112729 -0.068283 0.623682 255 0 0
0.152857 -0.250165 0.123969 255 0 0
-0.194583 0.174126 0.239378 255 0 0
-0.095943 0.100989 0.643770 255 0 0
-0.224969 -0.021695 -0.399133 255 0 0
0.214770 0.016183 0.122638 255 0 0
-0.193274 -0.045801 0.004781 255 0 0
-0.143370 -0.074730 0.367936 255 0 0
-0.127168 -0.048215 -0.608647 255 0 0
-0.138238 0.269735 0.309734 255 0 0
-0.024183 0.203045 -0.693922 255 0 0
0.116125 0.007364 0.619348 255 0 0
0.163207 0.288944 -0.405763 255 0 0
0.098759 -0.088731 0.562252 255 255 255
0.172301 0.193722 0.309267 255 0 0
-0.066483 0.096505 0.676794 255 0 0
-0.148554 0.250032 0.661369 255 255 255
0.083937 -0.476538 0.054137 255 255 255
0.053363 -0.039309 0.855601 255 0 0
0.159558 -0.158353 -0.028317 255 0 0
-0.172038 0.220875 0.102646 255 0 0
0.058561 -0.020630 -0.632923 255 0 0
0.083807 0.066245 -0.661879 255 0 0
0.035224 0.309904 0.524403 255 0 0
-0.048459 -0.170177 0.318976 255 0 0
0.208503 0.135138 0.187964 255 0 0
0.208718 0.085480 0.113296 255 0 0
-0.194996 -0.133069 -0.391664 255 0 0
-0.119316 0.259274 0.402277 255 0 0
0.164000 0.161525 0.360704 255 0 0
0.061812 -0.140242 0.382565 255 0 0
0.142071 0.271966 0.291883 255 0 0
-0.206747 0.011521 0.095372 255 0 0
0.196359 -0.116658 -0.128313 255 0 0
-0.206609 -0.000771 0.096845 255 0 0
0.067688 -0.253170 -0.455584 255 0 0
0.176252 -0.141036 -0.242671 255 0 0
0.098523 -0.352659 0.054660 255 255 255
-0.046970 -0.363950 -0.568330 255 0 0
0.096366 0.201134 0.537692 255 0 0
-0.020740 0.362961 -0.057462 255 0 0
-0.041571 0.261850 0.560866 255 0 0
0.019431 -0.260006 -0.078316 255 0 0
-0.016615 0.311542 0.538988 255 0 0
0.106895 -0.032627 0.511441 255 0 0
0.112422 0.196216 -0.636822 255 0 0
0.215319 -0.022714 0.133049 255 0 0
-0.196649 0.108729 -0.010111 255 0 0
-0.088247 -0.355912 0.052694 255 0 0
0.129366 0.097809 0.518502 255 0 0
0.053745 -0.088805 0.503925 255 0 0
0.137470 0.073228 0.498000 255 0 0
0.096232 0.172829 0.667533 255 255 255
0.147982 0.147084 0.430120 255 0 0
-0.179379 -0.080378 -0.550514 255 0 0
0.012895 0.153510 0.975018 255 255 255
0.176697 0.209782 0.078235 255 0 0
0.172972 -0.199948 -0.466584 255 0 0
-0.122900 -0.509152 0.161588 255 255 255
0.204950 0.132380 -0.193743 255 0 0
-0.171448 0.272608 -0.165975 255 0 0
0.193138 -0.133814 0.164903 255 0 0
-0.175729 0.281418 -0.352380 255 0 0
-0.168892 -0.113432 -0.549553 255 0 0
-0.207099 0.176136 -0.452225 255 0 0
-0.179175 -0.140523 0.229546 255 0 0
0.117875 0.036393 0.600815 255 0 0
-0.082346 -0.075980 0.801328 255 255 255
-0.150152 0.077875 0.460675 255 0 0
0.158503 0.261956 0.047749 255 0 0
0.189848 -0.065773 0.026213 255 0 0
-0.120811 -0.116240 -0.591059 255 0 0
0.159412 0.104828 0.420251 255 0 0
0.212883 0.031343 -0.257668 255 0 0
0.225811 -0.003459 0.247150 255 0 0
-0.210507 0.108351 -0.562241 255 0 0
0.110124 -0.114621 0.366064 255 0 0
-0.190586 -0.090224 -0.315517 255 0 0
0.121689 -0.461907 0.182252 255 255 255
0.044224 -0.452631 0.082917 255 255 255
-0.129869 -0.380887 -0.540690 255 0 0
0.041063 0.097132 -0.679147 255 0 0
-0.012912 0.165740 0.658737 255 0 0
0.116719 0.049567 0.600489 255 0 0
-0.176335 -0.139017 -0.250536 255 0 0
0.164078 0.275497 -0.110801 255 0 0
-0.094343 -0.378458 -0.475341 255 0 0
0.149889 0.276224 0.127193 255 0 0
-0.112310 0.280755 -0.575600 255 0 0
0.189632 0.179797 0.133291 255 0 0
0.167689 0.237105 0.088358 255 0 0
0.039689 -0.253844 -0.128666 255 0 0
-0.080697 -0.141775 0.363943 255 0 0
-0.138227 -0.471873 -0.523968 255 255 255
0.205144 -0.086997 0.236212 255 0 0
-0.158444 0.299458 -0.367980 255 0 0
-0.107465 -0.509365 -0.406857 255 255 255
0.209910 0.075701 -0.218625 255 0 0
-0.182404 0.189516 0.109541 255 0 0
-0.047789 -0.385602 0.137386 255 0 0
-0.188473 0.169703 0.008842 255 0 0
0.023929 0.316590 -0.598795 255 0 0
-0.121145 0.341266 -0.347920 255 0 0
0.123307 0.189124 -0.631231 255 0 0
0.164778 0.080464 0.411193 255 0 0
-0.137927 -0.157587 0.036398 255 0 0
-0.085257 0.043091 -0.652709 255 0 0
0.150913 0.054634 -0.622426 255 0 0
0.125373 0.082316 0.536068 255 0 0
-0.055573 -0.157882 -0.358741 255 0 0
0.088566 -0.211978 -0.240954 255 0 0
0.200213 -0.098951 0.132281 255 0 0
0.125002 -0.421100 -0.478131 255 0 0
-0.192820 0.141343 0.008988 255 0 0
-0.075696 -0.511750 0.127215 255 255 255
0.202106 -0.080546 -0.174701 255 0 0
0.219270 0.050624 -0.303648 255 0 0
0.213621 -0.025144 -0.487261 255 0 0
-0.190192 0.163900 -0.007060 255 0 0
0.211802 0.151835 -0.486143 255 0 0
-0.216464 0.030084 -0.284451 255 0 0
-0.134460 -0.238963 0.215176 255 0 0
0.096574 0.294876 -0.575614 255 0 0
-0.192572 0.022528 0.338124 255 0 0
0.184491 0.042290 0.358718 255 0 0
0.120549 0.178294 -0.636452 255 0 0
0.186540 0.195021 0.259224 255 0 0
0.149454 -0.247152 0.185957 255 0 0
-0.148209 -0.084901 -0.583261 255 0 0
0.124859 -0.507402 0.085819 255 255 255
-0.063926 -0.424952 0.150578 255 0 0
-0.097237 -0.005321 0.707417 255 0 0
0.167341 -0.483899 -0.480144 255 255 255
-0.147095 -0.506156 -0.455295 255 255 255
-0.134852 -0.460274 0.156253 255 255 255
-0.157787 -0.208759 -0.524200 255 0 0
-0.054920 0.365039 0.248417 255 0 0
0.165573 -0.185955 0.195852 255 0 0
0.204286 0.203496 -0.291977 255 0 0
-0.055136 0.364051 -0.447371 255 0 0
0.203830 0.048785 0.056584 255 0 0
-0.012154 0.370066 0.020378 255 0 0
-0.226508 0.025803 -0.366563 255 0 0
-0.198138 0.226596 -0.345908 255 0 0
-0.141569 0.048558 -0.629853 255 0 0
0.196451 0.062473 0.318158 255 0 0
-0.063210 -0.201736 -0.475678 255 0 0
0.203717 0.115781 -0.169360 255 0 0
0.084955 0.335033 -0.019940 255 0 0
-0.035288 0.168860 0.661262 255 0 0
-0.203775 0.109570 -0.160460 255 0 0
-0.170484 -0.136009 -0.029918 255 0 0
0.045497 0.286475 -0.625540 255 0 0
-0.143060 0.113230 -0.635195 255 0 0
0.180395 0.227646 -0.088055 255 0 0
-0.122867 0.019041 0.568966 255 0 0
-0.115757 0.234701 0.641925 255 255 255
-0.053693 0.001723 0.812042 255 0 0
0.129144 -0.194248 -0.223362 255 0 0
0.041725 -0.367110 0.096348 255 0 0
0.057393 -0.166499 0.837699 255 255 255
-0.119296 -0.418566 -0.539766 255 0 0
0.107458 0.251356 0.464039 255 0 0
-0.004646 0.301275 -0.623307 255 0 0
0.183994 0.250500 -0.170523 255 0 0
-0.213387 0.099287 -0.254104 255 0 0
-0.163494 0.252916 0.009200 255 0 0
0.119865 0.018867 -0.632279 255 0 0
0.133003 -0.303626 -0.504124 255 255 255
0.070015 -0.205196 0.226695 255 0 0
-0.186141 -0.132748 -0.234427 255 0 0
-0.076899 -0.494494 0.201762 255 255 255
-0.194514 0.166774 -0.108056 255 0 0
0.104008 0.146228 -0.654862 255 0 0
-0.075478 0.337277 0.300068 255 0 0
-0.227127 0.017609 -0.390988 255 0 0
-0.164312 -0.141256 -0.543328 255 0 0
-0.100060 0.193661 0.686143 255 255 255
0.021271 0.394214 0.175562 255 0 0
0.174995 -0.202622 -0.440370 255 0 0
0.032487 -0.131266 -0.501026 255 0 0
0.148805 -0.246376 -0.439314 255 0 0
0.075131 -0.506076 -0.414024 255 255 255
0.205108 -0.049256 -0.252687 255 0 0
0.063753 -0.167853 -0.334881 255 0 0
0.136616 -0.503635 -0.518828 255 255 255
-0.115167 -0.511481 0.112323 255 255 255
0.003947 0.105842 0.908997 255 0 0
-0.106444 0.060028 -0.650627 255 0 0
-0.193322 -0.155255 -0.429117 255 0 0
-0.169943 -0.023921 0.365747 255 0 0
0.013490 -0.053414 -0.603505 255 0 0
0.124410 -0.256258 -0.593943 255 0 0
-0.188146 -0.092518 -0.048083 255 0 0
0.081226 0.195850 0.595030 255 255 255
-0.002887 -0.263893 -0.037625 255 0 0
-0.118543 0.028234 0.602486 255 0 0
-0.215332 0.068503 -0.554597 255 0 0
0.072127 -0.020575 0.766423 255 0 0
-0.098376 -0.331682 0.172965 255 0 0
-0.204723 0.062678 -0.147810 255 0 0
0.191343 0.145927 0.016877 255 0 0
0.197707 -0.022517 0.011612 255 0 0
-0.064502 -0.475825 -0.543911 255 0 0
0.125082 0.150717 0.503193 255 0 0
-0.218623 0.083358 -0.505155 255 0 0
-0.023668 -0.182713 0.280112 255 0 0
0.102982 0.316409 0.292811 255 0 0
0.123236 0.146064 -0.643087 255 0 0
-0.204949 0.106643 -0.172975 255 0 0
-0.038397 0.223717 0.595011 255 0 0
-0.072975 -0.486032 -0.544243 255 255 255
0.188339 0.003181 -0.568354 255 0 0
0.103476 -0.148064 -0.589123 255 0 0
0.097793 0.151749 -0.657931 255 0 0
0.111368 -0.496845 -0.386741 255 255 255
0.022631 -0.115142 0.428421 255 0 0
0.208571 -0.009686 -0.240348 255 0 0
-0.161096 0.217807 0.318064 255 0 0
0.087383 0.304181 -0.571966 255 0 0
0.056742 0.376014 0.139865 255 0 0
-0.013463 0.104485 0.835256 255 255 255
0.015142 0.069459 0.846276 255 0 0
0.006184 0.273609 -0.649890 255 0 0
0.128209 0.026200 0.497789 255 0 0
-0.057730 0.211941 -0.670126 255 0 0
-0.224658 0.060702 -0.345731 255 0 0
0.040845 0.375260 -0.416272 255 0 0
0.070040 -0.162942 0.816800 255 255 255
-0.111550 -0.123588 -0.591994 255 0 0
-0.211086 0.084692 -0.227429 255 0 0
0.191687 0.173967 -0.093015 255 0 0
0.084254 0.354683 -0.126701 255 0 0
-0.069080 -0.075649 -0.607915 255 0 0
-0.040765 0.398269 -0.329803 255 0 0
0.098698 0.280301 -0.590270 255 0 0
-0.033501 0.354575 -0.524447 255 0 0
-0.091661 0.317722 0.357111 255 0 0
0.031147 -0.487977 -0.438668 255 255 255
-0.050177 -0.146760 -0.403352 255 0 0
-0.203029 -0.069636 -0.180217 255 0 0
0.219323 0.004323 -0.318191 255 0 0
-0.125294 -0.266750 -0.438519 255 0 0
-0.123257 0.051106 0.557527 255 0 0
0.122032 -0.010245 0.569444 255 0 0
-0.130857 0.317161 -0.097581 255 0 0
-0.121716 -0.251396 -0.597190 255 0 0
0.062545 0.355545 0.062122 255 0 0
0.116179 -0.112072 -0.593229 255 0 0
-0.029848 0.307868 0.532461 255 0 0
0.106155 -0.185588 0.258840 255 0 0
0.225377 0.025561 -0.366180 255 0 0
0.131947 0.018440 -0.625499 255 0 0
-0.182836 -0.187077 -0.439254 255 0 0
-0.206291 0.097626 -0.182852 255 0 0
-0.170791 -0.079400 -0.560902 255 0 0
0.057905 0.022600 -0.649905 255 0 0
0.001038 -0.119819 0.564063 255 255 255
0.133189 -0.223184 -0.405821 255 0 0
0.048274 0.062439 -0.667077 255 0 0
0.154911 0.164203 0.385907 255 0 0
-0.174384 -0.150997 0.228161 255 0 0
-0.208656 -0.085195 0.213429 255 0 0
-0.071794 -0.154056 0.757689 255 255 255
0.195547 0.165320 0.145003 255 0 0
-0.145845 -0.502183 -0.411883 255 255 255
0.203221 -0.096585 0.224778 255 0 0
-0.014613 0.092732 0.821461 255 0 0
0.044473 -0.078766 -0.594999 255 0 0
0.060366 -0.216584 -0.568590 255 0 0
-0.200276 0.135224 -0.562382 255 0 0
-0.116410 -0.055360 0.557977 255 0 0
0.075756 0.003963 0.751888 255 0 0
-0.206003 0.027754 0.308070 255 0 0
-0.183024 0.185291 0.090521 255 0 0
-0.109041 -0.418157 0.145932 255 0 0
-0.181415 0.205838 0.141516 255 0 0
0.183871 0.062313 -0.592165 255 0 0
0.216511 0.110434 -0.468318 255 0 0
-0.061600 0.257011 -0.641395 255 0 0
0.021271 -0.080509 -0.580063 255 0 0
-0.015243 0.382577 0.256870 255 0 0
0.102465 -0.030477 0.704877 255 0 0
-0.213863 0.094835 -0.256353 255 0 0
-0.143434 0.288819 0.062529 255 0 0
-0.038937 0.302808 0.528483 255 0 0
-0.089947 -0.109411 0.757813 255 255 255
0.213023 -0.040224 0.129389 255 0 0
0.108814 -0.401331 0.077582 255 255 255
0.133451 0.231325 0.380383 255 0 0
-0.177294 0.219738 -0.001463 255 0 0
0.188525 0.205814 -0.120601 255 0 0
0.202119 -0.017938 -0.120731 255 0 0
-0.090079 -0.389876 -0.600232 255 0 0
-0.111960 -0.444332 -0.542266 255 0 0
0.092493 -0.205598 -0.599648 255 0 0
-0.126874 -0.244119 -0.590103 255 0 0
0.217934 0.100849 -0.458690 255 0 0
-0.197943 -0.030859 0.304179 255 0 0
0.190001 -0.095373 -0.298774 255 0 0
0.184515 0.187929 -0.001247 255 0 0
0.095328 -0.216748 -0.604004 255 0 0
-0.119567 -0.501075 -0.388620 255 255 255
-0.099150 0.343867 0.181327 255 0 0
0.156503 0.319377 -0.299075 255 0 0
0.127965 -0.063022 -0.603227 255 0 0
0.124686 0.174450 0.628484 255 255 255
-0.127123 0.317067 -0.471456 255 0 0
0.093615 0.332460 -0.037752 255 0 0
0.201080 0.138718 0.125607 255 0 0
-0.079322 -0.110161 0.405748 255 0 0
-0.064306 0.333806 -0.538693 255 0 0
-0.093375 0.106476 0.651024 255 0 0
-0.203517 0.079001 -0.133243 255 0 0
0.013256 0.073555 0.848020 255 0 0
0.147177 -0.249106 -0.440203 255 0 0
-0.048053 0.356449 0.449736 255 0 0
0.062166 -0.244309 -0.157810 255 0 0
0.228241 0.051736 0.203715 255 0 0
-0.086991 -0.056342 -0.617077 255 0 0
-0.161620 -0.048832 0.362329 255 0 0
-0.156018 0.255994 -0.541613 255 0 0
-0.185436 0.213607 0.229467 255 0 0
0.135939 0.070562 -0.634716 255 0 0
0.209610 -0.051119 0.122558 255 0 0
-0.151075 -0.244967 -0.530905 255 0 0
-0.199061 0.177340 -0.183234 255 0 0
-0.130752 -0.505893 0.193229 255 255 255
0.071206 -0.151181 0.741578 255 255 255
0.208148 0.101854 0.123723 255 0 0
0.015440 0.396884 -0.370126 255 0 0
-0.048269 -0.365408 -0.521295 255 0 0
0.195439 0.130667 0.066724 255 0 0
0.089665 -0.317270 -0.631105 255 0 0
0.166061 -0.204358 -0.500866 255 0 0
-0.082268 -0.107937 -0.597122 255 0 0
-0.212986 0.141821 -0.296107 255 0 0
0.196240 -0.030986 -0.007290 255 0 0
0.116760 0.187324 0.622904 255 255 255
0.153020 0.261488 -0.537999 255 0 0
-0.120547 -0.466168 -0.543005 255 255 255
-0.079273 -0.084133 0.439183 255 0 0
-0.134098 0.220694 0.399451 255 0 0
-0.018124 -0.101411 0.482733 255 0 0
-0.140641 -0.490504 0.186934 255 255 255
0.206125 0.142138 -0.215226 255 0 0
-0.209368 0.030388 0.103908 255 0 0
0.212115 -0.016239 -0.498728 255 0 0
0.181017 0.211269 0.264455 255 0 0
0.108211 0.133461 0.572595 255 0 0
0.157541 -0.146761 -0.275504 255 0 0
0.194962 -0.099791 0.115332 255 0 0
-0.128613 -0.391167 -0.513858 255 0 0
0.215991 0.110909 0.204232 255 0 0
0.218756 0.059894 -0.301065 255 0 0
0.119897 -0.384359 -0.490514 255 0 0
0.099913 0.339510 0.138356 255 0 0
0.086325 -0.228577 -0.021770 255 0 0
0.051459 0.017658 0.787758 255 0 0
0.091277 -0.442818 0.069256 255 255 255
-0.098427 0.342203 -0.432552 255 0 0
0.147681 0.321644 -0.333515 255 0 0
0.205407 0.040571 -0.155321 255 0 0
-0.005971 0.129716 0.828135 255 255 255
-0.167304 0.236689 0.124944 255 0 0
0.013074 -0.170398 0.348385 255 0 0
-0.133425 -0.305667 -0.507292 255 255 255
0.123244 0.038755 0.563538 255 0 0
0.097716 -0.052985 0.471287 255 0 0
-0.128661 0.243625 0.384486 255 0 0
-0.004407 0.156491 0.924939 255 255 255
-0.139882 -0.159801 0.267903 255 0 0
0.098024 0.083870 -0.658686 255 0 0
0.080627 -0.090823 0.427388 255 0 0
0.201083 -0.070760 -0.144752 255 0 0
-0.200605 0.097052 -0.100027 255 0 0
-0.031390 0.359363 -0.047704 255 0 0
-0.215623 -0.024298 0.139097 255 0 0
-0.117778 -0.181934 0.035853 255 0 0
0.218147 0.087369 -0.302912 255 0 0
-0.007146 0.412728 -0.324900 255 0 0
0.177500 0.148073 0.331355 255 0 0
0.159371 -0.225746 -0.434881 255 0 0
0.006169 -0.011547 -0.632209 255 0 0
0.114447 -0.512629 -0.497295 255 255 255
0.199337 0.064471 -0.032154 255 0 0
-0.138378 -0.313326 0.091964 255 0 0
0.176439 0.108960 0.358667 255 0 0
-0.011692 -0.212757 0.209553 255 0 0
-0.149084 -0.243075 0.112182 255 0 0
0.187976 -0.107551 0.102857 255 0 0
-0.146007 -0.200109 0.097665 255 0 0
0.196144 0.107892 0.002563 255 0 0
0.006193 -0.156645 0.666480 255 255 255
0.055413 0.366549 -0.135255 255 0 0
0.015097 0.370607 -0.110224 255 0 0
0.165293 -0.194408 -0.510029 255 0 0
-0.162008 0.305974 -0.316125 255 0 0
0.190858 -0.096615 -0.346657 255 0 0
0.216457 0.012060 -0.494209 255 0 0
-0.058515 0.374065 0.188409 255 0 0
0.165071 -0.087644 0.313886 255 0 0
-0.060322 0.302297 0.511861 255 0 0
0.188255 -0.110972 -0.514396 255 0 0
-0.161867 -0.137086 -0.548890 255 0 0
0.044646 -0.127731 0.590442 255 255 255
0.191729 -0.068014 -0.046262 255 0 0
0.046317 -0.138754 0.898932 255 255 255
-0.020856 -0.160943 0.685606 255 255 255
-0.158585 -0.034768 0.382196 255 0 0
0.181849 0.211551 0.260863 255 0 0
-0.016763 0.380985 -0.423124 255 0 0
-0.145816 -0.261057 -0.547847 255 0 0
0.167882 -0.504175 -0.470916 255 255 255
0.090875 -0.238355 -0.142123 255 0 0
-0.207955 0.143879 0.199491 255 0 0
-0.196494 -0.121523 -0.383329 255 0 0
0.179451 0.275088 -0.208503 255 0 0
0.147757 -0.139742 0.280583 255 0 0
-0.194191 -0.084589 -0.085687 255 0 0
-0.126287 0.020618 0.496375 255 0 0
0.151269 0.278177 -0.511433 255 0 0
-0.181446 -0.131737 0.236404 255 0 0
-0.109033 0.273341 -0.586804 255 0 0
0.141607 -0.243676 -0.427384 255 0 0
-0.063434 0.348562 -0.044812 255 0 0
-0.188006 0.182689 -0.044864 255 0 0
-0.212548 0.150286 -0.452889 255 0 0
-0.122716 0.331991 -0.385746 255 0 0
-0.018275 0.375826 0.446765 255 0 0
0.126100 0.271996 -0.566143 255 0 0
0.002307 -0.143088 0.909875 255 255 255
0.085704 -0.106485 0.774610 255 255 255
0.100509 -0.362301 -0.609472 255 0 0
-0.190592 -0.125962 -0.095341 255 0 0
-0.176746 -0.106660 -0.326613 255 0 0
0.136475 -0.501286 0.080445 255 255 255
0.195564 0.199084 -0.177623 255 0 0
-0.192957 -0.156229 -0.418268 255 0 0
0.052353 -0.278877 0.077403 255 0 0
0.095416 -0.038357 -0.622530 255 0 0
-0.205265 0.066415 -0.156656 255 0 0
-0.201198 0.049220 0.045585 255 0 0
-0.133787 0.235855 0.647010 255 255 255
-0.082166 0.218120 0.648251 255 255 255
0.032811 0.051077 -0.663183 255 0 0
-0.145150 0.108582 0.471189 255 0 0
-0.129212 0.310515 0.167473 255 0 0
-0.222349 -0.042472 0.214308 255 0 0
0.127977 0.240053 0.394806 255 0 0
-0.051381 -0.126689 0.898375 255 255 255
-0.007498 -0.081664 -0.854869 255 255 255
0.192729 0.160636 0.104860 255 0 0
-0.196677 -0.106777 0.135924 255 0 0
0.095809 0.368472 -0.285983 255 0 0
0.097590 0.311671 0.346619 255 0 0
-0.040798 0.015586 0.881895 255 0 0
-0.166318 -0.041003 0.360032 255 0 0
-0.184271 -0.142161 -0.230355 255 0 0
-0.226162 0.030420 -0.426266 255 0 0
-0.070454 0.375118 -0.354699 255 0 0
0.199790 0.068003 0.026755 255 0 0
0.042341 0.073032 0.719913 255 0 0
0.120813 -0.085461 -0.597942 255 0 0
-0.112221 0.290052 0.348546 255 0 0
0.184075 -0.107890 0.094625 255 0 0
0.149849 0.291591 -0.089571 255 0 0
0.207098 -0.088363 -0.380692 255 0 0
0.029462 -0.225260 -0.278089 255 0 0
0.136711 -0.010964 -0.615067 255 0 0
0.111859 -0.033188 -0.619653 255 0 0
-0.158815 -0.221918 0.151308 255 0 0
0.141140 0.192579 -0.612899 255 0 0
-0.095410 -0.084768 0.418050 255 0 0
0.200565 0.101729 0.296692 255 0 0
0.195726 0.028359 -0.564503 255 0 0
-0.069765 0.336953 0.393017 255 0 0
0.166267 -0.151597 -0.036389 255 0 0
-0.036234 -0.181975 0.273303 255 0 0
0.101623 0.177070 0.542145 255 0 0
0.034701 0.075445 0.723646 255 0 0
0.195769 0.126138 0.062993 255 0 0
-0.165266 -0.145757 0.094800 255 0 0
0.054090 -0.175631 0.291085 255 0 0
-0.204094 0.205052 -0.357031 255 0 0
0.004203 -0.130975 0.592186 255 255 255
0.036778 0.371856 -0.456050 255 0 0
0.152141 0.274970 0.082321 255 0 0
0.138781 0.289491 0.262576 255 0 0
0.053883 -0.091036 0.474665 255 0 0
0.084371 -0.491810 0.205495 255 255 255
-0.105059 -0.280007 0.208961 255 0 0
-0.042598 0.207991 -0.679175 255 0 0
0.051019 -0.464462 0.066459 255 255 255
-0.184812 0.192865 -0.014448 255 0 0
0.077648 -0.150759 -0.385279 255 0 0
-0.131636 -0.046788 0.408638 255 0 0
-0.188983 0.190733 -0.088645 255 0 0
0.180859 0.270737 -0.205606 255 0 0
-0.112183 0.356632 -0.313432 255 0 0
0.177905 0.212413 0.119028 255 0 0
0.144257 0.193021 0.391760 255 0 0
0.198307 -0.046057 0.072213 255 0 0
-0.137653 -0.126755 0.306821 255 0 0
-0.117600 -0.510127 -0.527564 255 255 255
-0.137204 0.178698 0.443130 255 0 0
-0.075519 0.216179 0.623320 255 255 255
-0.077685 0.201660 0.658617 255 255 255
0.149355 -0.204687 0.103793 255 0 0
0.013256 0.227564 0.955934 255 255 255
0.173652 0.297581 -0.253476 255 0 0
0.004772 0.073785 -0.671287 255 0 0
0.191308 0.046505 -0.579409 255 0 0
-0.098059 0.284334 -0.584375 255 0 0
-0.037179 -0.500433 0.165244 255 255 255
0.187815 -0.155577 -0.468674 255 0 0
-0.114529 -0.024652 0.474787 255 0 0
0.108187 -0.042877 0.671103 255 0 0
-0.144497 0.295965 -0.489578 255 0 0
0.194144 0.172969 -0.121459 255 0 0
-0.000201 0.109035 0.980652 255 255 255
-0.007256 0.387252 0.071674 255 0 0
0.216209 0.126948 -0.331891 255 0 0
0.056941 -0.037472 0.841331 255 0 0
0.097762 -0.331217 -0.624420 255 0 0
0.083902 -0.315732 0.043460 255 255 255
-0.082812 0.279120 0.498716 255 0 0
0.054771 -0.295656 0.179535 255 0 0
-0.130927 -0.110787 0.341939 255 0 0
-0.060037 -0.166892 0.314575 255 0 0
-0.092988 -0.176626 -0.406291 255 0 0
0.170298 -0.105423 -0.547996 255 0 0
-0.204344 -0.037602 -0.176925 255 0 0
-0.211249 0.067059 -0.565493 255 0 0
0.128189 0.336921 -0.176467 255 0 0
-0.132050 -0.199625 -0.575398 255 0 0
-0.048654 -0.250088 -0.012119 255 0 0
0.106468 0.209180 0.691137 255 255 255
0.109302 -0.016559 0.661433 255 0 0
-0.170256 -0.060187 -0.569866 255 0 0
0.211038 -0.014511 -0.275642 255 0 0
-0.080034 -0.423773 0.157715 255 0 0
0.016627 0.087939 0.823581 255 255 255
0.189299 -0.094427 0.090287 255 0 0
-0.117431 0.127995 0.544290 255 0 0
0.199950 0.029586 -0.033924 255 0 0
-0.151322 -0.199535 -0.105633 255 0 0
-0.067948 -0.150422 0.718987 255 255 255
-0.123912 0.343691 -0.329322 255 0 0
-0.106539 0.270456 0.440493 255 0 0
0.195074 -0.041566 0.003536 255 0 0
0.135700 0.340341 -0.266764 255 0 0
-0.210276 0.083311 -0.220239 255 0 0
-0.132493 -0.482646 0.192114 255 255 255
-0.071119 -0.105640 0.417245 255 0 0
0.150130 -0.138869 -0.562013 255 0 0
0.131471 0.241688 0.371931 255 0 0
0.148858 0.242755 -0.567560 255 0 0
-0.174338 -0.113301 -0.542386 255 0 0
0.219100 0.105503 -0.361894 255 0 0
-0.187791 -0.076829 -0.002371 255 0 0
-0.202815 0.212215 -0.333052 255 0 0
-0.164617 -0.112479 -0.554723 255 0 0
-0.060013 -0.125104 0.591310 255 255 255
0.125119 -0.165214 -0.579161 255 0 0
0.115005 -0.432069 -0.443653 255 255 255
-0.154952 -0.249088 -0.478766 255 0 0
-0.125947 -0.182715 0.003907 255 0 0
-0.119939 -0.485444 -0.546523 255 255 255
-0.147522 -0.490780 0.158678 255 255 255
0.048296 -0.367719 -0.577517 255 0 0
-0.077293 0.189976 -0.661814 255 0 0
0.145667 0.111543 0.469335 255 0 0
0.172781 -0.168051 -0.089966 255 0 0
-0.211765 0.086661 0.276710 255 0 0
0.144401 -0.215956 -0.555342 255 0 0
-0.093125 0.143669 0.611736 255 0 0
0.094212 0.362049 -0.196953 255 0 0
-0.077537 -0.245788 -0.066775 255 0 0
0.014579 0.166256 0.658489 255 0 0
-0.143934 0.216999 0.634716 255 255 255
-0.118902 -0.512545 -0.492726 255 255 255
-0.131773 -0.507732 -0.516065 255 255 255
-0.065393 -0.241050 -0.175337 255 0 0
-0.088589 -0.412092 0.155341 255 0 0
0.154185 -0.192377 -0.181624 255 0 0
0.038838 -0.149789 0.382294 255 0 0
0.198318 -0.016039 0.003933 255 0 0
0.202989 -0.076152 -0.207375 255 0 0
-0.220658 0.071755 -0.306340 255 0 0
-0.097442 -0.459915 -0.404137 255 255 255
0.063314 0.342279 0.335256 255 0 0
-0.158172 0.263535 0.025595 255 0 0
0.190948 0.233418 -0.469646 255 0 0
-0.107843 -0.216902 -0.599986 255 0 0
-0.201544 0.042350 -0.083401 255 0 0
-0.016483 0.065387 0.846142 255 0 0
-0.193732 -0.146045 -0.164436 255 0 0
-0.054978 0.043890 0.754328 255 0 0
0.177411 -0.186983 -0.476884 255 0 0
-0.178505 -0.182827 -0.409473 255 0 0
0.190947 -0.107442 -0.083411 255 0 0
-0.142352 -0.035455 -0.603920 255 0 0
-0.005439 0.116189 0.846485 255 255 255
-0.057301 0.256392 0.550448 255 0 0
-0.157672 -0.165208 -0.378006 255 0 0
-0.049131 -0.100751 0.778993 255 255 255
-0.104855 -0.505975 -0.395571 255 255 255
0.005845 0.327186 0.531117 255 0 0
0.176972 0.045640 -0.596995 255 0 0
-0.164817 0.250704 0.157248 255 0 0
-0.075541 -0.181574 0.264304 255 0 0
-0.088568 0.337372 0.261348 255 0 0
0.024501 -0.002677 -0.638621 255 0 0
-0.009347 -0.243099 -0.220460 255 0 0
0.115155 0.283891 0.373876 255 0 0
0.159446 0.228271 -0.565851 255 0 0
0.132896 0.321908 -0.390491 255 0 0
-0.188071 -0.173824 -0.435656 255 0 0
-0.197243 0.144242 -0.105847 255 0 0
0.196438 -0.036745 0.034686 255 0 0
-0.105945 0.118409 0.600307 255 0 0
0.195625 -0.123913 -0.129126 255 0 0
-0.198584 0.013508 -0.561656 255 0 0
-0.159692 0.248819 0.280151 255 0 0
0.024049 -0.173572 -0.347613 255 0 0
0.143327 -0.304366 0.099918 255 0 0
-0.193437 0.177050 -0.532545 255 0 0
-0.137473 -0.302139 -0.528246 255 255 255
0.105967 -0.093480 0.618119 255 255 255
0.195095 -0.139250 -0.407481 255 0 0
0.111158 -0.214253 -0.593145 255 255 255
-0.088933 -0.335740 -0.483519 255 0 0
0.221658 0.033139 -0.321694 255 0 0
-0.035074 -0.239193 -0.227238 255 0 0
-0.191967 0.147386 0.040233 255 0 0
0.166269 0.244367 0.019213 255 0 0
-0.097690 -0.050637 0.726351 255 255 255
-0.156186 0.029267 -0.614864 255 0 0
0.108751 0.294370 -0.560398 255 0 0
0.015097 0.370607 -0.110224 255 0 0
-0.225406 -0.015191 -0.425857 255 0 0
0.168543 -0.124649 -0.543359 255 0 0
-0.199551 0.131324 -0.121173 255 0 0
0.070911 -0.158176 0.800183 255 255 255
-0.026635 -0.185687 0.852128 255 255 255
-0.184948 0.189330 -0.001350 255 0 0
-0.093474 -0.338250 0.046700 255 0 0
-0.004577 -0.011495 -0.816392 255 255 255
0.174687 0.076947 0.381587 255 0 0
0.195464 -0.122879 -0.474701 255 0 0
-0.108871 -0.081469 0.564093 255 0 0
-0.140649 -0.140086 -0.570409 255 0 0
-0.041861 -0.369723 0.106147 255 0 0
-0.125335 -0.408116 -0.502138 255 0 0
-0.076772 0.340096 -0.024179 255 0 0
-0.096314 -0.336986 0.169733 255 0 0
0.061526 0.005837 0.771858 255 0 0
0.207223 -0.021099 -0.515667 255 0 0
0.190443 -0.070320 0.055658 255 0 0
-0.052233 -0.004749 0.825309 255 0 0
0.099316 0.127064 0.615275 255 255 255
0.002608 -0.109321 0.447852 255 0 0
0.123976 -0.257007 -0.594738 255 0 0
0.119592 -0.507220 0.136934 255 255 255
-0.133652 -0.074690 -0.597026 255 0 0
-0.220739 0.098058 -0.406940 255 0 0
-0.071924 -0.152970 0.352680 255 0 0
0.145554 0.123736 0.461117 255 0 0
0.196340 0.160264 0.135430 255 0 0
0.170477 0.242105 -0.018372 255 0 0
0.210980 0.161666 -0.321629 255 0 0
0.074112 -0.153397 -0.403464 255 0 0
0.083768 0.356779 0.172139 255 0 0
0.092997 -0.258725 0.059907 255 0 0
0.001123 0.050498 -0.662338 255 0 0
-0.176924 -0.165571 0.147391 255 0 0
0.077222 0.332304 0.323288 255 0 0
0.041554 -0.008081 0.878371 255 0 0
0.125680 0.331815 -0.146248 255 0 0
0.080016 0.329495 0.325817 255 0 0
-0.188624 0.196344 -0.097604 255 0 0
-0.153344 -0.147176 0.268576 255 0 0
-0.200833 0.207073 -0.427184 255 0 0
0.214435 0.093047 0.150266 255 0 0
0.058697 0.181709 -0.678207 255 0 0
-0.188696 0.238449 -0.198440 255 0 0
-0.025809 0.335700 -0.569133 255 0 0
-0.159612 0.285555 -0.106244 255 0 0
-0.177726 0.227938 0.247780 255 0 0
-0.051890 0.348296 -0.519040 255 0 0
-0.050417 0.020264 -0.650216 255 0 0
0.213141 0.143887 -0.449224 255 0 0
-0.042651 -0.440993 0.108832 255 0 0
-0.046570 -0.179273 0.277844 255 0 0
0.159142 -0.222639 0.153500 255 0 0
0.004832 0.110255 -0.740650 255 255 255
-0.206443 0.146945 -0.221583 255 0 0
-0.152668 -0.211253 -0.405523 255 0 0
0.164730 -0.199608 0.168306 255 0 0
-0.087843 -0.127361 0.376509 255 0 0
0.138696 0.047918 -0.629875 255 0 0
0.089752 -0.063924 -0.614372 255 0 0
-0.081719 -0.070054 0.793385 255 255 255
0.061934 0.207327 0.611737 255 255 255
-0.142539 0.281866 0.270117 255 0 0
-0.163349 -0.166081 0.105566 255 0 0
0.012462 -0.073825 0.917609 255 0 0
0.217393 0.068643 -0.290369 255 0 0
0.132195 0.245993 0.678536 255 255 255
-0.168734 0.194730 -0.576147 255 0 0
-0.210389 -0.037187 0.125078 255 0 0
0.072811 -0.151726 0.760988 255 255 255
-0.198964 0.145375 0.131972 255 0 0
-0.203004 -0.078755 -0.190466 255 0 0
-0.015397 0.206816 0.950841 255 255 255
0.201623 0.130669 -0.156698 255 0 0
0.108945 -0.387080 -0.583502 255 0 0
-0.134796 -0.306514 -0.553535 255 0 0
-0.043006 -0.176848 0.292138 255 0 0
0.113064 0.325752 -0.476178 255 0 0
0.075237 -0.323819 0.041344 255 255 255
-0.195707 -0.079108 0.272234 255 0 0
0.138893 0.250525 0.675369 255 255 255
-0.227938 0.038697 0.237472 255 0 0
0.078644 -0.165696 0.298453 255 0 0
-0.023223 0.113237 0.925148 255 255 255
-0.085054 0.337968 0.026993 255 0 0
-0.195030 0.145366 -0.067026 255 0 0
-0.147139 -0.200156 0.099450 255 0 0
-0.059556 -0.043546 0.849017 255 0 0
0.178731 0.192516 0.292878 255 0 0
-0.215488 -0.099492 -0.417343 255 0 0
0.069525 0.376840 -0.346393 255 0 0
0.190409 -0.090918 -0.305247 255 0 0
-0.038257 0.385982 0.200672 255 0 0
-0.085823 -0.475181 -0.550455 255 255 255
-0.122529 -0.297879 0.181725 255 0 0
0.119653 0.019710 0.595919 255 0 0
-0.117797 -0.424171 -0.457443 255 255 255
0.126563 0.307243 0.108681 255 0 0
-0.223364 0.050381 -0.441523 255 0 0
0.204811 0.025201 -0.148444 255 0 0
-0.108578 0.360354 -0.260779 255 0 0
-0.153690 0.315853 -0.329079 255 0 0
-0.087124 -0.513190 -0.446329 255 255 255
0.198664 -0.114521 0.149441 255 0 0
-0.005997 0.373134 0.303715 255 0 0
0.160934 -0.131896 0.014379 255 0 0
0.058733 -0.080129 0.888372 255 0 0
0.116422 -0.180984 0.263272 255 0 0
0.172936 0.260080 -0.111793 255 0 0
0.220620 0.077647 -0.451862 255 0 0
0.151542 0.082648 -0.625911 255 0 0
0.200344 0.065931 -0.066480 255 0 0
-0.035218 0.025824 0.875467 255 0 0
0.135200 0.300064 0.250163 255 0 0
-0.095533 -0.039197 0.514650 255 0 0
-0.197007 0.088823 0.312073 255 0 0
-0.065594 0.387535 -0.311114 255 0 0
0.204126 0.090509 0.095168 255 0 0
-0.198212 0.121374 -0.079755 255 0 0
-0.168035 -0.163750 -0.061810 255 0 0
-0.133514 -0.303669 -0.504061 255 255 255
-0.086558 0.354006 -0.402489 255 0 0
-0.134187 -0.193974 -0.037131 255 0 0
0.083748 -0.116312 -0.594224 255 0 0
0.067098 -0.143192 0.375363 255 0 0
0.149102 0.041344 0.453907 255 0 0
-0.043364 0.358876 0.030995 255 0 0
0.118867 0.004001 0.507778 255 0 0
0.036548 -0.468673 -0.520143 255 255 255
0.199820 0.066830 -0.050861 255 0 0
0.087413 -0.364890 0.161202 255 0 0
0.200481 -0.087255 -0.231543 255 0 0
0.067570 0.031711 0.750369 255 0 0
-0.113930 -0.064713 0.640685 255 0 0
-0.085350 0.291827 0.479237 255 0 0
0.122634 0.310949 0.083433 255 0 0
0.174177 -0.190403 -0.486607 255 0 0
-0.220620 0.081933 -0.462873 255 0 0
0.193670 0.141728 0.083395 255 0 0
-0.097021 -0.109424 0.691289 255 255 255
-0.215703 0.102959 -0.540640 255 0 0
0.085936 -0.511681 -0.515833 255 255 255
0.029922 0.030977 -0.654192 255 0 0
0.018181 0.098590 0.702522 255 0 0
0.097504 -0.288137 -0.454355 255 0 0
-0.119411 0.314886 0.256293 255 0 0
-0.067718 -0.440088 -0.446978 255 255 255
0.105103 0.155879 0.552345 255 0 0
0.218412 0.050120 -0.295506 255 0 0
-0.001083 0.101598 0.980317 255 255 255
0.185200 -0.062276 0.304073 255 0 0
-0.158303 0.263797 -0.004483 255 0 0
0.216827 -0.016298 0.137241 255 0 0
-0.151325 -0.249683 -0.454608 255 0 0
-0.116167 -0.052977 0.624936 255 0 0
0.206041 -0.032721 -0.210705 255 0 0
0.005334 -0.138734 0.911239 255 255 255
0.153584 -0.226387 0.190883 255 0 0
0.185562 -0.088543 -0.027018 255 0 0
-0.004633 -0.183828 0.277784 255 0 0
-0.193848 0.187994 0.219019 255 0 0
0.084504 0.154936 0.649001 255 255 255
0.121408 -0.485343 0.061739 255 255 255
-0.063320 0.326462 0.470803 255 0 0
0.029761 -0.259179 -0.038593 255 0 0
0.204939 0.198274 -0.289616 255 0 0
-0.090659 -0.088891 0.763866 255 255 255
0.158300 -0.125308 0.282778 255 0 0
0.093474 0.329740 0.272243 255 0 0
0.189131 0.160253 0.076785 255 0 0
0.145185 0.313410 -0.382913 255 0 0
-0.041018 0.377946 0.232888 255 0 0
0.198776 -0.069475 -0.117226 255 0 0
-0.208983 -0.081023 0.222992 255 0 0
-0.023618 0.406534 -0.331180 255 0 0
-0.140335 -0.257076 -0.566216 255 0 0
0.116335 -0.368414 -0.490559 255 0 0
0.183034 0.224448 -0.106259 255 0 0
0.008770 0.346382 -0.556291 255 0 0
0.193020 0.247628 -0.314368 255 0 0
-0.218545 -0.032720 0.256873 255 0 0
-0.100702 -0.032459 0.499975 255 0 0
-0.133270 -0.075943 0.378338 255 0 0
0.123282 0.016468 0.561841 255 0 0
-0.056780 -0.314927 0.171075 255 0 0
-0.201393 0.090733 0.067786 255 0 0
-0.200287 -0.036904 -0.108829 255 0 0
0.135833 0.134703 0.481435 255 0 0
0.067323 -0.130837 0.801484 255 255 255
0.207334 0.136884 0.172766 255 0 0
-0.146562 -0.502112 0.162149 255 255 255
-0.103130 -0.142932 0.329004 255 0 0
-0.197512 0.163604 -0.143276 255 0 0
-0.006918 0.133934 -0.735634 255 255 255
0.182757 0.224307 -0.519741 255 0 0
-0.219149 0.034396 -0.511113 255 0 0
0.177529 -0.050835 -0.562883 255 0 0
-0.055665 0.019878 0.776219 255 0 0
-0.085435 -0.513508 -0.454283 255 255 255
-0.168035 0.165582 0.349642 255 0 0
0.062524 -0.069322 -0.609544 255 0 0
-0.182716 0.185538 0.072875 255 0 0
0.113743 -0.066769 0.611298 255 0 0
-0.118567 -0.423454 -0.538266 255 0 0
-0.009032 0.277149 -0.646289 255 0 0
-0.229620 0.030437 0.236357 255 0 0
0.040008 -0.168866 0.736016 255 255 255
0.133930 0.242476 0.651326 255 255 255
0.171288 0.268258 -0.472912 255 0 0
-0.200098 0.045514 0.027095 255 0 0
0.216613 0.117945 -0.439624 255 0 0
0.086694 -0.367035 -0.478634 255 0 0
-0.204950 0.201422 -0.305985 255 0 0
0.113919 0.290544 0.360502 255 0 0
0.203726 0.196440 -0.429842 255 0 0
0.195283 -0.058006 -0.067652 255 0 0
-0.026176 0.101608 0.942866 255 255 255
-0.221413 0.087329 -0.434546 255 0 0
0.186013 -0.126938 0.116616 255 0 0
-0.120933 -0.509595 0.161955 255 255 255
-0.043650 0.070194 0.724793 255 0 0
-0.077596 0.351156 -0.094954 255 0 0
0.194153 0.055148 0.326045 255 0 0
0.117869 -0.006390 0.531431 255 0 0
0.127720 -0.364480 -0.544510 255 0 0
-0.172465 -0.171639 -0.103609 255 0 0
0.104530 -0.334506 -0.616595 255 0 0
-0.064903 -0.159801 0.758655 255 255 255
0.214827 0.126177 -0.464819 255 0 0
-0.102635 -0.189251 -0.268973 255 0 0
-0.057681 -0.491181 -0.535706 255 255 255
-0.122289 0.027702 0.532240 255 0 0
-0.112940 0.235022 0.678496 255 255 255
-0.107927 -0.366132 -0.483074 255 0 0
-0.199028 0.122542 -0.098754 255 0 0
-0.039273 -0.500567 -0.417898 255 255 255
0.118551 0.105332 0.554813 255 0 0
0.144269 0.114145 -0.632994 255 0 0
-0.154703 -0.239879 0.172629 255 0 0
0.157336 -0.215124 -0.411901 255 0 0
-0.153345 0.267125 0.674948 255 255 255
-0.005282 -0.192492 0.248548 255 0 0
0.211791 -0.013550 -0.279983 255 0 0
-0.078730 0.361015 -0.146364 255 0 0
0.201223 0.034554 -0.076132 255 0 0
-0.098716 -0.133920 0.354800 255 0 0
0.209467 -0.083089 -0.460571 255 0 0
-0.127065 0.255766 0.369567 255 0 0
0.066526 0.351578 0.268060 255 0 0
-0.144969 0.183879 -0.613053 255 0 0
0.221417 0.025610 -0.323251 255 0 0
-0.150548 -0.053673 -0.591226 255 0 0
-0.125864 0.238788 0.648093 255 255 255
-0.095669 -0.316549 -0.479210 255 0 0
-0.170932 -0.181403 0.146339 255 0 0
0.195477 0.225367 -0.221495 255 0 0
-0.156281 0.305406 -0.354960 255 0 0
-0.045189 0.023891 0.816746 255 0 0
0.185664 0.093327 0.339491 255 0 0
0.134228 -0.100113 0.348510 255 0 0
-0.163299 -0.042800 0.364620 255 0 0
-0.081271 0.230164 -0.644733 255 0 0
0.117176 0.261445 0.415284 255 0 0
-0.129801 -0.317125 -0.514065 255 255 255
-0.003458 0.217362 0.976085 255 255 255
-0.103379 0.176928 -0.647892 255 0 0
0.142779 -0.198243 -0.189227 255 0 0
0.098807 0.325969 -0.510502 255 0 0
-0.154563 0.268825 0.122804 255 0 0
0.167334 0.236828 0.098450 255 0 0
0.158741 0.262073 0.082228 255 0 0
0.002705 0.237573 -0.680789 255 0 0
-0.127629 -0.038884 0.428068 255 0 0
-0.178149 0.063220 0.376994 255 0 0
0.093277 -0.055426 -0.617278 255 0 0
-0.037941 -0.460102 -0.497482 255 0 0
-0.075723 -0.512494 -0.469398 255 255 255
-0.124930 0.104733 0.533348 255 0 0
-0.148967 -0.457416 -0.461090 255 255 255
-0.199778 -0.110758 -0.154467 255 0 0
-0.005185 -0.241143 -0.234698 255 0 0
-0.048863 0.103243 -0.678884 255 0 0
0.121233 0.263841 0.388097 255 0 0
-0.200784 -0.108236 -0.198170 255 0 0
0.186296 0.175715 0.039495 255 0 0
-0.207290 -0.022422 -0.238154 255 0 0
-0.117577 0.112711 -0.649834 255 0 0
0.061255 -0.138735 0.842840 255 0 0
-0.231066 0.036694 0.201430 255 0 0
0.200249 0.113885 -0.120425 255 0 0
0.052668 -0.237459 -0.544540 255 0 0
0.060989 -0.355761 -0.621181 255 0 0
-0.188732 0.186127 0.147406 255 0 0
0.225393 -0.009553 -0.388305 255 0 0
-0.216576 0.118384 -0.301863 255 0 0
-0.169664 0.287150 -0.377443 255 0 0
0.141869 0.035779 0.468909 255 0 0
-0.017573 -0.049686 -0.607587 255 0 0
0.085766 0.366523 -0.198637 255 0 0
-0.194114 0.238943 -0.276579 255 0 0
-0.120713 0.322171 -0.063939 255 0 0
-0.189310 0.164087 0.016535 255 0 0
0.130693 0.302475 0.049763 255 0 0
-0.177600 0.210659 -0.545311 255 0 0
0.184122 -0.152407 0.170286 255 0 0
-0.107182 -0.194920 -0.253191 255 0 0
-0.211328 0.040747 -0.233021 255 0 0
-0.107421 -0.022808 0.496405 255 0 0
-0.204978 0.019379 0.085980 255 0 0
0.172995 -0.148945 -0.240415 255 0 0
-0.157880 -0.220780 0.131652 255 0 0
-0.182039 0.266757 -0.333955 255 0 0
0.151236 -0.140063 0.051451 255 0 0
0.055101 0.359727 0.265595 255 0 0
0.169152 0.057580 0.405344 255 0 0
0.188597 0.261751 -0.300815 255 0 0
-0.004068 -0.215105 0.209389 255 0 0
0.091627 0.246643 0.505788 255 0 0
-0.186525 0.205497 0.173674 255 0 0
0.201587 0.084735 -0.108288 255 0 0
-0.095383 -0.510135 0.190270 255 255 255
0.122209 -0.203164 -0.583776 255 255 255
0.168217 -0.176136 0.123328 255 0 0
-0.218465 -0.036732 0.157396 255 0 0
0.095704 0.202956 0.671072 255 255 255
-0.111018 0.326616 -0.062171 255 0 0
0.177129 0.210005 0.063986 255 0 0
-0.112713 0.168927 0.524472 255 0 0
0.009208 0.065019 0.889652 255 0 0
0.089935 -0.279277 -0.449528 255 255 255
-0.031346 -0.475463 -0.466548 255 255 255
0.122343 0.005800 0.572742 255 0 0
0.136793 -0.189323 -0.567222 255 0 0
-0.099604 -0.037639 0.524180 255 0 0
0.167293 -0.211024 -0.472734 255 0 0
-0.109337 -0.341285 -0.490849 255 255 255
-0.219480 0.054670 -0.495519 255 0 0
0.080541 0.275272 0.504775 255 0 0
-0.008833 0.387161 -0.171099 255 0 0
-0.204017 -0.008541 -0.149058 255 0 0
-0.173646 -0.112574 0.273799 255 0 0
0.219156 0.067284 0.152595 255 0 0
0.163996 -0.132492 0.001433 255 0 0
0.081466 -0.312504 -0.631640 255 0 0
0.098252 0.173648 0.554285 255 0 0
-0.053895 0.370150 0.234516 255 0 0
-0.202246 0.136649 -0.165984 255 0 0
0.016598 -0.166140 0.708691 255 255 255
-0.174948 0.251849 -0.128136 255 0 0
-0.005042 0.009420 -0.800061 255 255 255
0.115134 -0.056380 0.605571 255 0 0
-0.199551 0.031433 0.018896 255 0 0
0.206304 0.184466 -0.277324 255 0 0
0.187805 -0.079100 0.053477 255 0 0
-0.207800 0.073332 0.108323 255 0 0
0.052047 0.245029 -0.658516 255 0 0
-0.102408 -0.255792 0.222595 255 0 0
0.029468 0.303105 -0.613874 255 0 0
-0.224569 0.068891 0.212432 255 0 0
-0.036429 -0.186637 0.252312 255 0 0
0.163982 0.055768 0.422778 255 0 0
-0.115864 -0.490512 -0.388568 255 255 255
-0.129663 -0.508843 -0.515303 255 255 255
-0.073684 -0.145684 0.364923 255 0 0
-0.131359 0.253446 0.679200 255 255 255
-0.125275 0.038684 0.519335 255 0 0
-0.038548 -0.179652 0.282399 255 0 0
0.044891 0.366435 -0.117324 255 0 0
0.013636 0.071638 0.783735 255 0 0
0.032350 -0.215066 0.183143 255 0 0
0.128521 0.194203 0.627185 255 255 255
0.150991 0.224061 -0.581477 255 0 0
0.210682 0.161160 -0.297923 255 0 0
-0.038552 0.363497 0.039240 255 0 0
0.188080 0.190489 -0.084600 255 0 0
0.090063 -0.249206 -0.614565 255 0 0
-0.064910 -0.379407 0.065721 255 0 0
-0.199305 0.100012 -0.074357 255 0 0
-0.000730 0.132273 0.820976 255 255 255
-0.108102 0.218096 0.692868 255 255 255
0.110607 -0.078965 0.623775 255 255 255
0.170146 -0.185260 0.143749 255 0 0
-0.053036 0.354159 0.426652 255 0 0
-0.098787 -0.327376 -0.625045 255 0 0
0.114530 -0.421477 -0.544932 255 0 0
0.122129 0.210498 0.461284 255 0 0
-0.216109 0.039729 0.283361 255 0 0
0.188532 0.163560 0.287302 255 0 0
-0.075802 0.301384 -0.584405 255 0 0
-0.011802 0.227858 0.963068 255 255 255
-0.067655 -0.250829 -0.099934 255 0 0
-0.140622 0.334072 -0.244808 255 0 0
0.174311 0.120695 -0.604348 255 0 0
0.135236 -0.078663 -0.593446 255 0 0
-0.069708 -0.047773 0.829068 255 0 0
0.141987 -0.288130 0.095590 255 0 0
0.153296 0.186121 0.364510 255 0 0
-0.078438 0.198919 0.601554 255 0 0
-0.051606 0.365475 -0.125832 255 0 0
0.076952 -0.169437 0.286795 255 0 0
-0.032787 0.100396 -0.681005 255 0 0
0.010100 0.377492 0.045132 255 0 0
-0.092291 -0.222554 0.231762 255 0 0
-0.048612 -0.507192 -0.453452 255 255 255
-0.169374 0.285021 -0.395206 255 0 0
-0.141460 -0.272890 -0.469913 255 0 0
-0.125142 -0.425998 -0.520985 255 0 0
0.197690 0.164615 -0.152750 255 0 0
0.146336 -0.502636 -0.428698 255 255 255
0.028972 -0.488174 -0.453786 255 255 255
0.194718 0.240807 -0.289925 255 0 0
0.082735 -0.365815 -0.621845 255 0 0
0.215736 -0.070009 0.192741 255 0 0
-0.102689 -0.319540 -0.623501 255 0 0
-0.010550 0.149362 -0.715549 255 255 255
0.028689 -0.206821 -0.309726 255 0 0
0.215378 0.114777 -0.289858 255 0 0
-0.199230 0.017179 -0.041919 255 0 0
0.163243 0.255001 0.011818 255 0 0
-0.203644 0.004566 -0.136152 255 0 0
0.117862 0.132001 0.536236 255 0 0
-0.220094 -0.080336 -0.421862 255 0 0
0.103672 -0.483107 -0.551855 255 255 255
-0.143583 -0.000097 -0.614445 255 0 0
-0.226169 0.030424 -0.351789 255 0 0
-0.030768 -0.134790 0.402212 255 0 0
0.004499 0.380923 -0.146447 255 0 0
-0.058803 0.337362 -0.536641 255 0 0
-0.166895 0.211376 0.310986 255 0 0
-0.098094 -0.343131 0.166515 255 0 0
-0.222909 0.050310 -0.453151 255 0 0
-0.182294 0.139788 -0.588920 255 0 0
-0.131020 0.146769 -0.636718 255 0 0
0.107479 -0.040253 0.674890 255 0 0
-0.063806 -0.465050 0.174521 255 255 255
0.000013 0.300145 0.949997 255 255 255
0.180460 -0.126967 -0.521096 255 0 0
-0.147274 0.244032 0.657365 255 255 255
0.211246 -0.036978 -0.490657 255 0 0
0.022946 -0.099324 0.914179 255 255 255
0.037394 -0.200773 0.222847 255 0 0
-0.006607 -0.013257 -0.631460 255 0 0
0.085286 -0.020905 0.737375 255 0 0
-0.121402 -0.328224 -0.503777 255 255 255
-0.216295 -0.037387 -0.347904 255 0 0
0.122592 -0.172325 0.268920 255 0 0
0.108977 0.238688 -0.616515 255 0 0
-0.140474 0.321515 -0.150228 255 0 0
-0.209974 0.172000 -0.364115 255 0 0
0.193509 -0.123035 0.209663 255 0 0
-0.089268 -0.510137 0.170984 255 255 255
0.047688 0.028008 0.786468 255 0 0
0.199759 -0.113414 -0.466710 255 0 0
-0.002472 0.154985 -0.729897 255 255 255
-0.111733 -0.054464 0.435621 255 0 0
-0.115543 -0.045814 0.440146 255 0 0
0.204728 0.037521 -0.145672 255 0 0
-0.043490 0.018616 0.844237 255 0 0
0.141237 0.031777 0.468986 255 0 0
-0.147954 -0.145706 0.052737 255 0 0
0.221508 0.015806 -0.328409 255 0 0
0.174747 0.231907 -0.038807 255 0 0
-0.145668 -0.126547 0.296915 255 0 0
-0.197614 0.098366 0.037142 255 0 0
0.173319 0.182685 -0.576537 255 0 0
-0.077822 -0.432478 -0.447711 255 255 255
0.167610 0.289764 -0.161621 255 0 0
0.084761 -0.120696 0.607350 255 255 255
0.208226 0.029120 0.298879 255 0 0
-0.178004 0.179209 0.311803 255 0 0
-0.085088 0.320251 0.396211 255 0 0
-0.026587 0.079762 0.952314 255 255 255
0.124851 -0.221893 0.234862 255 0 0
-0.099805 -0.101542 0.695915 255 255 255
0.109228 -0.123170 0.356089 255 0 0
0.066405 -0.036348 0.807849 255 0 0
-0.031566 0.315267 -0.595472 255 0 0
-0.143627 -0.084310 0.355687 255 0 0
-0.197161 -0.103654 -0.243974 255 0 0
0.202361 0.161202 0.224914 255 0 0
-0.166371 0.239309 -0.539391 255 0 0
-0.120787 0.325665 -0.083689 255 0 0
0.045648 -0.505578 0.159147 255 255 255
-0.041301 -0.094363 0.507139 255 0 0
0.146373 0.281434 -0.516679 255 0 0
0.172826 0.236836 -0.530695 255 0 0
0.152313 -0.286360 0.126478 255 0 0
-0.037177 -0.239559 0.086072 255 0 0
-0.004986 -0.138813 -0.425036 255 0 0
-0.125812 -0.439481 -0.523180 255 0 0
-0.138887 0.277079 0.291333 255 0 0
-0.188289 -0.115211 -0.513892 255 0 0
0.012302 0.021504 0.956237 255 255 255
-0.161024 -0.184040 0.214894 255 0 0
0.230414 0.024709 0.214618 255 0 0
0.204399 0.008736 -0.536951 255 0 0
0.109245 0.101221 0.599154 255 0 0
0.127161 0.050374 0.523572 255 0 0
0.122903 -0.294058 0.190053 255 0 0
-0.061589 -0.073509 -0.606227 255 0 0
0.213614 0.113786 -0.271680 255 0 0
0.098748 0.308751 0.361501 255 0 0
-0.122390 -0.273222 -0.599820 255 0 0
0.111121 -0.350836 -0.598806 255 0 0
0.077526 -0.170781 -0.320980 255 0 0
0.093429 0.114326 0.649190 255 0 0
0.200201 0.068240 -0.064365 255 0 0
0.122334 -0.014322 0.561646 255 0 0
-0.099205 0.192820 0.678580 255 255 255
0.145535 0.227610 -0.586400 255 0 0
-0.122857 -0.120342 0.339812 255 0 0
0.187495 0.034050 0.350309 255 0 0
0.093377 0.332146 0.264241 255 0 0
0.109691 -0.154262 0.295187 255 0 0
0.035341 0.364733 0.296416 255 0 0
-0.141597 0.331838 -0.314737 255 0 0
0.068971 -0.511891 0.094856 255 255 255
0.155129 0.311796 -0.181615 255 0 0
-0.125651 0.329666 -0.384810 255 0 0
0.078081 -0.421622 0.156831 255 0 0
-0.179566 -0.004356 -0.581562 255 0 0
0.126049 0.168637 0.622411 255 255 255
0.051321 0.223709 0.585584 255 0 0
-0.043219 -0.335714 -0.552235 255 0 0
-0.129716 -0.446319 -0.518917 255 0 0
-0.074736 -0.511712 0.125359 255 255 255
0.198810 -0.077167 0.104454 255 0 0
-0.042670 -0.150431 0.664498 255 255 255
-0.213912 0.142345 -0.436661 255 0 0
-0.193550 -0.070291 -0.065358 255 0 0
-0.145622 -0.162127 -0.263309 255 0 0
-0.072037 -0.073468 0.495184 255 0 0
-0.221077 0.078467 -0.456604 255 0 0
-0.063081 -0.014272 -0.635659 255 0 0
0.215951 -0.037249 -0.467292 255 0 0
0.193329 0.160543 0.272810 255 0 0
0.113437 0.108170 -0.651831 255 0 0
0.110269 -0.412318 0.081352 255 255 255
0.051233 0.025477 -0.651354 255 0 0
-0.130820 -0.229216 -0.581696 255 0 0
0.217790 0.072221 -0.507002 255 0 0
0.197723 -0.020585 -0.036449 255 0 0
0.125053 0.308771 0.041627 255 0 0
0.195235 0.227417 -0.441309 255 0 0
-0.149619 0.282164 0.175452 255 0 0
-0.113401 -0.072255 0.635570 255 0 0
-0.088545 0.247770 0.516516 255 0 0
0.189350 0.156306 0.039112 255 0 0
0.049302 -0.309263 -0.604151 255 0 0
0.159409 0.241077 0.292298 255 0 0
0.123875 -0.113868 0.347693 255 0 0
0.225248 0.042898 -0.388375 255 0 0
-0.119897 -0.014060 0.475871 255 0 0
-0.149525 0.278730 0.157088 255 0 0
0.037717 -0.301436 0.097876 255 0 0
0.131718 0.262400 -0.569786 255 0 0
-0.150733 -0.186491 -0.060613 255 0 0
-0.191854 0.154763 -0.016908 255 0 0
0.182056 0.076974 0.357191 255 0 0
-0.051539 -0.511585 0.099101 255 255 255
-0.082887 -0.496084 0.205609 255 255 255
-0.160934 0.061131 -0.620276 255 0 0
-0.037233 -0.041227 0.907092 255 0 0
0.016681 0.403877 -0.348421 255 0 0
-0.159845 0.308593 -0.217171 255 0 0
0.122293 -0.092911 -0.595363 255 0 0
-0.192263 0.245493 -0.314803 255 0 0
0.064440 -0.236209 -0.462658 255 0 0
-0.099220 0.048756 0.655107 255 0 0
-0.050015 -0.420257 -0.528505 255 0 0
0.020853 -0.137186 0.910464 255 255 255
-0.114580 -0.480778 -0.549169 255 255 255
0.209194 -0.048165 -0.331925 255 0 0
0.174857 0.082492 -0.608800 255 0 0
0.019999 -0.245147 0.038102 255 0 0
-0.067855 -0.166036 0.817238 255 255 255
0.121231 0.320385 0.155350 255 0 0
0.212152 0.027150 -0.251836 255 0 0
0.220461 0.070560 -0.320134 255 0 0
0.059572 -0.475479 0.180615 255 255 255
-0.012821 0.400085 -0.363178 255 0 0
0.133626 0.301623 0.130951 255 0 0
-0.111386 0.212423 0.649539 255 255 255
-0.055382 -0.319283 -0.620370 255 0 0
-0.001111 0.312198 0.939929 255 255 255
0.024099 0.379821 -0.157318 255 0 0
-0.208701 0.000508 -0.230613 255 0 0
0.196232 -0.076824 0.095238 255 0 0
-0.025994 0.077920 0.955522 255 255 255
-0.175008 0.087802 0.378190 255 0 0
-0.198134 -0.033987 -0.078341 255 0 0
0.118089 -0.185607 0.050165 255 0 0
-0.104698 -0.298577 0.195289 255 0 0
-0.105343 0.217055 0.624767 255 255 255
0.113649 -0.382874 0.080148 255 0 0
-0.207358 0.112376 0.265049 255 0 0
-0.100857 0.150749 -0.655656 255 0 0
-0.087949 -0.216291 0.013826 255 0 0
0.173661 -0.156738 -0.229917 255 0 0
0.192357 -0.091249 -0.515950 255 0 0
-0.096066 -0.499481 0.053729 255 255 255
0.037779 -0.030549 0.908626 255 0 0
0.199242 0.168771 0.204490 255 0 0
0.183412 0.242774 -0.154186 255 0 0
0.047884 -0.002809 -0.640311 255 0 0
0.056905 0.000683 0.785018 255 0 0
0.030366 0.035215 0.870731 255 0 0
-0.157599 -0.202504 0.117782 255 0 0
0.029992 0.377348 0.254646 255 0 0
-0.195742 -0.046802 -0.062907 255 0 0
-0.186972 0.217369 -0.138286 255 0 0
0.177500 0.283774 -0.222069 255 0 0
0.198656 -0.008079 -0.020803 255 0 0
-0.213457 -0.075329 0.201968 255 0 0
-0.120857 0.004027 0.597251 255 0 0
-0.079273 -0.084133 0.439183 255 0 0
0.050184 0.119802 -0.681098 255 0 0
-0.159227 -0.065158 -0.579762 255 0 0
-0.162854 -0.178519 -0.084408 255 0 0
0.007843 -0.255955 -0.124838 255 0 0
-0.182859 -0.090079 0.034213 255 0 0
-0.074941 -0.455329 -0.552382 255 0 0
-0.209818 -0.107176 -0.431098 255 0 0
0.005762 -0.001242 0.951097 255 255 255
0.096127 0.365828 -0.245165 255 0 0
-0.199547 -0.079517 0.262701 255 0 0
0.078347 -0.276598 0.208036 255 0 0
-0.167942 0.273254 -0.137887 255 0 0
-0.196855 0.125317 -0.574554 255 0 0
0.139711 0.122566 0.477641 255 0 0
0.111579 -0.492146 -0.387681 255 255 255
0.121035 0.344714 -0.332353 255 0 0
0.064528 -0.174867 0.281570 255 0 0
-0.032540 0.125283 0.680677 255 0 0
-0.048458 0.211707 -0.675054 255 0 0
0.193647 0.135506 0.051702 255 0 0
0.139331 0.293137 0.120789 255 0 0
-0.099723 -0.511732 0.161429 255 255 255
0.200367 0.068694 -0.069893 255 0 0
-0.063850 0.365588 0.109103 255 0 0
-0.078141 0.064131 -0.662256 255 0 0
0.210957 0.076863 -0.229946 255 0 0
-0.012126 0.398452 0.156407 255 0 0
-0.034585 -0.200534 0.221916 255 0 0
-0.034683 0.369975 -0.467936 255 0 0
0.097093 -0.110431 0.646335 255 255 255
0.116966 0.258756 0.421620 255 0 0
-0.086077 -0.244438 -0.108926 255 0 0
0.010299 0.319446 0.535066 255 0 0
0.053262 0.349975 0.348506 255 0 0
-0.011745 0.380607 -0.436726 255 0 0
-0.013556 0.323505 0.530304 255 0 0
0.016003 -0.250593 -0.164025 255 0 0
0.008506 -0.168685 -0.354420 255 0 0
-0.032987 -0.258415 -0.102318 255 0 0
0.210452 0.088406 0.123693 255 0 0
0.019382 0.373339 0.366829 255 0 0
0.060168 -0.390320 0.068812 255 0 0
0.205507 -0.092696 0.144805 255 0 0
0.212607 0.103810 -0.518466 255 0 0
-0.068428 -0.064303 0.863271 255 0 0
-0.079001 0.354257 0.110924 255 0 0
-0.193542 0.211427 -0.187132 255 0 0
0.011245 0.379499 0.432547 255 0 0
-0.218908 -0.042366 -0.460709 255 0 0
-0.145122 0.317293 -0.351198 255 0 0
0.112541 -0.040727 0.642314 255 0 0
-0.220927 -0.036682 0.167851 255 0 0
-0.182494 -0.105735 -0.532024 255 0 0
-0.130085 -0.309088 -0.572141 255 0 0
0.004613 0.087831 0.717344 255 0 0
-0.145798 -0.285216 0.098505 255 0 0
0.109293 -0.005968 0.659642 255 0 0
-0.133065 0.171324 0.623630 255 255 255
0.187336 0.108171 -0.589168 255 0 0
-0.189041 -0.076080 -0.027414 255 0 0
0.191748 -0.058358 0.033666 255 0 0
-0.212637 0.098862 0.154342 255 0 0
-0.047482 0.372770 0.085382 255 0 0
0.096941 0.339354 -0.076926 255 0 0
-0.153846 0.295185 -0.444550 255 0 0
-0.014206 -0.259342 -0.000124 255 0 0
-0.129006 -0.051240 -0.606637 255 0 0
0.056395 0.135020 0.669961 255 0 0
0.060302 0.117044 -0.678452 255 0 0
0.031021 -0.153452 0.661512 255 255 255
0.040715 -0.125403 0.584113 255 255 255
0.201992 -0.005424 0.051674 255 0 0
0.010351 0.053217 0.855425 255 0 0
-0.067943 -0.139302 0.780654 255 255 255
0.173026 0.221604 0.104657 255 0 0
-0.074495 -0.080733 0.865111 255 0 0
0.186804 -0.087539 -0.034214 255 0 0
-0.187176 -0.172328 -0.421019 255 0 0
0.102325 -0.260686 -0.613717 255 0 0
-0.087814 0.092175 -0.664287 255 0 0
0.195551 0.236183 -0.360110 255 0 0
0.049591 -0.029377 0.855521 255 0 0
-0.152977 0.294978 -0.093623 255 0 0
-0.062519 -0.099230 0.548720 255 0 0
-0.043118 -0.135565 -0.520212 255 0 0
-0.026271 0.174149 0.654663 255 0 0
0.212884 0.082685 0.131942 255 0 0
0.038985 -0.175335 0.764140 255 255 255
-0.071816 -0.494755 -0.400398 255 255 255
-0.052186 -0.242596 -0.532788 255 0 0
-0.082175 0.261841 0.516322 255 0 0
0.205165 0.007117 -0.156307 255 0 0
0.115832 -0.410985 -0.469713 255 0 0
-0.173424 0.182315 0.320685 255 0 0
0.201443 0.088013 0.066091 255 0 0
0.122360 0.292420 -0.540313 255 0 0
-0.030501 -0.174529 0.314477 255 0 0
-0.199536 -0.071968 -0.294334 255 0 0
-0.185011 0.209989 0.173954 255 0 0
-0.195350 -0.136976 -0.469250 255 0 0
0.053839 0.372516 -0.398014 255 0 0
-0.131437 -0.143532 -0.318623 255 0 0
0.041910 0.399762 -0.311317 255 0 0
-0.179321 0.015183 0.366517 255 0 0
0.201618 -0.008416 -0.103691 255 0 0
0.206474 0.140770 0.179560 255 0 0
-0.215173 0.010267 -0.287222 255 0 0
0.077506 -0.125697 0.812395 255 0 0
0.208864 -0.006463 -0.517510 255 0 0
-0.101799 0.359893 -0.331754 255 0 0
-0.121825 -0.318394 0.063841 255 0 0
-0.117042 -0.053181 0.615061 255 0 0
-0.197938 -0.107319 0.142593 255 0 0
-0.184636 0.120177 0.330945 255 0 0
0.010387 0.065362 0.853954 255 0 0
0.089480 -0.261240 0.220849 255 0 0
0.209158 -0.005181 -0.247929 255 0 0
0.102642 0.121129 0.604796 255 0 0
0.199670 0.014808 -0.010928 255 0 0
0.002696 -0.193983 -0.332630 255 0 0
-0.066024 -0.510661 0.132667 255 255 255
-0.199521 0.063543 -0.018134 255 0 0
-0.098880 -0.432430 -0.436037 255 255 255
-0.198173 -0.031333 0.062914 255 0 0
0.096614 -0.227365 -0.606553 255 0 0
-0.023524 0.377952 0.260996 255 0 0
-0.180167 0.273134 -0.360580 255 0 0
0.155380 0.289627 -0.107646 255 0 0
-0.075987 0.192770 -0.662160 255 0 0
0.171643 0.232286 0.157393 255 0 0
0.171957 0.230825 -0.539425 255 0 0
0.199744 0.017326 -0.038304 255 0 0
-0.059508 -0.185218 -0.528198 255 0 0
-0.002413 0.342510 -0.563057 255 0 0
0.189220 0.220803 -0.154632 255 0 0
-0.130280 0.323076 -0.399274 255 0 0
0.118333 0.062674 0.586335 255 0 0
-0.069408 0.364234 0.209372 255 0 0
-0.084749 0.252208 -0.626638 255 0 0
-0.199021 -0.079863 -0.271622 255 0 0
0.180880 -0.153241 0.132627 255 0 0
-0.220832 0.049151 -0.478486 255 0 0
0.214119 0.128120 -0.489252 255 0 0
0.142525 0.241676 0.658304 255 255 255
0.054096 0.377793 0.137615 255 0 0
-0.183706 -0.103919 -0.338721 255 0 0
0.000510 0.385501 0.061973 255 0 0
-0.219453 0.074600 -0.297167 255 0 0
0.218818 0.104972 -0.394476 255 0 0
0.029456 0.101820 0.694942 255 0 0
-0.225771 -0.010949 -0.420572 255 0 0
-0.124896 -0.213344 0.238584 255 0 0
0.095626 -0.512893 -0.499809 255 255 255
0.127266 0.251083 -0.588071 255 0 0
-0.153963 -0.168904 0.248117 255 0 0
0.218364 0.101600 0.209405 255 0 0
-0.087543 -0.177596 -0.590503 255 0 0
-0.179473 0.265352 -0.423584 255 0 0
-0.016765 0.163181 0.936902 255 255 255
0.010996 -0.105831 0.517688 255 0 0
-0.010496 0.077070 0.852065 255 0 0
0.172049 -0.116774 0.001509 255 0 0
-0.045367 -0.358519 -0.550530 255 0 0
0.054773 0.182993 -0.680524 255 0 0
-0.079296 0.199350 0.586688 255 0 0
-0.054620 0.239827 0.567176 255 0 0
-0.221480 -0.019395 -0.356817 255 0 0
0.084337 -0.156467 -0.340567 255 0 0
0.105566 0.014572 0.673103 255 0 0
0.197072 0.231189 -0.270199 255 0 0
-0.215440 0.109403 -0.279251 255 0 0
0.009531 0.160845 0.662532 255 0 0
-0.145697 -0.269153 -0.477696 255 0 0
0.206959 -0.007913 0.093260 255 0 0
0.206404 0.131952 -0.208962 255 0 0
-0.074327 0.376993 -0.229666 255 0 0
-0.123154 -0.242416 0.225024 255 0 0
-0.014253 0.078288 0.970463 255 255 255
0.074098 -0.149544 0.866069 255 255 255
0.075159 -0.082637 0.862911 255 0 0
0.076426 0.349067 0.080386 255 0 0
0.087276 -0.381153 0.157135 255 0 0
-0.023188 0.213832 -0.689865 255 0 0
-0.161409 -0.132920 0.010390 255 0 0
-0.225393 -0.002470 -0.438251 255 0 0
-0.221372 0.073077 0.189477 255 0 0
0.096232 -0.138756 -0.592361 255 0 0
0.016586 -0.235843 -0.257204 255 0 0
-0.166225 -0.213894 -0.428427 255 0 0
-0.155390 0.152830 -0.614557 255 0 0
0.080503 -0.508553 0.183340 255 255 255
-0.159377 -0.183810 -0.200329 255 0 0
-0.052019 -0.511501 -0.493836 255 255 255
0.136162 -0.296890 -0.508737 255 255 255
-0.113809 0.329658 0.172364 255 0 0
0.060518 -0.365205 -0.615642 255 0 0
0.139152 0.293191 0.039715 255 0 0
-0.016515 -0.262396 -0.054721 255 0 0
0.194299 -0.081877 -0.299177 255 0 0
0.058864 -0.352124 -0.620508 255 0 0
-0.005580 0.285486 0.941561 255 255 255
0.071209 0.303662 -0.588376 255 0 0
-0.009784 0.259319 0.951985 255 255 255
0.195433 0.233149 -0.386868 255 0 0
-0.049920 -0.071892 0.895755 255 0 0
-0.130230 0.302049 -0.513024 255 0 0
-0.045315 -0.447391 -0.524306 255 0 0
0.018987 0.147976 0.958930 255 255 255
0.179571 0.082734 0.363354 255 0 0
-0.208059 0.157108 -0.499784 255 0 0
0.080528 0.337160 -0.007603 255 0 0
0.211692 0.020890 -0.253084 255 0 0
-0.066544 -0.105506 0.852349 255 255 255
0.055263 -0.327964 0.057383 255 255 255
0.041764 0.376307 -0.162264 255 0 0
0.074430 0.370571 -0.360807 255 0 0
0.099698 -0.103327 0.659351 255 255 255
0.156523 -0.132558 -0.557627 255 0 0
0.014059 0.220318 0.953117 255 255 255
0.208809 -0.055862 0.123161 255 0 0
-0.034383 -0.045549 0.909339 255 0 0
0.177431 0.207872 0.068058 255 0 0
-0.199020 0.014191 -0.034527 255 0 0
0.199622 0.006294 -0.043951 255 0 0
0.118551 0.105332 0.554813 255 0 0
0.059927 -0.147222 0.890698 255 255 255
-0.116292 -0.087561 0.386072 255 0 0
0.197055 0.099750 -0.008140 255 0 0
0.205908 0.141220 0.171977 255 0 0
-0.057128 0.248418 -0.650819 255 0 0
-0.212622 0.022327 -0.262488 255 0 0
0.210174 0.011096 -0.241805 255 0 0
0.211048 -0.081318 0.169711 255 0 0
-0.102642 0.145277 0.585785 255 0 0
0.165782 -0.185813 0.195083 255 0 0
-0.001037 0.377997 0.406550 255 0 0
0.144770 0.258659 -0.557203 255 0 0
-0.061648 -0.016349 0.793801 255 0 0
-0.222947 0.053240 0.247403 255 0 0
-0.177061 0.157716 -0.586294 255 0 0
0.108525 -0.071325 0.412031 255 0 0
-0.033198 0.378070 0.073933 255 0 0
-0.103299 -0.076042 0.707607 255 255 255
-0.030371 0.359949 -0.008485 255 0 0
-0.022250 -0.099220 0.914403 255 255 255
0.173755 -0.193563 -0.482771 255 0 0
0.182391 0.219566 0.228299 255 0 0
0.135959 -0.298119 0.081037 255 0 0
-0.115568 0.021045 -0.635815 255 0 0
0.212738 0.104534 -0.257643 255 0 0
-0.013079 -0.010325 -0.633465 255 0 0
-0.122624 -0.003557 0.576501 255 0 0
0.166977 0.242193 0.253710 255 0 0
0.205616 0.031068 0.069238 255 0 0
0.128573 0.194843 0.456474 255 0 0
-0.060685 -0.065916 0.875095 255 0 0
0.043648 0.368128 0.061963 255 0 0
-0.163309 -0.220457 -0.498025 255 0 0
-0.201206 0.012031 -0.090362 255 0 0
-0.128048 -0.508058 -0.447357 255 255 255
0.100907 -0.301115 -0.623514 255 0 0
-0.199033 0.161481 0.229169 255 0 0
0.214658 0.114820 0.228815 255 0 0
0.102258 -0.312347 -0.477506 255 255 255
0.178285 -0.140636 -0.062673 255 0 0
-0.220400 0.060194 0.254655 255 0 0
0.105138 -0.511324 -0.424100 255 255 255
-0.149194 -0.259821 0.111722 255 0 0
0.152983 0.015550 0.434675 255 0 0
-0.194389 0.143619 0.103610 255 0 0
0.150170 0.042828 0.452061 255 0 0
0.154834 0.262406 -0.532957 255 0 0
0.161667 0.265768 -0.059558 255 0 0
-0.046331 -0.469069 -0.436742 255 255 255
0.114494 0.266422 0.421002 255 0 0
0.034371 0.287540 0.544585 255 0 0
-0.197880 0.193126 -0.502061 255 0 0
-0.213642 0.108299 0.173891 255 0 0
-0.200973 -0.075826 0.113891 255 0 0
0.177170 -0.010906 0.359905 255 0 0
-0.053714 0.363390 -0.454279 255 0 0
0.205658 -0.110478 -0.447444 255 0 0
0.215986 0.124486 -0.405583 255 0 0
0.047656 0.286269 -0.624735 255 0 0
-0.075452 -0.510150 -0.441957 255 255 255
0.194380 0.231215 -0.224116 255 0 0
-0.145094 -0.236259 -0.557033 255 0 0
0.142722 0.214053 -0.598131 255 0 0
0.221150 0.039733 0.262592 255 0 0
0.190744 -0.071209 -0.041946 255 0 0
0.203164 0.024221 0.051552 255 0 0
-0.110014 0.326412 -0.485979 255 0 0
0.036378 -0.031360 0.911269 255 255 255
-0.222660 0.029450 -0.471159 255 0 0
-0.041100 -0.505164 -0.474376 255 255 255
-0.102408 0.364535 -0.294145 255 0 0
0.211916 0.155190 -0.470830 255 0 0
0.206531 0.075136 -0.558045 255 0 0
0.092882 -0.376231 0.059783 255 0 0
0.206496 -0.017721 -0.198098 255 0 0
0.031576 -0.239685 0.051254 255 0 0
-0.202436 0.158689 -0.192816 255 0 0
0.195551 0.113202 0.009356 255 0 0
0.196915 0.217352 -0.218484 255 0 0
-0.150092 0.280147 0.039646 255 0 0
0.014052 -0.257713 0.003657 255 0 0
0.200010 -0.018644 -0.083485 255 0 0
0.033143 0.290640 -0.626771 255 0 0
0.123627 -0.464386 0.182889 255 255 255
-0.178713 -0.134226 -0.252636 255 0 0
-0.101700 -0.051606 0.715231 255 255 255
0.142987 0.207039 0.372317 255 0 0
-0.205416 0.161953 -0.227055 255 0 0
0.101303 -0.154975 0.300437 255 0 0
0.145751 0.125535 0.458826 255 0 0
0.205219 -0.031929 -0.514364 255 0 0
0.096401 -0.108416 0.600070 255 255 255
0.025427 -0.159266 0.374351 255 0 0
0.119234 -0.348124 0.145417 255 0 0
-0.080615 0.346282 -0.478285 255 0 0
0.038164 0.187688 0.648791 255 0 0
-0.117569 0.244226 0.441871 255 0 0
0.205566 -0.013131 0.089624 255 0 0
0.125308 0.281932 0.323267 255 0 0
0.077440 0.135098 -0.670319 255 0 0
0.002912 0.048599 -0.778706 255 255 255
0.047351 0.002788 0.831890 255 0 0
-0.017554 -0.018289 -0.629092 255 0 0
-0.011401 0.392312 0.090793 255 0 0
0.199437 0.015067 -0.548062 255 0 0
-0.023151 0.050225 0.840009 255 0 0
0.188337 -0.066204 -0.537401 255 0 0
0.053832 -0.501165 -0.528915 255 255 255
0.023299 0.283068 0.554893 255 0 0
-0.049035 -0.142409 0.633309 255 255 255
-0.195969 -0.027436 0.309687 255 0 0
0.044728 0.236695 0.577497 255 0 0
-0.018490 0.386181 0.240002 255 0 0
0.002570 0.237177 0.590347 255 0 0
-0.189585 0.028052 -0.580232 255 0 0
0.160246 -0.177018 -0.214854 255 0 0
0.165797 -0.145071 -0.537590 255 0 0
-0.079870 -0.100661 0.809173 255 255 255
0.190929 0.059098 0.334186 255 0 0
-0.006715 -0.109453 -0.525049 255 0 0
0.088266 0.334475 0.036952 255 0 0
0.127260 0.070108 0.531473 255 0 0
-0.197880 -0.036570 -0.538261 255 0 0
-0.050691 -0.192195 0.239399 255 0 0
-0.156345 -0.141346 -0.361249 255 0 0
0.213639 -0.080155 -0.441136 255 0 0
0.044509 0.353470 -0.020766 255 0 0
-0.205235 0.026931 0.085999 255 0 0
-0.113265 0.210897 -0.628660 255 0 0
-0.062058 -0.209192 -0.277760 255 0 0
0.076051 -0.137447 0.711792 255 255 255
-0.031184 0.371496 0.432067 255 0 0
0.020223 0.411504 -0.300587 255 0 0
-0.147833 -0.495440 -0.512084 255 255 255
-0.126613 -0.508895 0.100527 255 255 255
-0.048581 0.367621 0.253143 255 0 0
-0.102729 -0.080188 0.706597 255 255 255
0.217638 0.114091 -0.325940 255 0 0
0.030175 0.023189 0.935794 255 255 255
0.167052 0.307073 -0.277226 255 0 0
0.137814 -0.443390 -0.478101 255 255 255
0.217169 0.114464 -0.428596 255 0 0
-0.214017 0.110303 0.224902 255 0 0
0.138898 0.117785 0.483389 255 0 0
0.046916 0.028913 0.788364 255 0 0
-0.203580 0.004990 0.078518 255 0 0
0.120043 -0.429475 0.091922 255 255 255
-0.170566 0.242869 0.173484 255 0 0
-0.051038 0.230538 0.579341 255 0 0
-0.171573 -0.201230 -0.475217 255 0 0
-0.192918 -0.051276 0.037966 255 0 0
-0.208842 0.157533 -0.269697 255 0 0
-0.075726 -0.086648 0.857479 255 0 0
-0.207723 -0.076801 0.145759 255 0 0
-0.033435 -0.325844 0.126776 255 0 0
-0.172685 -0.162365 -0.223759 255 0 0
-0.200814 -0.114054 -0.192066 255 0 0
0.114095 0.270505 0.415557 255 0 0
0.164641 0.099397 0.401859 255 0 0
-0.034070 -0.083493 -0.583081 255 0 0
-0.138037 -0.133980 0.297543 255 0 0
-0.100594 -0.096359 0.702138 255 255 255
0.168073 0.237298 0.078198 255 0 0
0.140347 0.293622 -0.035409 255 0 0
-0.220209 0.070024 -0.302390 255 0 0
0.198342 -0.112831 -0.474090 255 0 0
0.139476 -0.444979 -0.480282 255 255 255
-0.203201 0.132946 -0.173222 255 0 0
-0.197079 -0.019121 -0.006338 255 0 0
0.118835 0.007350 -0.629631 255 0 0
0.204311 0.192173 -0.262048 255 0 0
-0.020711 0.130440 0.949167 255 255 255
0.191286 -0.096101 0.099806 255 0 0
0.005648 0.138784 -0.735648 255 255 255
0.106134 0.078601 -0.653421 255 0 0
-0.105292 0.330380 0.240949 255 0 0
-0.209199 0.170924 -0.409942 255 0 0
-0.140290 -0.465187 0.091461 255 255 255
0.050910 -0.477715 -0.538408 255 255 255
-0.102390 0.072644 -0.654927 255 0 0
-0.024656 0.358014 -0.523017 255 0 0
-0.097427 0.231616 0.511441 255 0 0
0.067149 -0.313405 0.048395 255 255 255
-0.225626 -0.012209 -0.431267 255 0 0
0.007924 -0.109149 0.529349 255 255 255
0.124656 0.046734 0.544277 255 0 0
-0.003355 0.101182 0.856946 255 0 0
0.077610 0.310684 -0.571924 255 0 0
-0.190954 0.182571 -0.096914 255 0 0
0.166109 0.247650 0.009201 255 0 0
0.203672 -0.100123 -0.383737 255 0 0
-0.196528 -0.036457 0.040884 255 0 0
0.183550 -0.055336 0.313188 255 0 0
-0.101078 0.344455 -0.399855 255 0 0
-0.169439 0.287047 -0.199403 255 0 0
-0.114438 -0.110251 -0.594853 255 0 0
-0.058180 0.186777 0.645873 255 0 0
0.152910 -0.477540 -0.504137 255 255 255
-0.167312 -0.175730 -0.206961 255 0 0
-0.028889 0.084395 0.940841 255 255 255
0.146500 -0.468030 -0.508843 255 255 255
-0.218234 0.113656 -0.418854 255 0 0
0.203068 -0.070364 -0.185295 255 0 0
0.057041 0.309408 -0.591910 255 0 0
0.028083 -0.036633 0.920025 255 255 255
0.217663 0.073258 -0.293751 255 0 0
0.124945 -0.370231 -0.558317 255 0 0
-0.201191 0.074822 0.055215 255 0 0
-0.044198 -0.460460 -0.444597 255 255 255
-0.060250 -0.025296 0.815047 255 0 0
0.086820 -0.512474 0.114665 255 255 255
-0.163996 -0.125338 -0.310088 255 0 0
0.096060 -0.075253 0.738007 255 255 255
-0.181530 -0.155274 0.145243 255 0 0
-0.043280 0.297778 -0.611852 255 0 0
-0.142207 0.029371 0.467534 255 0 0
0.188789 0.194117 0.179383 255 0 0
-0.194139 -0.104639 -0.262333 255 0 0
0.168652 0.233045 0.120886 255 0 0
0.002342 0.000788 0.953860 255 255 255
0.217888 -0.016298 -0.470075 255 0 0
0.170454 0.224852 0.283665 255 0 0
-0.075130 -0.068824 0.505829 255 0 0
0.204650 0.147160 0.181234 255 0 0
-0.146654 0.111844 0.465072 255 0 0
-0.214874 -0.069765 -0.377075 255 0 0
0.067281 -0.504528 -0.422392 255 255 255
-0.213088 0.087089 0.144909 255 0 0
-0.201630 0.169743 0.192182 255 0 0
0.016983 -0.249988 -0.168360 255 0 0
0.074479 -0.014338 0.758539 255 0 0
-0.128173 -0.399931 -0.516984 255 0 0
0.032948 0.361989 0.022019 255 0 0
0.009048 -0.137890 0.911357 255 255 255
0.162709 0.209592 -0.574736 255 0 0
0.201841 -0.012701 0.058633 255 0 0
-0.200525 0.064848 0.043956 255 0 0
0.225717 0.006546 -0.397743 255 0 0
-0.015952 -0.107213 -0.534663 255 0 0
-0.200291 0.013998 -0.066795 255 0 0
0.103304 0.221366 0.504450 255 0 0
-0.172497 -0.112538 -0.545336 255 0 0
-0.061252 -0.243853 -0.474520 255 0 0
0.164852 0.057216 0.419279 255 0 0
-0.054355 -0.106919 0.554957 255 0 0
-0.060951 -0.321334 -0.494116 255 0 0
-0.169233 0.131580 0.371274 255 0 0
0.043568 0.365862 0.272265 255 0 0
0.109860 0.323199 -0.494066 255 0 0
-0.214616 0.037293 0.126443 255 0 0
0.193668 0.137857 0.297769 255 0 0
-0.049022 0.153207 0.666696 255 0 0
-0.172452 -0.097176 -0.550715 255 0 0
-0.127391 0.222333 0.435749 255 0 0
-0.077145 -0.137014 0.704133 255 255 255
-0.192957 -0.128241 0.183372 255 0 0
-0.199942 -0.120282 -0.170589 255 0 0
0.177976 -0.153795 -0.085433 255 0 0
-0.101048 -0.501400 0.209304 255 255 255
-0.060437 -0.113733 0.570625 255 255 255
-0.013971 -0.262753 -0.076771 255 0 0
0.149905 -0.504702 -0.494642 255 255 255
0.177382 0.208577 0.085161 255 0 0
0.085069 -0.125707 0.649717 255 255 255
0.102748 -0.234381 -0.082734 255 0 0
-0.077591 0.269054 0.516495 255 0 0
-0.017625 0.250130 0.577942 255 0 0
0.201339 0.020068 0.034932 255 0 0
-0.217998 -0.002407 -0.318938 255 0 0
-0.169923 0.292005 -0.238717 255 0 0
0.194603 -0.111819 -0.491936 255 0 0
-0.008323 0.089563 0.714800 255 0 0
-0.200164 -0.105437 -0.154361 255 0 0
-0.059269 -0.133386 0.393824 255 0 0
-0.130307 -0.387592 -0.536841 255 0 0
0.192790 0.249130 -0.263218 255 0 0
-0.076171 0.021410 0.747776 255 0 0
0.193419 0.188580 -0.139182 255 0 0
0.055333 -0.095362 -0.590030 255 0 0
0.211764 -0.075253 0.219300 255 0 0
-0.143750 -0.312454 0.116342 255 0 0
-0.194947 -0.123102 0.153366 255 0 0
-0.051117 -0.425108 -0.506916 255 0 0
0.095746 0.030300 0.699955 255 0 0
-0.106032 0.324562 -0.029040 255 0 0
-0.222443 0.034915 -0.470405 255 0 0
0.208113 0.169770 -0.275540 255 0 0
0.020879 -0.129438 0.911430 255 255 255
0.116851 0.161563 0.516688 255 0 0
0.060820 -0.308549 -0.624439 255 0 0
0.191900 0.016029 -0.567368 255 0 0
0.213299 0.097126 -0.521064 255 0 0
0.121626 -0.016780 0.571265 255 0 0
-0.198330 -0.010679 -0.043026 255 0 0
0.095972 0.317661 0.307574 255 0 0
-0.212733 0.152716 -0.376877 255 0 0
0.207079 0.041045 -0.178892 255 0 0
-0.018669 -0.179855 -0.343017 255 0 0
-0.070335 0.142858 0.663122 255 0 0
0.098112 -0.511772 -0.431131 255 255 255
0.085220 -0.085497 0.780326 255 255 255
0.133930 -0.075161 0.377190 255 0 0
-0.204822 -0.067512 -0.498736 255 0 0
0.109950 -0.493512 -0.387080 255 255 255
0.189742 -0.125079 0.126019 255 0 0
0.050164 -0.292199 -0.597445 255 0 0
-0.001127 -0.162222 0.684090 255 255 255
0.101658 -0.090808 0.696983 255 255 255
0.137874 -0.279814 -0.473752 255 0 0
0.136277 -0.506019 0.123270 255 255 255
0.038170 0.225847 -0.677669 255 0 0
-0.213549 0.146073 -0.314851 255 0 0
0.190530 0.154610 0.079162 255 0 0
0.151831 0.314676 -0.338816 255 0 0
0.048296 0.067958 -0.668915 255 0 0
-0.193024 -0.117138 0.222424 255 0 0
-0.036416 0.292151 0.540031 255 0 0
0.109050 0.212177 0.497916 255 0 0
-0.140578 -0.505749 -0.435391 255 255 255
0.202298 0.119500 -0.155165 255 0 0
-0.160777 -0.029747 0.381999 255 0 0
0.093925 0.359387 -0.181097 255 0 0
-0.200297 0.085114 -0.073714 255 0 0
-0.080292 0.334595 -0.518377 255 0 0
-0.088755 0.061224 0.667249 255 0 0
-0.146799 -0.097633 0.333384 255 0 0
-0.087212 0.280002 -0.598905 255 0 0
-0.160034 0.293900 -0.405869 255 0 0
0.175031 -0.165491 -0.093602 255 0 0
0.122331 0.066938 0.556161 255 0 0
-0.137560 0.035131 -0.629026 255 0 0
0.155932 0.318824 -0.303862 255 0 0
0.199142 0.082791 -0.046236 255 0 0
0.223865 -0.014423 -0.430245 255 0 0
0.165648 -0.169121 -0.527251 255 0 0
-0.132034 0.328995 -0.157646 255 0 0
-0.208675 0.043321 -0.202084 255 0 0
-0.091013 -0.117909 0.698463 255 255 255
-0.081937 0.312881 0.448466 255 0 0
-0.094097 0.106879 0.649211 255 0 0
0.219138 0.088641 -0.319773 255 0 0
0.217107 0.022617 -0.496670 255 0 0
0.176966 0.289324 -0.311822 255 0 0
-0.135078 -0.482595 -0.531504 255 255 255
0.102435 0.302471 0.374633 255 0 0
-0.110403 -0.243903 0.069192 255 0 0
-0.191858 0.015978 0.337820 255 0 0
-0.033181 0.362126 0.331035 255 0 0
0.170086 0.094782 0.387891 255 0 0
0.104002 0.212504 0.692347 255 255 255
-0.059440 0.387933 -0.270099 255 0 0
-0.199893 -0.091860 -0.238019 255 0 0
0.124091 0.237025 0.679998 255 255 255
-0.089459 -0.512360 0.104691 255 255 255
0.146494 0.308999 -0.142683 255 0 0
-0.198196 0.095410 -0.034995 255 0 0
0.060760 0.206746 -0.671335 255 0 0
0.171867 -0.120512 0.270592 255 0 0
0.145485 0.303025 -0.098271 255 0 0
-0.055623 0.353500 -0.499682 255 0 0
-0.046299 -0.311982 -0.588568 255 0 0
0.221057 0.034945 -0.316514 255 0 0
-0.207458 0.112433 -0.204716 255 0 0
0.190108 0.256975 -0.322482 255 0 0
-0.200755 0.092450 0.064678 255 0 0
0.151809 0.282698 0.208068 255 0 0
-0.007574 0.369772 0.312351 255 0 0
-0.224469 0.040258 -0.436121 255 0 0
-0.135950 -0.198207 0.241305 255 0 0
0.144588 0.176781 -0.617073 255 0 0
-0.106070 -0.512269 0.092177 255 255 255
0.066661 -0.144160 0.802374 255 255 255
-0.143575 -0.102191 0.332727 255 0 0
-0.147791 -0.256641 -0.541099 255 0 0
-0.164703 0.065221 -0.618374 255 0 0
0.018630 0.386043 0.234451 255 0 0
0.049842 0.019751 0.793788 255 0 0
0.205074 -0.035831 0.096949 255 0 0
0.187553 -0.121114 -0.077900 255 0 0
0.130627 -0.148022 0.288654 255 0 0
-0.041287 -0.219134 0.172964 255 0 0
0.027827 0.087773 0.709728 255 0 0
-0.176727 -0.137677 -0.053699 255 0 0
-0.076834 -0.466337 -0.549746 255 0 0
0.131625 -0.313830 -0.557696 255 0 0
-0.066383 -0.078488 0.490073 255 0 0
-0.068539 0.157323 0.648590 255 255 255
0.067937 -0.216291 -0.587988 255 0 0
-0.086120 -0.387223 -0.473365 255 0 0
-0.101193 -0.049334 0.531370 255 0 0
0.153209 0.007632 -0.608614 255 0 0
-0.176804 0.216469 -0.541980 255 0 0
-0.028525 -0.042391 0.916377 255 255 255
-0.144391 -0.245572 0.197192 255 0 0
-0.072227 0.070436 -0.666016 255 0 0
0.137438 -0.253003 0.093579 255 0 0
-0.187214 -0.106951 0.255541 255 0 0
0.155240 -0.047934 -0.587226 255 0 0
-0.144923 0.288877 0.037618 255 0 0
-0.183998 -0.159356 -0.485413 255 0 0
-0.100196 0.334699 -0.481314 255 0 0
0.008146 -0.118945 0.916595 255 255 255
-0.073807 0.343239 0.025030 255 0 0
-0.182682 0.199768 0.005313 255 0 0
-0.081630 -0.091839 0.798957 255 255 255
-0.054563 -0.093481 -0.589354 255 0 0
0.200843 -0.103151 -0.381282 255 0 0
0.096012 -0.238683 -0.086724 255 0 0
0.044575 -0.474852 -0.534498 255 255 255
0.064328 -0.221933 -0.464975 255 0 0
0.177816 0.221776 -0.033494 255 0 0
-0.196087 0.217652 -0.221306 255 0 0
-0.146944 0.286703 0.106470 255 0 0
0.017458 0.392775 -0.380219 255 0 0
-0.047869 -0.193642 0.236223 255 0 0
0.161169 -0.219378 -0.425573 255 0 0
-0.187573 -0.084564 -0.027575 255 0 0
0.026681 0.091182 0.946933 255 255 255
0.074190 0.327923 0.376600 255 0 0
0.067097 0.364935 -0.402454 255 0 0
-0.056857 -0.047915 0.860818 255 0 0
0.213301 0.140553 -0.460931 255 0 0
-0.225262 0.056281 -0.403652 255 0 0
-0.201505 0.007314 -0.097702 255 0 0
0.046955 -0.235806 -0.221695 255 0 0
-0.120028 -0.251962 -0.599060 255 0 0
0.024433 -0.168546 0.722602 255 255 255
-0.043770 0.322584 -0.577452 255 0 0
0.212176 0.048854 -0.242403 255 0 0
-0.150326 0.265150 0.678875 255 255 255
0.153483 0.279758 0.207754 255 0 0
-0.215440 -0.064416 0.220136 255 0 0
-0.115877 -0.250086 0.223929 255 0 0
0.004059 -0.041750 0.923468 255 255 255
-0.204204 0.191885 -0.448453 255 0 0
0.197410 0.144042 -0.554012 255 0 0
-0.199664 0.038835 0.016170 255 0 0
0.096722 0.098621 -0.660752 255 0 0
0.203747 0.149232 -0.532743 255 0 0
0.075920 -0.260665 -0.615118 255 0 0
0.151492 -0.060368 0.368436 255 0 0
0.127741 -0.308324 0.073572 255 0 0
0.097963 -0.232549 -0.155674 255 0 0
0.164149 -0.498523 0.125126 255 255 255
-0.200980 0.104079 0.292483 255 0 0
-0.143368 -0.208996 0.097288 255 0 0
0.041457 0.017377 0.836336 255 0 0
0.168343 0.246504 0.179557 255 0 0
-0.159949 -0.237124 -0.466761 255 0 0
0.173474 -0.152109 -0.520308 255 0 0
0.075085 -0.044331 0.779294 255 0 0
0.037157 -0.462874 -0.459639 255 255 255
-0.167801 -0.214239 -0.472631 255 0 0
-0.158199 -0.134950 -0.555491 255 0 0
0.002866 -0.051455 0.923137 255 255 255
-0.214137 -0.026268 -0.323946 255 0 0
-0.209802 0.093704 -0.569244 255 0 0
0.129692 -0.119688 0.329198 255 0 0
-0.019471 -0.081927 -0.577887 255 0 0
-0.089459 -0.378666 -0.610300 255 0 0
0.184920 0.186522 0.106805 255 0 0
0.092635 -0.413498 0.155269 255 0 0
-0.002816 0.218050 0.607834 255 0 0
-0.054174 -0.119848 0.579886 255 255 255
-0.206028 0.121029 0.256630 255 0 0
0.101908 0.139012 -0.657122 255 0 0
-0.061156 -0.036058 0.832304 255 0 0
-0.083328 0.366428 -0.357515 255 0 0
-0.193065 0.153462 -0.050088 255 0 0
0.143062 -0.491288 0.083968 255 255 255
0.011626 0.220399 0.966121 255 255 255
0.208487 0.007961 -0.217705 255 0 0
0.212097 0.149309 -0.478975 255 0 0
-0.004560 -0.245896 -0.202460 255 0 0
-0.108646 0.327061 0.109851 255 0 0
0.169651 -0.183147 -0.507109 255 0 0
0.146452 0.138049 0.444548 255 0 0
-0.028692 0.038740 0.946615 255 255 255
-0.095743 0.322470 -0.526335 255 0 0
-0.100347 0.338286 0.220474 255 0 0
-0.166860 0.262164 -0.503274 255 0 0
-0.144364 -0.481695 0.167819 255 255 255
0.192791 -0.130298 -0.217829 255 0 0
0.002799 -0.247491 -0.188866 255 0 0
-0.199036 0.124987 -0.102056 255 0 0
-0.072703 -0.442691 0.069689 255 255 255
-0.136101 -0.253735 0.204378 255 0 0
0.105407 -0.408768 -0.568225 255 0 0
0.135175 0.256606 0.688128 255 255 255
-0.143169 0.256234 -0.565536 255 0 0
-0.223868 0.011382 -0.459255 255 0 0
0.110386 -0.345403 -0.601105 255 0 0
0.144907 0.311413 -0.396418 255 0 0
0.073860 0.233695 0.550778 255 0 0
0.080465 -0.145183 0.358540 255 0 0
0.147733 -0.493048 -0.509755 255 255 255
0.112988 0.347702 -0.343232 255 0 0
-0.195366 -0.141199 -0.176913 255 0 0
-0.188092 -0.079623 0.054159 255 0 0
-0.220344 0.100881 -0.402839 255 0 0
-0.097772 0.011910 0.719878 255 0 0
0.079608 0.112759 0.664243 255 0 0
-0.064612 -0.160097 0.759721 255 255 255
-0.158759 0.275423 -0.054808 255 0 0
0.142324 0.190858 0.406892 255 0 0
-0.166874 0.274850 -0.133897 255 0 0
0.135781 0.140591 0.477608 255 0 0
-0.132783 -0.219347 0.229572 255 0 0
-0.054300 0.372549 -0.400001 255 0 0
-0.044876 0.278592 -0.633650 255 0 0
-0.041198 0.313222 -0.592718 255 0 0
0.095244 -0.144316 0.337351 255 0 0
-0.153824 0.277464 -0.031250 255 0 0
-0.192756 -0.116731 0.224708 255 0 0
0.130570 0.050096 0.509272 255 0 0
-0.128385 0.175252 0.475375 255 0 0
0.000672 -0.253952 -0.143476 255 0 0
0.192767 0.248786 -0.331403 255 0 0
-0.184796 0.198516 0.149557 255 0 0
-0.054126 -0.076615 -0.600734 255 0 0
-0.064476 -0.022929 0.789962 255 0 0
0.046545 0.366038 0.060825 255 0 0
-0.069803 -0.177216 -0.316816 255 0 0
0.047717 0.334894 -0.558446 255 0 0
0.169874 -0.186547 0.145247 255 0 0
-0.063351 0.110014 0.676444 255 0 0
0.137656 0.111925 0.491200 255 0 0
0.037836 -0.319955 0.091667 255 0 0
0.143259 -0.273068 -0.548006 255 0 0
-0.087451 -0.007847 0.737662 255 0 0
-0.178901 -0.005681 -0.581829 255 0 0
-0.039392 -0.193744 0.840563 255 255 255
-0.016636 0.404581 -0.238076 255 0 0
0.106440 0.224763 0.493173 255 0 0
0.036670 -0.098734 0.907217 255 255 255
-0.096796 -0.061968 0.733226 255 255 255
-0.199456 0.129525 0.112201 255 0 0
0.204259 -0.099641 0.174237 255 0 0
-0.195686 0.181905 0.216435 255 0 0
0.134702 -0.263167 -0.444555 255 0 0
-0.199089 0.121077 0.099865 255 0 0
-0.019456 0.367424 0.017319 255 0 0
0.054393 -0.405897 0.078855 255 0 0
-0.093954 0.038906 0.690873 255 0 0
-0.196491 -0.128423 -0.202999 255 0 0
0.222380 -0.047345 0.210951 255 0 0
0.137176 -0.123487 -0.576378 255 0 0
-0.059249 0.347907 -0.511641 255 0 0
-0.202440 -0.070133 -0.232491 255 0 0
0.165473 -0.172772 -0.074937 255 0 0
0.191403 0.198915 -0.138049 255 0 0
0.083314 -0.169391 -0.588284 255 0 0
0.137174 -0.177379 -0.009087 255 0 0
-0.173620 0.287084 -0.261760 255 0 0
-0.142233 0.292072 0.104533 255 0 0
0.152696 0.075645 0.451748 255 0 0
0.097785 0.300103 -0.565873 255 0 0
-0.163811 0.303444 -0.328174 255 0 0
0.054055 0.320152 -0.578267 255 0 0
0.077138 0.046806 0.716806 255 0 0
-0.026554 0.036011 0.873690 255 0 0
0.044914 -0.290469 -0.570028 255 0 0
0.145453 0.286247 0.146336 255 0 0
-0.212662 0.140750 -0.494329 255 0 0
0.044313 0.294260 -0.617320 255 0 0
0.146141 0.305316 -0.105767 255 0 0
0.162157 -0.004335 0.400515 255 0 0
0.008824 0.105938 0.820854 255 255 255
0.060985 0.366752 -0.411790 255 0 0
-0.066829 0.386806 -0.299218 255 0 0
-0.192474 0.148788 0.068300 255 0 0
0.118564 -0.401780 -0.481949 255 0 0
-0.206085 -0.058804 0.121263 255 0 0
0.118604 0.031021 0.599718 255 0 0
-0.051218 -0.311091 -0.507001 255 0 0
-0.031984 -0.214700 -0.299350 255 0 0
0.169247 0.025212 0.399255 255 0 0
0.160837 0.126192 0.396347 255 0 0
-0.130407 -0.180887 0.070299 255 0 0
-0.074323 0.217403 0.565263 255 0 0
0.148253 -0.185040 0.241069 255 0 0
0.118638 -0.113808 0.356564 255 0 0
-0.116475 -0.153724 0.290219 255 0 0
-0.048227 -0.099915 -0.579350 255 0 0
0.109506 -0.292927 -0.460377 255 0 0
0.143571 0.304442 -0.445981 255 0 0
-0.091416 0.272824 0.484475 255 0 0
0.100255 0.341948 0.163734 255 0 0
-0.056388 -0.413662 -0.559155 255 0 0
-0.083811 0.088950 0.664402 255 0 0
0.215974 0.041522 -0.513405 255 0 0
0.035978 -0.207923 -0.302950 255 0 0
-0.055772 0.004282 -0.643698 255 0 0
0.031691 0.037245 0.831304 255 0 0
-0.147446 -0.168383 -0.023341 255 0 0
0.144897 0.217129 0.641050 255 255 255
-0.183130 0.050908 0.362618 255 0 0
-0.197361 0.098851 0.031171 255 0 0
-0.092894 0.346451 -0.427135 255 0 0
-0.214993 0.064608 -0.555042 255 0 0
-0.017406 0.372887 0.037370 255 0 0
-0.016411 -0.070435 0.918433 255 0 0
0.123137 -0.361921 0.122205 255 0 0
0.174636 0.219640 0.119138 255 0 0
-0.146885 -0.299200 0.146794 255 0 0
-0.172452 0.272432 -0.173526 255 0 0
-0.020163 0.154756 0.938527 255 255 255
0.105621 -0.397594 0.148982 255 0 0
0.201402 0.032866 -0.083817 255 0 0
-0.212279 0.088419 0.141569 255 0 0
0.078422 -0.125783 0.794841 255 255 255
0.101150 0.355655 -0.346142 255 0 0
-0.194941 0.236330 -0.278252 255 0 0
0.065736 -0.086700 0.529639 255 255 255
-0.092825 -0.469968 -0.398347 255 255 255
0.224871 -0.010711 -0.372243 255 0 0
-0.204829 -0.045740 -0.271511 255 0 0
-0.138066 -0.308794 0.155839 255 0 0
0.125455 -0.279702 -0.456012 255 0 0
-0.226855 0.010126 -0.407032 255 0 0
-0.103981 -0.200876 -0.406694 255 0 0
-0.032075 -0.156224 0.885984 255 255 255
0.170269 -0.115030 -0.318835 255 0 0
0.208833 0.178882 -0.322033 255 0 0
0.219603 0.095940 0.194040 255 0 0
-0.072639 0.367090 -0.164811 255 0 0
0.052584 0.351290 0.357924 255 0 0
-0.008924 -0.055031 -0.840462 255 255 255
-0.128737 -0.313363 -0.574402 255 0 0
-0.165273 0.107830 0.402870 255 0 0
0.182903 0.194664 0.110842 255 0 0
0.143245 -0.085361 -0.585615 255 0 0
0.136696 0.316731 -0.115105 255 0 0
0.099329 -0.062426 -0.613643 255 0 0
0.160478 -0.017521 -0.592408 255 0 0
-0.101882 -0.149691 -0.590809 255 0 0
0.083233 -0.120811 0.603288 255 255 255
0.218056 0.098652 -0.462484 255 0 0
0.095806 -0.511804 0.084854 255 255 255
-0.079265 -0.111393 0.810579 255 255 255
0.132429 0.137612 0.489998 255 0 0
0.061257 -0.225295 -0.578259 255 0 0
0.199808 0.145883 -0.152662 255 0 0
-0.122597 -0.415830 -0.475912 255 0 0
-0.052276 -0.151358 -0.378671 255 0 0
0.223706 0.050845 -0.427866 255 0 0
0.015085 0.165766 0.932897 255 255 255
0.141338 -0.053508 -0.595988 255 0 0
-0.072337 -0.152670 0.760346 255 255 255
0.041045 -0.095580 0.485453 255 0 0
0.126997 0.277939 0.330041 255 0 0
-0.077629 -0.127785 0.795169 255 255 255
0.201892 -0.018077 -0.116546 255 0 0
0.142914 0.201516 -0.605516 255 0 0
0.209002 0.178614 -0.353562 255 0 0
0.099064 0.342072 -0.095947 255 0 0
-0.013559 0.135025 0.974695 255 255 255
-0.044891 -0.143550 -0.441113 255 0 0
0.203460 -0.053910 -0.172677 255 0 0
0.207435 -0.094115 -0.388306 255 0 0
0.082563 -0.127226 0.631292 255 255 255
-0.203569 0.206594 -0.360117 255 0 0
0.195685 0.134093 0.294559 255 0 0
0.071726 -0.496580 -0.536885 255 255 255
-0.043851 0.383357 -0.376763 255 0 0
-0.008813 -0.075534 -0.850087 255 255 255
0.013240 -0.190952 0.247327 255 0 0
0.172904 -0.086734 0.303097 255 0 0
0.066104 -0.251620 -0.085141 255 0 0
-0.061224 -0.124028 -0.574020 255 0 0
0.082728 -0.109399 0.575678 255 255 255
-0.088261 0.371844 -0.247025 255 0 0
0.213912 -0.074435 0.180884 255 0 0
0.016740 0.147741 0.929385 255 255 255
-0.044264 -0.131758 0.604060 255 255 255
-0.073224 0.009761 0.756153 255 0 0
-0.112829 0.226777 0.632991 255 255 255
0.103580 -0.039642 0.493832 255 0 0
0.221400 0.061439 -0.467588 255 0 0
-0.074059 -0.511802 -0.512631 255 255 255
0.191611 0.192348 -0.127085 255 0 0
-0.017890 0.312699 -0.605110 255 0 0
-0.068530 0.208037 0.598077 255 0 0
-0.218224 0.047788 0.272419 255 0 0
-0.023093 0.361102 -0.045575 255 0 0
-0.030925 0.030264 0.940802 255 255 255
0.121156 0.344741 -0.201154 255 0 0
-0.203446 0.029814 0.313810 255 0 0
-0.143839 0.331394 -0.308844 255 0 0
0.188786 -0.160953 -0.410225 255 0 0
-0.044964 -0.144013 0.637939 255 255 255
0.028364 0.071180 0.752433 255 0 0
-0.143080 -0.038748 -0.602188 255 0 0
0.031853 0.059110 0.928181 255 255 255
0.157701 -0.172363 -0.538525 255 0 0
0.196471 0.042531 -0.569745 255 0 0
-0.151989 -0.081744 0.344436 255 0 0
-0.194066 0.134124 0.001780 255 0 0
0.044295 0.380767 -0.185291 255 0 0
-0.012820 -0.167331 -0.355907 255 0 0
-0.044480 0.228625 -0.670721 255 0 0
-0.208151 0.175624 -0.437114 255 0 0
0.207896 -0.096888 -0.454716 255 0 0
-0.209441 -0.004100 0.109350 255 0 0
0.069597 -0.145800 0.712665 255 255 255
0.009564 0.144717 -0.701708 255 0 0
0.102204 0.298060 0.400192 255 0 0
-0.218610 0.117037 -0.354893 255 0 0
-0.186290 -0.097453 -0.329796 255 0 0
0.186431 0.135812 0.316982 255 0 0
0.181588 0.147630 0.320821 255 0 0
-0.047739 0.005521 0.845269 255 0 0
0.023129 -0.259109 -0.084920 255 0 0
-0.213112 0.077813 -0.247048 255 0 0
-0.132006 0.135703 0.495359 255 0 0
-0.217512 -0.017797 0.143309 255 0 0
-0.158370 0.277430 -0.065519 255 0 0
0.094026 -0.038900 0.732362 255 255 255
-0.143489 0.049400 -0.628824 255 0 0
0.123491 -0.392545 -0.555086 255 0 0
-0.022248 0.352508 -0.537830 255 0 0
-0.227805 0.055386 0.212269 255 0 0
0.221690 -0.034499 0.162791 255 0 0
0.115307 0.335457 -0.114557 255 0 0
0.104307 -0.043873 0.694582 255 255 255
-0.066681 0.182092 -0.670843 255 0 0
0.000709 -0.003457 0.951307 255 255 255
-0.198717 -0.022920 0.056622 255 0 0
-0.215161 0.131807 -0.445469 255 0 0
0.155862 0.030660 0.435225 255 0 0
-0.166887 0.222811 -0.555333 255 0 0
-0.100635 0.120352 0.626322 255 0 0
0.196281 -0.083798 0.265777 255 0 0
-0.088402 -0.323229 -0.480815 255 0 0
-0.111605 -0.452069 -0.412175 255 255 255
0.165296 -0.185041 -0.137028 255 0 0
0.195199 0.139534 0.290086 255 0 0
0.038032 -0.097267 0.480538 255 0 0
0.031857 0.358476 -0.043746 255 0 0
-0.113222 0.255575 0.440259 255 0 0
0.106521 0.231727 0.486441 255 0 0
-0.028946 -0.119562 0.570744 255 255 255
-0.032307 0.226403 0.594683 255 0 0
-0.067508 -0.162444 -0.432733 255 0 0
0.022611 0.395497 0.133175 255 0 0
-0.212268 0.152003 -0.439655 255 0 0
0.104123 0.201292 0.644565 255 255 255
0.127824 -0.334162 0.142756 255 0 0
-0.177193 -0.164125 0.159225 255 0 0
0.217878 0.016087 -0.489844 255 0 0
0.184071 0.200936 -0.540242 255 0 0
-0.138661 -0.498613 -0.524059 255 255 255
0.097714 -0.362832 -0.479466 255 0 0
0.191669 -0.066470 -0.041384 255 0 0
0.198621 0.107357 -0.567650 255 0 0
-0.056511 -0.379801 0.071559 255 0 0
-0.029918 0.361619 0.003341 255 0 0
-0.212589 0.062430 0.128533 255 0 0
-0.198736 0.001461 0.014584 255 0 0
0.111638 -0.372482 0.073733 255 0 0
0.059680 0.005768 0.774808 255 0 0
0.076942 0.375920 -0.241698 255 0 0
0.207186 -0.090172 0.212853 255 0 0
0.202861 0.214223 -0.313422 255 0 0
-0.120815 0.333934 -0.130511 255 0 0
0.010762 0.109400 0.694046 255 0 0
0.200411 0.222142 -0.311948 255 0 0
-0.031265 -0.503227 -0.439311 255 255 255
0.222927 0.047985 -0.456177 255 0 0
0.185808 0.200773 -0.080374 255 0 0
0.200603 -0.111805 -0.465253 255 0 0
-0.046659 -0.250122 0.142764 255 0 0
0.052510 -0.241956 0.005516 255 0 0
-0.040549 0.368830 0.270310 255 0 0
-0.182485 -0.161669 -0.126263 255 0 0
-0.205537 0.176524 -0.256759 255 0 0
-0.207849 0.096221 -0.200702 255 0 0
0.108715 -0.510326 0.138054 255 255 255
0.119887 -0.024855 0.590170 255 0 0
-0.095907 0.166080 0.588258 255 0 0
-0.041391 -0.027486 0.896621 255 0 0
-0.223844 0.064667 0.194176 255 0 0
0.000976 0.004439 -0.807229 255 255 255
0.163837 0.242341 -0.542454 255 0 0
-0.017036 -0.089653 0.799274 255 255 255
0.095609 -0.111190 0.662160 255 255 255
0.067868 -0.063310 0.856076 255 0 0
0.120823 -0.118555 0.345492 255 0 0
-0.091277 -0.164633 0.291039 255 0 0
-0.064948 -0.171904 0.809716 255 255 255
-0.113373 0.216161 0.651122 255 255 255
-0.010147 -0.165380 0.698122 255 255 255
0.111599 0.327084 -0.058055 255 0 0
0.059646 -0.293032 -0.617392 255 0 0
-0.222270 -0.010906 -0.466189 255 0 0
-0.035478 -0.141001 -0.424895 255 0 0
0.087579 -0.219345 -0.603055 255 0 0
-0.201261 0.167310 -0.190491 255 0 0
0.076140 0.339813 0.000156 255 0 0
0.213098 0.098376 0.148148 255 0 0
0.087242 -0.032049 0.745353 255 0 0
-0.170418 -0.182566 0.150934 255 0 0
0.173098 0.121502 0.360223 255 0 0
-0.006619 0.259182 0.575280 255 0 0
0.197127 0.106882 -0.043063 255 0 0
0.209728 -0.030509 -0.290808 255 0 0
-0.124023 0.333704 -0.371855 255 0 0
0.213901 0.084373 -0.258829 255 0 0
-0.174058 -0.123709 -0.022024 255 0 0
-0.191442 -0.084965 -0.062697 255 0 0
-0.135108 -0.055346 0.395013 255 0 0
0.151907 0.032410 0.444343 255 0 0
-0.096102 0.330952 0.057869 255 0 0
0.211655 -0.008094 -0.504752 255 0 0
0.022616 -0.117393 0.912399 255 255 255
-0.014871 -0.215244 -0.303770 255 0 0
-0.073554 -0.123885 0.834134 255 255 255
0.070847 0.346584 0.275361 255 0 0
0.214479 0.138422 -0.349883 255 0 0
-0.048941 -0.113467 0.421076 255 0 0
0.212185 0.087626 0.269913 255 0 0
-0.220902 0.098843 -0.386541 255 0 0
0.041043 -0.007855 0.882752 255 0 0
0.166014 -0.151681 -0.373859 255 0 0
0.050427 -0.318969 0.063904 255 255 255
0.133189 0.019064 -0.625017 255 0 0
-0.008110 -0.066333 0.920734 255 0 0
0.204236 0.080100 0.293178 255 0 0
0.116445 0.271754 0.400176 255 0 0
-0.217957 -0.023238 0.147777 255 0 0
-0.009900 0.191221 0.977873 255 255 255
-0.119769 -0.240073 -0.596901 255 0 0
-0.202237 0.041191 -0.100775 255 0 0
0.124795 0.246286 0.400978 255 0 0
-0.055144 0.064142 0.718977 255 0 0
0.099672 -0.050707 0.718796 255 255 255
0.101597 -0.293440 -0.621950 255 0 0
0.075242 0.009863 0.752237 255 0 0
0.089676 -0.066994 0.458797 255 0 0
-0.198309 0.172439 -0.168213 255 0 0
-0.011026 0.262103 -0.660361 255 0 0
0.210814 -0.032351 -0.311074 255 0 0
-0.006279 -0.048213 -0.826616 255 255 255
-0.038085 0.148804 -0.688690 255 0 0
0.003099 0.107093 0.979514 255 255 255
0.203576 -0.021938 0.296589 255 0 0
-0.057953 -0.210150 -0.536720 255 0 0
-0.037605 0.005596 0.901940 255 0 0
-0.194324 -0.039694 -0.543369 255 0 0
0.080647 -0.433325 -0.564864 255 0 0
0.018359 -0.101579 0.494249 255 0 0
-0.020149 0.084654 0.721095 255 0 0
-0.099716 -0.052752 0.466321 255 0 0
-0.191599 -0.088679 -0.312402 255 0 0
-0.116503 -0.405731 -0.473524 255 0 0
0.073297 -0.132508 0.823492 255 0 0
0.145601 0.318783 -0.354432 255 0 0
-0.101667 0.341544 0.176635 255 0 0
-0.192409 -0.121619 -0.495190 255 0 0
-0.150866 0.278276 0.035589 255 0 0
-0.125260 -0.418797 -0.522437 255 0 0
0.061588 -0.251987 -0.072466 255 0 0
-0.097632 0.299131 0.399105 255 0 0
-0.103588 0.044348 0.645819 255 0 0
0.183252 -0.123063 -0.517589 255 0 0
0.180542 -0.097677 0.062548 255 0 0
-0.214815 -0.032879 -0.335128 255 0 0
-0.128381 -0.103027 -0.591312 255 0 0
-0.220496 0.098612 -0.337454 255 0 0
-0.162127 0.078279 -0.623415 255 0 0
0.127540 -0.345248 0.090830 255 0 0
0.182962 -0.105541 -0.341590 255 0 0
-0.122639 0.058905 0.557790 255 0 0
-0.030871 0.058304 0.902690 255 0 0
-0.192638 -0.151098 -0.175243 255 0 0
-0.186455 0.189402 -0.037866 255 0 0
-0.061952 -0.184389 -0.546963 255 0 0
0.063387 0.356631 -0.487812 255 0 0
-0.056178 -0.459984 -0.543011 255 0 0
-0.189226 0.165796 0.096038 255 0 0
-0.128156 0.247760 0.379202 255 0 0
-0.103155 0.355457 -0.344531 255 0 0
-0.075032 -0.251275 0.215595 255 0 0
-0.175717 0.211270 0.081261 255 0 0
0.200757 -0.028634 0.066195 255 0 0
-0.125584 0.232795 0.660309 255 255 255
-0.160102 -0.189570 0.116535 255 0 0
0.183428 0.197100 -0.024895 255 0 0
0.151484 -0.031551 0.395781 255 0 0
-0.004383 -0.119207 0.563635 255 255 255
0.157844 0.121542 0.413285 255 0 0
-0.203167 0.127874 0.262133 255 0 0
-0.123274 -0.021871 0.458668 255 0 0
-0.141204 -0.214821 0.224067 255 0 0
-0.224558 -0.006324 -0.371210 255 0 0
-0.218183 0.060175 -0.520873 255 0 0
0.046407 0.290472 -0.620591 255 0 0
0.153505 -0.026122 -0.597757 255 0 0
0.202166 0.140184 0.133514 255 0 0
-0.029807 -0.010203 0.922336 255 255 255
0.116666 0.273260 0.396078 255 0 0
0.092545 0.229056 0.521903 255 0 0
-0.027144 0.304129 -0.613393 255 0 0
0.195205 -0.095342 -0.261927 255 0 0
0.108945 -0.129754 0.346491 255 0 0
0.190685 0.235551 -0.197958 255 0 0
0.014566 -0.181414 0.781380 255 255 255
0.039450 0.008458 -0.643715 255 0 0
0.112848 -0.495408 0.056844 255 255 255
0.165249 0.108761 0.393021 255 0 0
-0.140856 0.193358 -0.612783 255 0 0
-0.054329 0.392494 -0.285886 255 0 0
-0.009320 0.127224 0.832816 255 255 255
-0.197290 0.125558 -0.065322 255 0 0
-0.030829 -0.091176 0.911146 255 0 0
0.014898 0.167399 0.657583 255 0 0
-0.098192 -0.512531 0.116342 255 255 255
-0.114668 0.321606 0.245037 255 0 0
0.210836 -0.073007 0.232479 255 0 0
0.076878 0.313389 -0.568378 255 0 0
0.119433 0.007988 0.510754 255 0 0
0.123412 0.123311 0.524713 255 0 0
0.121700 -0.352163 -0.507795 255 0 0
0.067532 0.090709 0.677309 255 0 0
0.120911 0.313541 -0.001076 255 0 0
0.045105 -0.364272 -0.558554 255 0 0
-0.170977 0.235355 0.038553 255 0 0
-0.148743 -0.466813 0.103311 255 255 255
0.006351 0.122571 0.686458 255 0 0
0.144679 -0.252111 0.107024 255 0 0
-0.186374 0.256984 -0.398576 255 0 0
0.206028 0.199938 -0.318038 255 0 0
-0.118920 0.299702 0.299673 255 0 0
-0.030441 0.386928 -0.193345 255 0 0
-0.138817 0.295474 0.085538 255 0 0
-0.205875 -0.033162 -0.226194 255 0 0
-0.111271 -0.364883 0.069097 255 0 0
0.155396 -0.167614 0.092253 255 0 0
-0.215978 0.079892 -0.270938 255 0 0
-0.226468 0.051328 -0.370893 255 0 0
0.215943 0.123812 -0.426455 255 0 0
-0.199111 0.015713 0.009316 255 0 0
-0.192984 -0.116689 -0.240169 255 0 0
0.182338 -0.149502 0.131491 255 0 0
-0.123944 -0.042163 0.429893 255 0 0
-0.015338 0.210303 0.615456 255 0 0
-0.065976 0.342423 0.324046 255 0 0
-0.051539 -0.158051 0.890394 255 255 255
0.210093 0.019028 -0.229355 255 0 0
-0.111953 -0.380073 0.076241 255 0 0
-0.210761 0.160889 -0.425802 255 0 0
-0.205895 -0.043052 0.283216 255 0 0
-0.210658 0.161120 -0.452837 255 0 0
0.121004 -0.233451 -0.413294 255 255 255
-0.061637 -0.478740 0.059294 255 255 255
0.043502 -0.506306 -0.454776 255 255 255
-0.106011 -0.455230 0.066913 255 255 255
-0.139878 -0.218881 0.222680 255 0 0
0.216660 0.063546 0.138058 255 0 0
0.204967 -0.099073 -0.463650 255 0 0
0.208846 0.017352 -0.211132 255 0 0
-0.208267 -0.024563 0.288531 255 0 0
-0.157514 -0.142001 0.005034 255 0 0
-0.063521 0.342420 0.410963 255 0 0
0.133288 0.248299 0.681542 255 255 255
-0.087979 -0.065951 0.529644 255 0 0
-0.135681 0.273218 0.309202 255 0 0
-0.177161 0.249791 -0.140853 255 0 0
-0.196013 -0.034297 0.026119 255 0 0
-0.209891 -0.063787 -0.483265 255 0 0
0.034513 0.361935 0.353650 255 0 0
-0.094657 0.363854 -0.218156 255 0 0
-0.051099 -0.180290 0.804108 255 255 255
-0.151953 -0.032992 0.394277 255 0 0
-0.094207 0.214438 0.535085 255 0 0
0.055854 0.363938 -0.455518 255 0 0
-0.195054 -0.140797 -0.185004 255 0 0
0.060313 -0.360470 0.062259 255 0 0
-0.081241 -0.189356 -0.290159 255 0 0
0.057628 0.358228 0.058123 255 0 0
-0.069346 -0.506697 0.175012 255 255 255
0.113291 -0.006138 0.639064 255 0 0
0.049519 -0.105882 0.432060 255 0 0
0.193678 0.129735 0.303501 255 0 0
-0.016075 -0.224023 -0.287562 255 0 0
-0.045242 0.268844 0.552241 255 0 0
-0.217445 0.025432 -0.522397 255 0 0
0.148230 -0.040980 -0.595456 255 0 0
-0.137149 -0.440344 -0.484650 255 255 255
-0.037684 -0.126358 0.589133 255 255 255
0.153902 -0.120913 0.293037 255 0 0
-0.094376 0.345769 0.141440 255 0 0
-0.049351 -0.156981 0.836385 255 255 255
-0.008048 -0.184010 0.794674 255 255 255
0.139138 0.081258 -0.634210 255 0 0
0.087584 -0.401217 0.155981 255 0 0
0.053746 -0.507323 0.078297 255 255 255
-0.068237 -0.156613 -0.355354 255 0 0
0.110096 -0.067672 0.661300 255 255 255
-0.042657 -0.502248 -0.415340 255 255 255
0.205132 0.024700 0.305688 255 0 0
0.141677 -0.061339 0.381597 255 0 0
0.069769 0.380317 -0.255494 255 0 0
-0.057549 0.191833 -0.674960 255 0 0
-0.108420 -0.510487 -0.452183 255 255 255
0.201714 0.081449 0.062234 255 0 0
-0.160437 0.282528 -0.103471 255 0 0
0.156066 0.053420 0.442739 255 0 0
0.034987 0.355909 -0.033659 255 0 0
0.053823 -0.448219 -0.450671 255 255 255
-0.147458 -0.490762 0.158462 255 255 255
-0.077383 -0.223524 0.041819 255 0 0
0.084502 0.296761 0.469004 255 0 0
0.075083 -0.339478 0.045607 255 255 255
-0.060912 -0.245371 0.196408 255 0 0
0.119649 -0.370651 -0.495602 255 0 0
-0.163901 0.263937 -0.063892 255 0 0
0.221414 -0.054010 0.206032 255 0 0
0.057999 -0.030460 0.826157 255 0 0
-0.146525 0.271663 0.281455 255 0 0
0.084913 0.039469 -0.652378 255 0 0
0.123259 -0.360036 0.112162 255 0 0
-0.194901 -0.141872 -0.165842 255 0 0
-0.216068 0.124287 -0.444446 255 0 0
0.098717 -0.471026 0.056312 255 255 255
0.067174 0.371389 -0.178013 255 0 0
-0.067122 0.253847 0.542004 255 0 0
0.103905 -0.371207 -0.479098 255 0 0
-0.031946 0.042892 0.932092 255 255 255
0.011505 0.117789 0.977858 255 255 255
0.170920 0.282121 -0.394324 255 0 0
0.129046 -0.452033 -0.522122 255 255 255
-0.036659 -0.204717 0.212624 255 0 0
0.161323 0.257428 0.076023 255 0 0
-0.021822 -0.227908 -0.271962 255 0 0
-0.225517 0.006801 -0.365794 255 0 0
-0.077978 0.331682 0.326810 255 0 0
-0.206283 0.073880 0.101212 255 0 0
-0.171666 -0.106534 0.283769 255 0 0
-0.056714 -0.412540 -0.561630 255 0 0
-0.134296 -0.025025 0.434219 255 0 0
-0.097031 0.367901 -0.309790 255 0 0
-0.210040 0.044206 0.296071 255 0 0
-0.097488 -0.354940 -0.617638 255 0 0
-0.109392 -0.317593 0.177139 255 0 0
0.186666 -0.138311 -0.387736 255 0 0
0.106471 -0.326722 -0.616286 255 0 0
0.111791 0.186759 -0.640228 255 0 0
0.197839 0.211610 -0.219123 255 0 0
-0.010333 0.396125 -0.201130 255 0 0
-0.175258 -0.141392 -0.372338 255 0 0
0.029021 -0.491450 -0.445260 255 255 255
-0.078315 -0.462205 -0.550633 255 0 0
0.053971 -0.290040 -0.497682 255 0 0
0.195299 0.236935 -0.361042 255 0 0
0.030821 -0.475912 -0.471393 255 255 255
-0.220984 0.035059 -0.308680 255 0 0
0.048247 0.037877 0.777041 255 0 0
0.091175 -0.252296 0.225806 255 0 0
0.003307 0.167512 0.655188 255 0 0
0.060564 -0.184109 -0.315757 255 0 0
0.179378 0.171129 0.310559 255 0 0
0.108667 -0.437600 -0.545392 255 0 0
0.024436 -0.036359 0.921926 255 255 255
0.193052 0.160810 0.106897 255 0 0
0.161275 0.301178 -0.172901 255 0 0
0.090755 0.082231 0.656143 255 0 0
-0.132295 0.156187 0.482482 255 0 0
-0.088948 -0.305558 -0.630387 255 0 0
0.223619 -0.034007 0.226776 255 0 0
0.164764 -0.186493 -0.168068 255 0 0
-0.107002 -0.165886 -0.590478 255 0 0
0.017696 0.332249 -0.579806 255 0 0
0.148287 -0.484072 -0.415656 255 255 255
0.015890 0.083864 0.838627 255 0 0
0.139003 -0.225082 -0.406857 255 0 0
0.068410 -0.170545 -0.327935 255 0 0
0.078192 -0.058882 0.811456 255 0 0
-0.229683 0.027707 0.192225 255 0 0
-0.200756 -0.079712 -0.344707 255 0 0
-0.198957 -0.090657 -0.130971 255 0 0
0.005637 0.371722 0.346439 255 0 0
0.144993 -0.177956 -0.236496 255 0 0
0.065940 0.283345 -0.617261 255 0 0
-0.224581 -0.031631 0.213917 255 0 0
-0.182647 0.264412 -0.241678 255 0 0
-0.080370 -0.228579 -0.006034 255 0 0
0.223063 0.059738 -0.352318 255 0 0
-0.187395 0.227964 -0.167116 255 0 0
0.123275 -0.178333 -0.579332 255 0 0
-0.179721 0.212121 -0.003117 255 0 0
-0.190670 0.028692 0.344263 255 0 0
0.200728 -0.054426 0.092634 255 0 0
0.179145 -0.128998 0.246351 255 0 0
-0.034769 -0.152164 0.902523 255 255 255
-0.216749 0.124667 -0.405523 255 0 0
0.033143 0.195493 -0.691636 255 0 0
0.160251 -0.155596 0.090282 255 0 0
-0.152682 0.190208 0.364392 255 0 0
-0.071905 0.344625 0.041436 255 0 0
-0.006741 -0.043813 -0.825502 255 255 255
0.187733 -0.147622 -0.214087 255 0 0
0.086438 -0.345049 -0.482835 255 255 255
-0.127472 -0.477026 0.191657 255 255 255
-0.025220 0.180718 -0.699220 255 0 0
-0.216873 0.072849 -0.539419 255 0 0
-0.135102 0.308817 -0.073821 255 0 0
-0.171455 0.237317 0.156440 255 0 0
-0.105964 -0.129646 -0.592557 255 0 0
0.009821 0.012431 -0.645564 255 0 0
-0.195655 -0.054020 -0.533708 255 0 0
0.190812 -0.138675 -0.395021 255 0 0
0.005867 -0.017324 -0.816574 255 255 255
0.074275 -0.437110 -0.560624 255 0 0
-0.136089 0.337561 -0.236407 255 0 0
0.063587 0.332130 0.437146 255 0 0
0.204573 0.203169 -0.297098 255 0 0
-0.003483 -0.023924 -0.825289 255 255 255
-0.212058 -0.027232 -0.312927 255 0 0
-0.140593 0.127373 -0.634129 255 0 0
0.061309 -0.185714 -0.544764 255 0 0
0.168666 -0.115962 0.056717 255 0 0
0.125290 -0.323735 -0.578203 255 0 0
0.083163 -0.111305 0.783208 255 255 255
-0.066821 0.326829 -0.552109 255 0 0
-0.096067 0.228803 0.634637 255 255 255
-0.164668 -0.091449 0.311300 255 0 0
-0.191263 -0.083335 -0.059245 255 0 0
0.197018 0.076625 -0.580834 255 0 0
-0.205935 -0.032222 -0.223697 255 0 0
-0.201403 -0.096772 -0.169522 255 0 0
-0.126086 -0.415602 -0.504983 255 0 0
-0.095121 0.208727 0.664945 255 255 255
-0.054308 -0.148997 -0.533440 255 0 0
-0.084080 -0.318415 -0.479601 255 0 0
0.200297 0.202808 -0.230370 255 0 0
0.185765 0.184017 -0.014099 255 0 0
-0.116960 -0.228650 -0.110010 255 0 0
0.209191 0.108406 -0.537523 255 0 0
-0.163624 -0.197093 -0.401261 255 0 0
-0.194948 0.237132 -0.344860 255 0 0
-0.082866 0.377559 -0.290437 255 0 0
-0.037766 0.356870 -0.007353 255 0 0
-0.202037 0.210819 -0.286727 255 0 0
-0.228917 0.033620 0.237000 255 0 0
0.160398 -0.231650 -0.452930 255 0 0
0.202993 -0.064506 -0.316773 255 0 0
-0.162281 0.284903 -0.448246 255 0 0
0.198978 0.007119 -0.025938 255 0 0
-0.215122 0.042826 0.284912 255 0 0
0.210808 0.037514 -0.229000 255 0 0
0.106726 0.196284 -0.641037 255 0 0
0.212162 -0.070087 -0.460970 255 0 0
0.180880 0.263044 -0.418074 255 0 0
0.210085 -0.005551 -0.261902 255 0 0
0.171271 -0.178722 -0.397299 255 0 0
0.181499 0.241539 -0.141876 255 0 0
-0.153851 0.322066 -0.297903 255 0 0
0.038811 -0.147341 0.385960 255 0 0
0.208746 -0.027914 -0.279040 255 0 0
-0.121014 0.315003 -0.014611 255 0 0
0.097883 -0.414404 -0.458691 255 0 0
0.207924 0.177610 -0.454246 255 0 0
-0.141656 0.054399 -0.631359 255 0 0
-0.000387 0.082360 0.724285 255 0 0
-0.028918 0.370523 0.285454 255 0 0
-0.209766 0.168897 -0.302371 255 0 0
0.053227 -0.307774 -0.502039 255 0 0
0.094509 0.332955 0.258446 255 0 0
-0.219407 0.028274 -0.508256 255 0 0
-0.143430 -0.254333 -0.441836 255 0 0
0.116558 -0.378392 0.134228 255 0 0
0.189814 0.182945 -0.542600 255 0 0
0.114572 0.350628 -0.211281 255 0 0
0.006956 0.377016 0.041172 255 0 0
0.105600 0.347982 -0.366681 255 0 0
0.103666 -0.142590 -0.590199 255 0 0
-0.016171 -0.225866 -0.282312 255 0 0
-0.185117 0.095149 0.343627 255 0 0
0.100814 -0.082426 0.720964 255 255 255
0.168382 -0.176244 0.207837 255 0 0
0.151954 -0.272316 0.123861 255 0 0
-0.195750 0.162028 0.139512 255 0 0
-0.202440 0.128163 0.126617 255 0 0
-0.069665 0.015224 0.760571 255 0 0
-0.060022 0.200931 0.639748 255 255 255
0.179071 -0.160941 0.184690 255 0 0
0.004747 -0.112016 0.440613 255 0 0
0.115778 -0.403632 0.131519 255 0 0
-0.018466 0.118071 0.687538 255 0 0
0.096311 -0.319515 0.179454 255 0 0
-0.196215 -0.077522 -0.306227 255 0 0
-0.097782 0.232393 0.509815 255 0 0
0.141140 -0.190875 -0.213253 255 0 0
-0.218727 0.092670 -0.497907 255 0 0
-0.045099 -0.477522 0.067520 255 255 255
-0.047943 -0.266835 -0.532901 255 0 0
0.196738 0.112723 0.051905 255 0 0
0.178393 0.233439 -0.083943 255 0 0
-0.191306 -0.090530 0.094333 255 0 0
0.152529 -0.185394 -0.389234 255 0 0
0.206698 0.114604 0.129634 255 0 0
0.192045 0.181078 -0.109100 255 0 0
0.197706 -0.018171 -0.541556 255 0 0
0.181337 0.122232 -0.595639 255 0 0
0.219524 -0.004920 -0.323754 255 0 0
0.162317 0.119867 0.395103 255 0 0
0.152752 0.178698 0.372726 255 0 0
-0.169295 0.242231 0.021368 255 0 0
0.038163 -0.024805 -0.629073 255 0 0
0.200173 0.027704 -0.041349 255 0 0
0.000052 -0.153763 0.906451 255 255 255
0.144183 -0.238139 0.205652 255 0 0
0.229323 0.005980 0.215534 255 0 0
0.034023 0.036190 -0.656556 255 0 0
0.031453 -0.058953 0.912498 255 255 255
0.187845 0.217819 -0.136599 255 0 0
0.128120 -0.368114 -0.523505 255 0 0
-0.065773 -0.188361 -0.305353 255 0 0
0.030550 0.062599 0.936545 255 255 255
0.135531 0.333660 -0.325341 255 0 0
0.161614 0.283225 -0.451496 255 0 0
-0.210194 0.170248 -0.335269 255 0 0
-0.048809 0.018420 0.810105 255 0 0
0.196473 0.135314 -0.088098 255 0 0
0.176830 0.291741 -0.258816 255 0 0
-0.137890 -0.449372 -0.503852 255 255 255
0.183538 -0.091899 -0.019223 255 0 0
0.145254 -0.020973 0.417116 255 0 0
-0.185178 0.179058 0.105403 255 0 0
0.057832 -0.040666 0.843966 255 0 0
0.182276 0.273391 -0.338619 255 0 0
0.123758 0.263590 0.374509 255 0 0
-0.218988 0.059773 -0.290781 255 0 0
-0.129318 0.161133 -0.634587 255 0 0
-0.195955 0.177852 -0.153226 255 0 0
0.214885 0.121531 -0.487707 255 0 0
-0.100758 0.365704 -0.261787 255 0 0
-0.002036 0.278768 0.562769 255 0 0
-0.223361 0.052367 -0.438546 255 0 0
0.137878 0.335732 -0.308976 255 0 0
-0.150130 -0.284071 0.110664 255 0 0
-0.094617 -0.029842 0.728591 255 0 0
0.085391 0.106337 0.660098 255 0 0
0.114275 -0.376648 -0.582629 255 0 0
0.103191 0.296266 0.400197 255 0 0
0.003054 0.382585 -0.151537 255 0 0
-0.211571 0.058443 0.121153 255 0 0
-0.037922 0.121973 -0.686305 255 0 0
-0.171209 0.018185 -0.599145 255 0 0
-0.137302 -0.490061 0.191215 255 255 255
-0.006457 0.377379 0.285803 255 0 0
-0.070601 0.345098 -0.503376 255 0 0
0.200387 -0.054975 0.091837 255 0 0
0.108284 -0.283988 0.202097 255 0 0
0.068928 0.145966 0.661465 255 255 255
0.079886 -0.220084 0.226015 255 0 0
-0.152819 0.180485 0.377875 255 0 0
0.047040 0.362229 0.278084 255 0 0
-0.051808 -0.121896 0.898364 255 255 255
0.120238 -0.156228 0.286354 255 0 0
-0.045233 -0.452265 -0.460163 255 0 0
-0.170586 0.241550 -0.001077 255 0 0
-0.203901 0.149554 0.168570 255 0 0
-0.202481 0.062126 0.068185 255 0 0
0.179934 -0.157516 -0.101998 255 0 0
-0.022765 0.366588 -0.088264 255 0 0
-0.116947 0.226518 -0.617404 255 0 0
0.157653 0.264786 0.237211 255 0 0
-0.071603 -0.096123 -0.598777 255 0 0
0.190428 0.177914 -0.082776 255 0 0
0.030204 -0.476928 0.097629 255 255 255
0.133701 -0.054493 -0.601382 255 0 0
0.116148 -0.330721 0.162320 255 0 0
0.198976 0.161745 0.171189 255 0 0
0.209180 0.039874 -0.207849 255 0 0
-0.031081 0.196503 0.637264 255 0 0
0.147877 -0.141397 -0.297856 255 0 0
-0.054143 -0.374653 0.073431 255 0 0
0.175471 -0.161148 -0.510001 255 0 0
-0.201583 0.113301 -0.135129 255 0 0
-0.150025 -0.492110 -0.507967 255 255 255
-0.001774 -0.257451 -0.116270 255 0 0
-0.118159 0.244145 0.438835 255 0 0
-0.197633 0.134711 0.282594 255 0 0
-0.031478 0.063751 0.775171 255 0 0
0.007421 0.106807 0.819027 255 255 255
-0.029699 0.368621 0.291684 255 0 0
0.079164 -0.363131 0.162288 255 0 0
0.074902 -0.505484 -0.410813 255 255 255
-0.204255 0.151343 0.209998 255 0 0
0.078660 -0.132137 0.661049 255 255 255
0.191578 -0.064148 -0.034049 255 0 0
-0.027673 0.244462 -0.668823 255 0 0
-0.049810 0.353729 0.323603 255 0 0
-0.086425 -0.063632 0.477603 255 0 0
0.074260 -0.310399 -0.481380 255 0 0
0.196251 -0.076906 -0.320222 255 0 0
-0.041835 0.373844 -0.150247 255 0 0
0.167830 0.292256 -0.175232 255 0 0
0.010463 0.082909 0.810567 255 0 0
-0.163556 0.253795 0.045018 255 0 0
-0.106581 0.304407 0.323750 255 0 0
-0.183485 0.158492 -0.576225 255 0 0
-0.101157 0.139589 0.596869 255 0 0
-0.188886 -0.150900 -0.140680 255 0 0
0.165466 0.245661 0.076808 255 0 0
-0.041472 0.018244 -0.649548 255 0 0
-0.153852 0.271712 0.107642 255 0 0
-0.064951 -0.109821 0.862108 255 255 255
-0.069225 0.263143 0.531157 255 0 0
0.110612 0.331314 -0.445952 255 0 0
-0.097038 0.227760 0.516221 255 0 0
-0.030659 0.387862 -0.197642 255 0 0
-0.062795 -0.165185 0.775728 255 255 255
0.199187 0.091283 0.045983 255 0 0
-0.196479 0.139157 -0.079399 255 0 0
-0.173509 0.166529 0.334790 255 0 0
-0.201534 0.047166 0.049504 255 0 0
-0.211906 -0.064155 -0.362266 255 0 0
-0.207942 0.187477 -0.334940 255 0 0
-0.129347 -0.336082 0.134306 255 0 0
0.000016 0.218918 0.606935 255 0 0
-0.172848 -0.125555 -0.020272 255 0 0
0.016180 0.324383 0.526140 255 0 0
0.058778 -0.012323 0.793387 255 0 0
0.002315 -0.041443 -0.837322 255 255 255
0.006279 0.148359 -0.730776 255 255 255
0.174792 0.080238 -0.608631 255 0 0
0.103456 0.220399 -0.632609 255 0 0
-0.110422 0.281280 0.397074 255 0 0
0.112190 -0.057565 0.642929 255 0 0
0.071191 0.144974 -0.673887 255 0 0
0.167848 -0.121501 0.068719 255 0 0
-0.214148 0.105210 0.173441 255 0 0
-0.179383 0.256801 -0.180884 255 0 0
0.004432 0.291797 -0.632787 255 0 0
-0.090418 -0.426824 -0.568279 255 0 0
0.059113 0.339439 -0.540605 255 0 0
-0.153370 0.025535 0.441559 255 0 0
0.187690 0.247353 -0.433085 255 0 0
0.024961 -0.221053 -0.291417 255 0 0
0.032293 -0.101101 0.464402 255 0 0
0.122743 -0.088674 -0.595945 255 0 0
-0.032775 -0.494776 -0.429671 255 255 255
0.094383 -0.427445 -0.443743 255 255 255
0.036123 -0.347586 0.124757 255 0 0
-0.037000 0.202668 0.629241 255 0 0
-0.182834 -0.153128 0.155959 255 0 0
-0.171821 -0.058381 0.331602 255 0 0
-0.063087 -0.425273 -0.562083 255 0 0
0.041037 -0.490879 0.179739 255 255 255
-0.134930 0.204979 0.637997 255 255 255
-0.219855 0.065686 0.254412 255 0 0
0.214585 0.095472 0.154016 255 0 0
-0.098075 0.284598 -0.584069 255 0 0
0.003186 0.216334 0.609569 255 0 0
-0.209390 0.022820 -0.547956 255 0 0
0.066790 -0.026479 0.781412 255 0 0
-0.210278 -0.040326 -0.320822 255 0 0
0.225672 -0.001108 -0.401845 255 0 0
0.059351 -0.086766 0.520135 255 0 0
0.095398 -0.309443 -0.627864 255 0 0
0.218484 0.029636 -0.300326 255 0 0
0.143345 -0.483733 0.084934 255 255 255
-0.115230 0.143483 -0.647896 255 0 0
0.103826 -0.044963 0.697685 255 255 255
-0.112427 0.009922 0.643367 255 0 0
0.032478 0.375991 -0.147840 255 0 0
-0.119693 -0.425647 0.131076 255 0 0
-0.204614 0.150087 0.209986 255 0 0
-0.170778 0.051385 0.402643 255 0 0
0.072116 0.122222 -0.672868 255 0 0
0.210572 0.044757 -0.533917 255 0 0
0.009836 0.382712 -0.421828 255 0 0
-0.062725 -0.387886 -0.491337 255 0 0
-0.137614 -0.298826 -0.541196 255 255 255
0.077856 -0.317719 -0.632061 255 0 0
0.208511 0.055855 0.289397 255 0 0
-0.190550 0.246158 -0.236225 255 0 0
-0.024672 0.372993 0.410003 255 0 0
-0.043591 -0.167074 0.337360 255 0 0
-0.156196 -0.170199 -0.543586 255 0 0
-0.207835 0.048451 -0.188937 255 0 0
-0.055594 -0.257750 0.078817 255 0 0
0.038703 -0.503926 -0.504445 255 255 255
0.129756 -0.050316 0.405956 255 0 0
0.064185 -0.165664 0.780267 255 255 255
0.121802 0.320651 0.191870 255 0 0
-0.164464 -0.173918 -0.077383 255 0 0
-0.224691 0.048768 0.243528 255 0 0
-0.214915 0.111923 -0.529621 255 0 0
-0.163972 0.254698 0.000726 255 0 0
-0.193661 0.240770 -0.290215 255 0 0
0.135620 -0.296785 -0.517026 255 0 0
-0.088149 -0.510197 0.165780 255 255 255
0.013208 -0.109880 0.534804 255 255 255
-0.002669 -0.113466 0.436247 255 0 0
0.083063 -0.127846 0.713329 255 255 255
-0.017678 0.088264 0.908251 255 0 0
0.047979 -0.433143 0.092457 255 0 0
-0.084666 0.187974 0.662455 255 255 255
-0.160090 -0.212422 -0.413698 255 0 0
0.038047 0.282451 -0.633460 255 0 0
0.111463 0.068147 -0.649080 255 0 0
-0.013941 0.118157 0.974393 255 255 255
-0.046147 -0.160895 0.707386 255 255 255
0.060114 0.323808 0.489728 255 0 0
0.137574 -0.168380 0.006876 255 0 0
-0.100231 -0.101943 0.583636 255 0 0
0.046310 -0.140440 0.898367 255 255 255
0.000296 -0.180050 0.301203 255 0 0
0.099244 0.008667 -0.637317 255 0 0
0.110556 -0.023579 0.656756 255 0 0
-0.223799 -0.024049 -0.379974 255 0 0
-0.032492 -0.097958 0.501738 255 0 0
0.106038 -0.009621 0.688797 255 0 0
-0.207036 0.137958 -0.534493 255 0 0
-0.219774 0.047721 -0.490853 255 0 0
-0.036073 0.387584 -0.201591 255 0 0
-0.031255 -0.012045 0.918768 255 255 255
0.201597 -0.067886 -0.149812 255 0 0
0.099330 0.363682 -0.240312 255 0 0
0.103442 -0.204873 0.007170 255 0 0
-0.224762 -0.008871 0.250831 255 0 0
-0.076005 -0.268794 -0.620184 255 0 0
0.055393 -0.488450 0.185459 255 255 255
0.107792 -0.035593 0.482749 255 0 0
-0.085740 0.313473 0.419067 255 0 0
-0.176819 0.248293 -0.132427 255 0 0
0.123157 0.041856 0.564668 255 0 0
-0.115055 -0.295957 0.189788 255 0 0
0.090373 -0.212955 0.235505 255 0 0
0.121076 -0.014592 0.552293 255 0 0
-0.195202 -0.060364 0.072612 255 0 0
0.218391 0.001692 -0.478360 255 0 0
-0.035619 0.368935 0.442073 255 0 0
0.193059 0.151168 0.284661 255 0 0
-0.086720 0.166570 0.661993 255 255 255
0.079696 0.271540 0.509723 255 0 0
0.209380 0.174218 -0.313267 255 0 0
-0.218753 0.090055 0.193245 255 0 0
0.176554 0.221129 0.157438 255 0 0
0.064400 -0.097821 -0.594612 255 0 0
-0.046004 -0.018684 -0.632794 255 0 0
0.164102 0.255695 -0.523888 255 0 0
-0.145632 -0.052495 0.385993 255 0 0
-0.170989 0.268591 -0.473855 255 0 0
0.073389 -0.175438 -0.433439 255 0 0
0.055780 -0.164608 0.743521 255 255 255
-0.038647 -0.158717 0.689062 255 255 255
0.087580 -0.076417 -0.609447 255 0 0
0.064752 0.094247 0.678272 255 0 0
0.050462 -0.307797 -0.605880 255 0 0
0.222102 0.015345 0.266960 255 0 0
0.096892 -0.512610 0.138177 255 255 255
-0.008736 0.379824 0.442308 255 0 0
0.078180 0.135741 0.659307 255 255 255
-0.054181 0.266138 0.544915 255 0 0
0.008135 0.359596 0.497179 255 0 0
0.013270 0.362771 -0.049598 255 0 0
0.013929 0.366128 -0.076293 255 0 0
-0.159415 -0.187507 -0.188840 255 0 0
0.201251 -0.051312 -0.134557 255 0 0
0.091542 0.239381 0.512925 255 0 0
0.223669 0.029553 -0.339548 255 0 0
0.211930 0.154823 -0.310171 255 0 0
0.222478 -0.047563 0.187496 255 0 0
-0.016146 0.376251 -0.137238 255 0 0
0.161830 -0.189774 -0.151262 255 0 0
0.005541 0.353936 -0.535943 255 0 0
-0.207113 0.133333 0.164165 255 0 0
0.163096 -0.111840 -0.555023 255 0 0
0.125255 0.308609 0.260575 255 0 0
-0.034575 -0.503748 -0.437930 255 255 255
0.197007 -0.065940 0.088070 255 0 0
0.137944 -0.465888 0.159414 255 255 255
-0.142957 0.310286 -0.415027 255 0 0
-0.058325 -0.103361 -0.585648 255 0 0
0.179792 0.226492 -0.078496 255 0 0
-0.129563 0.343979 -0.252769 255 0 0
-0.049346 -0.099062 0.444872 255 0 0
0.137020 0.075574 0.500227 255 0 0
-0.153448 -0.181489 -0.057187 255 0 0
0.093030 -0.057224 0.483461 255 0 0
0.081448 -0.053624 0.773206 255 255 255
-0.123373 -0.177539 -0.581180 255 255 255
-0.225619 0.053156 -0.350511 255 0 0
0.149549 -0.043385 -0.593306 255 0 0
0.010241 -0.176342 0.320928 255 0 0
-0.039095 -0.476832 -0.523437 255 255 255
0.169841 -0.167352 0.118210 255 0 0
-0.102540 -0.327705 0.174231 255 0 0
-0.134588 -0.019446 0.439184 255 0 0
-0.196789 0.230304 -0.355654 255 0 0
0.082061 0.349351 0.233663 255 0 0
-0.221121 0.035829 -0.482678 255 0 0
-0.174035 -0.167589 -0.095133 255 0 0
0.063504 -0.463818 0.062676 255 255 255
-0.186163 0.181191 0.009749 255 0 0
-0.016264 -0.154272 0.659779 255 255 255
0.067519 0.329404 0.420404 255 0 0
-0.111481 0.098374 0.593712 255 0 0
-0.073795 -0.014629 0.760848 255 0 0
0.219091 0.060089 -0.494882 255 0 0
-0.203545 -0.096757 0.216318 255 0 0
-0.023399 0.120751 0.937719 255 255 255
0.206451 0.176977 -0.264385 255 0 0
-0.046136 -0.447245 0.143199 255 0 0
-0.008799 0.384326 -0.162315 255 0 0
0.145746 -0.189386 -0.051420 255 0 0
0.073127 -0.280032 0.203406 255 0 0
-0.212147 0.144003 -0.492570 255 0 0
0.153581 0.086238 -0.624472 255 0 0
0.098560 -0.403032 -0.581734 255 0 0
0.038789 0.006550 0.892472 255 0 0
0.178869 -0.180889 -0.410553 255 0 0
-0.060391 0.352238 -0.494178 255 0 0
-0.207261 0.161686 -0.495654 255 0 0
-0.213279 0.149086 -0.373570 255 0 0
-0.183915 0.003088 0.351133 255 0 0
-0.158692 -0.237036 -0.490672 255 0 0
-0.044059 -0.508360 0.099629 255 255 255
-0.113733 0.238931 0.673984 255 255 255
0.192169 -0.139789 -0.399366 255 0 0
0.047583 -0.141923 -0.524963 255 0 0
0.066241 -0.287616 -0.621338 255 0 0
-0.122859 0.325336 -0.102000 255 0 0
-0.180151 -0.122879 0.102971 255 0 0
0.051811 0.234798 -0.664647 255 0 0
-0.137868 -0.249652 -0.572971 255 0 0
0.211403 -0.020668 -0.499572 255 0 0
-0.174457 0.253651 -0.130134 255 0 0
0.225308 0.019189 0.254791 255 0 0
-0.013989 -0.116696 0.427500 255 0 0
-0.037202 -0.046997 0.906066 255 0 0
-0.119019 0.228494 -0.614426 255 0 0
0.145622 0.296159 -0.472286 255 0 0
-0.226400 0.007804 -0.374883 255 0 0
-0.189664 -0.144431 -0.393953 255 0 0
-0.137470 -0.072611 0.376904 255 0 0
-0.004069 -0.157947 0.669851 255 255 255
-0.206353 0.107277 -0.190469 255 0 0
0.181807 0.215662 0.188486 255 0 0
0.116277 0.096960 0.572060 255 0 0
0.081532 -0.217805 -0.237008 255 0 0
-0.088329 -0.172203 -0.307866 255 0 0
-0.205100 0.036563 0.083764 255 0 0
-0.106964 0.205976 -0.635556 255 0 0
0.027757 0.379148 0.068166 255 0 0
0.191840 0.148528 -0.024055 255 0 0
-0.048544 -0.157730 0.696819 255 255 255
-0.225979 -0.001662 0.177062 255 0 0
0.053907 -0.248490 -0.502967 255 0 0
-0.082143 0.310414 0.456985 255 0 0
0.160858 -0.190348 0.115766 255 0 0
-0.202400 -0.088080 -0.200986 255 0 0
-0.210861 0.145941 -0.500823 255 0 0
-0.218276 0.092626 -0.295040 255 0 0
0.189262 0.202576 0.238599 255 0 0
-0.134624 -0.225500 0.223698 255 0 0
0.196094 0.108664 0.024895 255 0 0
0.016072 0.182910 0.643774 255 0 0
0.150984 0.326603 -0.288930 255 0 0
0.213515 0.064003 0.125962 255 0 0
0.086771 0.099320 -0.665779 255 0 0
-0.071173 0.327228 -0.546506 255 0 0
-0.124455 -0.210416 -0.190574 255 0 0
-0.200626 -0.040663 0.082529 255 0 0
-0.217458 0.044144 -0.539071 255 0 0
0.165259 0.216967 0.305280 255 0 0
-0.188833 0.165987 0.019279 255 0 0
0.117185 -0.005694 0.614220 255 0 0
0.127697 -0.204322 0.242838 255 0 0
0.164208 0.258794 -0.032709 255 0 0
0.095822 0.241792 0.502188 255 0 0
0.204369 -0.011650 -0.531350 255 0 0
0.054265 0.181814 -0.680952 255 0 0
-0.105180 -0.492502 -0.549087 255 255 255
0.156224 -0.241003 -0.498935 255 0 0
-0.042919 -0.339829 -0.569212 255 0 0
-0.130508 -0.282110 -0.584414 255 0 0
0.002157 -0.257529 -0.114223 255 0 0
0.047163 -0.334068 -0.599286 255 0 0
-0.151517 0.301925 -0.115012 255 0 0
0.135321 0.089874 0.504800 255 0 0
-0.189027 -0.170590 -0.439585 255 0 0
0.054507 -0.053420 0.873733 255 0 0
0.145508 -0.273859 -0.494585 255 0 0
0.035137 0.175078 -0.692615 255 0 0
-0.131176 0.322572 -0.397484 255 0 0
-0.219003 0.081566 0.246883 255 0 0
0.217388 0.101086 0.177934 255 0 0
0.000470 0.147026 0.840010 255 255 255
-0.216891 0.104073 -0.522160 255 0 0
0.087056 -0.061150 0.498453 255 0 0
-0.053893 -0.299973 0.068049 255 0 0
-0.054614 -0.208383 -0.287790 255 0 0
0.126530 0.306600 0.085162 255 0 0
-0.141179 0.275832 -0.542224 255 0 0
0.165594 0.242779 0.094905 255 0 0
-0.037095 -0.122414 0.413908 255 0 0
0.045061 0.246423 -0.661441 255 0 0
0.008834 0.332071 -0.579491 255 0 0
0.031461 -0.109952 0.541482 255 255 255
-0.060276 0.351512 0.041577 255 0 0
-0.015139 0.371182 -0.111092 255 0 0
0.167188 -0.122349 0.013403 255 0 0
-0.076659 0.329537 -0.535273 255 0 0
0.150898 -0.472722 -0.438289 255 255 255
-0.041795 -0.248968 -0.158351 255 0 0
-0.002991 0.386358 0.253290 255 0 0
-0.015935 0.136211 0.971206 255 255 255
-0.057043 -0.091027 0.530379 255 0 0
-0.128163 0.239103 0.395609 255 0 0
-0.090977 -0.509220 -0.407269 255 255 255
0.024049 -0.173572 -0.347613 255 0 0
0.164442 -0.501713 -0.449932 255 255 255
-0.041374 -0.094525 0.509968 255 0 0
0.003589 0.300027 0.944138 255 255 255
-0.204138 -0.058349 -0.211121 255 0 0
0.027657 0.098028 0.937153 255 255 255
-0.031111 -0.182887 0.802983 255 255 255
-0.200550 0.072341 0.046558 255 0 0
-0.009639 0.294599 -0.629017 255 0 0
-0.225697 0.055227 -0.391858 255 0 0
-0.140651 -0.470904 0.167903 255 255 255
-0.128303 -0.505411 0.075825 255 255 255
0.077151 0.369591 -0.358635 255 0 0
0.212546 -0.073465 0.218376 255 0 0
0.018512 0.388604 0.084727 255 0 0
-0.203435 0.021695 -0.127823 255 0 0
-0.145578 -0.071444 -0.589695 255 0 0
0.102694 -0.001318 0.693122 255 0 0
0.141025 0.037701 -0.625859 255 0 0
0.094327 -0.029055 0.726415 255 0 0
0.193847 0.007812 -0.558619 255 0 0
-0.132537 0.113152 0.505876 255 0 0
-0.174423 0.103412 0.373164 255 0 0
-0.162136 -0.150811 0.093691 255 0 0
0.210544 -0.042705 -0.489116 255 0 0
-0.020911 -0.082772 0.767806 255 255 255
0.115353 -0.190891 -0.395318 255 255 255
-0.045090 -0.503633 0.165055 255 255 255
0.188045 0.192768 -0.538272 255 0 0
-0.185648 -0.159622 -0.141602 255 0 0
-0.069752 -0.141582 0.837063 255 255 255
-0.048053 -0.376294 -0.558420 255 0 0
-0.186222 -0.141281 0.195711 255 0 0
0.113258 -0.203723 -0.015476 255 0 0
-0.200483 0.178801 -0.199915 255 0 0
-0.169351 0.038064 0.404396 255 0 0
-0.185680 0.103859 0.337232 255 0 0
0.029231 0.364416 0.330893 255 0 0
0.074696 -0.124534 0.833221 255 0 0
-0.028816 0.062143 0.900474 255 0 0
0.093721 0.307930 0.411291 255 0 0
-0.085431 0.323851 0.332733 255 0 0
0.089845 -0.218001 0.232070 255 0 0
-0.208983 0.034674 0.101448 255 0 0
-0.026988 0.095936 0.930072 255 255 255
-0.067266 0.304899 0.495198 255 0 0
-0.178318 -0.169900 -0.133870 255 0 0
-0.139846 -0.505424 0.166981 255 255 255
-0.187603 0.185404 0.139387 255 0 0
-0.168047 -0.198232 -0.500918 255 0 0
-0.035270 0.388828 0.179326 255 0 0
0.118368 0.350133 -0.223124 255 0 0
-0.166247 -0.183008 -0.185689 255 0 0
0.033153 -0.169810 0.733893 255 255 255
0.157928 -0.046043 0.374247 255 0 0
0.000913 0.058504 0.885975 255 0 0
-0.073733 0.177141 -0.667112 255 0 0
-0.007826 0.380412 0.051222 255 0 0
-0.183199 0.025489 0.361588 255 0 0
0.083100 0.270871 0.503113 255 0 0
-0.171154 0.290395 -0.245901 255 0 0
-0.160490 0.227507 0.307681 255 0 0
-0.209511 0.049434 0.296131 255 0 0
-0.116594 0.317222 -0.004240 255 0 0
0.043945 -0.454983 -0.529120 255 0 0
-0.203985 0.157211 -0.207027 255 0 0
-0.052331 -0.341997 -0.611717 255 0 0
-0.133487 0.296993 -0.519126 255 0 0
0.169890 -0.119460 0.005209 255 0 0
-0.144766 0.195080 -0.608078 255 0 0
-0.226624 0.007489 0.178749 255 0 0
0.095342 0.333039 0.255924 255 0 0
-0.215249 0.100396 -0.272527 255 0 0
-0.178375 -0.146601 0.118176 255 0 0
0.124658 0.315288 0.149246 255 0 0
0.162282 0.286262 -0.428304 255 0 0
0.067244 -0.144065 0.689049 255 255 255
-0.197072 -0.049663 -0.533231 255 0 0
0.113652 -0.466935 0.192120 255 255 255
0.126495 0.076944 0.533155 255 0 0
0.192636 -0.083597 -0.074260 255 0 0
0.163730 0.260025 -0.029216 255 0 0
0.209425 0.172114 -0.380332 255 0 0
-0.017576 -0.222140 -0.292019 255 0 0
0.154053 0.113765 -0.625457 255 0 0
0.126178 -0.398264 -0.539876 255 0 0
0.217997 -0.062867 0.176626 255 0 0
0.155733 -0.182696 -0.210080 255 0 0
-0.201101 0.151123 -0.172016 255 0 0
-0.141964 -0.460562 0.098761 255 255 255
-0.170529 0.143746 0.359010 255 0 0
-0.135805 -0.507718 -0.469989 255 255 255
-0.204594 0.115531 0.274834 255 0 0
0.105218 0.223503 0.497511 255 0 0
0.198558 -0.104163 0.131991 255 0 0
-0.167918 0.241820 0.146209 255 0 0
0.204940 -0.059882 -0.495794 255 0 0
0.111009 -0.192808 0.046913 255 0 0
0.150539 -0.195276 0.229709 255 0 0
0.153258 -0.148068 0.071537 255 0 0
0.220222 0.077416 0.226410 255 0 0
-0.149601 -0.241284 0.187716 255 0 0
-0.206803 -0.034823 -0.268121 255 0 0
0.141229 -0.284414 -0.498703 255 0 0
0.203483 0.138639 0.139099 255 0 0
0.052127 0.393471 -0.297671 255 0 0
0.151988 -0.080303 0.343014 255 0 0
0.132935 0.305769 0.232340 255 0 0
-0.068808 -0.098026 0.839970 255 255 255
0.221804 0.003481 -0.460948 255 0 0
0.151516 -0.243063 -0.525854 255 0 0
-0.061083 -0.338805 -0.625044 255 0 0
0.109600 -0.340936 -0.491549 255 255 255
0.219830 0.018813 0.142804 255 0 0
-0.057077 0.033056 -0.654963 255 0 0
-0.075113 -0.460946 0.060806 255 255 255
0.015936 0.377576 0.415324 255 0 0
0.192922 0.183481 0.186633 255 0 0
-0.191462 0.247596 -0.322014 255 0 0
-0.060051 -0.162651 0.333398 255 0 0
-0.159141 -0.191411 -0.530768 255 0 0
0.104901 0.237040 0.659816 255 255 255
-0.116789 -0.282345 -0.449890 255 0 0
0.090712 -0.514169 -0.475671 255 255 255
-0.205122 -0.059475 -0.323718 255 0 0
0.146741 0.116889 -0.630735 255 0 0
-0.077715 0.169692 0.656645 255 255 255
0.177845 0.289350 -0.259169 255 0 0
0.097211 -0.468208 0.195471 255 255 255
-0.211500 0.152856 -0.473989 255 0 0
0.029657 -0.497968 0.130645 255 255 255
0.064315 -0.172986 0.288705 255 0 0
0.175178 -0.128976 -0.033078 255 0 0
0.104196 -0.512060 0.090684 255 255 255
0.069358 -0.456669 -0.551257 255 0 0
0.079722 -0.190993 -0.289561 255 0 0
0.058713 0.373731 0.185032 255 0 0
-0.018853 -0.262049 -0.067267 255 0 0
0.185861 -0.127376 0.233111 255 0 0
-0.217103 -0.088382 -0.424705 255 0 0
0.125512 0.085475 0.534076 255 0 0
-0.017930 0.373250 0.370185 255 0 0
-0.102448 -0.407593 0.073572 255 0 0
0.106571 -0.510505 0.175666 255 255 255
-0.103456 -0.387075 -0.473848 255 0 0
0.184970 -0.083412 -0.014810 255 0 0
-0.127347 0.310753 0.137068 255 0 0
0.196071 0.146323 0.106453 255 0 0
-0.019530 0.131464 -0.691897 255 0 0
0.013110 0.376865 -0.468348 255 0 0
-0.184419 0.182623 0.109019 255 0 0
-0.013565 -0.199349 0.234461 255 0 0
0.100435 0.082478 0.636719 255 0 0
-0.204651 0.134309 0.239902 255 0 0
-0.051244 0.305984 -0.596887 255 0 0
-0.223299 -0.035436 -0.433103 255 0 0
-0.152643 0.323712 -0.253702 255 0 0
-0.104195 0.285202 0.417833 255 0 0
-0.137742 -0.478173 0.078193 255 255 255
-0.055633 -0.377101 -0.600484 255 0 0
0.118580 -0.226566 -0.121672 255 0 0
-0.115813 -0.214494 -0.195146 255 0 0
0.170650 0.290315 -0.348296 255 0 0
-0.096863 -0.209122 0.050501 255 0 0
-0.082263 -0.076375 0.804124 255 255 255
0.124771 0.246574 0.691033 255 255 255
-0.208963 0.097244 -0.570369 255 0 0
0.069541 -0.000253 0.760860 255 0 0
-0.045452 0.376199 0.093255 255 0 0
0.153360 -0.275592 0.146973 255 0 0
-0.198328 -0.005772 -0.021957 255 0 0
0.068169 0.156671 0.649849 255 255 255
0.127038 0.249567 0.690594 255 255 255
-0.215374 0.004547 0.130761 255 0 0
0.149734 -0.246112 -0.534696 255 0 0
0.088415 0.160939 0.607255 255 255 255
-0.012998 0.056049 0.885308 255 0 0
0.061521 0.297251 -0.605321 255 0 0
0.167170 -0.009512 0.384001 255 0 0
-0.202596 0.026048 0.070314 255 0 0
-0.198144 -0.137625 -0.456528 255 0 0
-0.204283 0.155055 0.180172 255 0 0
0.179884 0.227385 -0.082003 255 0 0
0.167132 0.100290 0.393120 255 0 0
-0.017810 0.165413 0.659338 255 0 0
-0.128886 0.228685 0.415612 255 0 0
-0.080065 -0.007340 0.747395 255 0 0
0.215353 0.131798 -0.379515 255 0 0
0.023866 0.391479 0.197164 255 0 0
0.195139 0.036367 0.328297 255 0 0
-0.221203 -0.067382 -0.397860 255 0 0
-0.209589 0.160253 -0.283700 255 0 0
-0.214175 0.140510 -0.426437 255 0 0
0.090021 -0.512183 -0.506082 255 255 255
-0.159278 0.073394 0.434783 255 0 0
0.195366 0.191800 -0.165101 255 0 0
-0.015516 -0.015986 0.932594 255 255 255
-0.190701 -0.067391 -0.030862 255 0 0
-0.129861 0.304114 0.027417 255 0 0
0.057323 -0.169760 0.839222 255 255 255
0.140640 0.302709 0.199636 255 0 0
-0.131921 0.219748 0.413444 255 0 0
-0.096177 -0.441040 0.070413 255 255 255
-0.197266 0.157635 0.141341 255 0 0
0.071768 0.000762 0.757620 255 0 0
0.155870 -0.177288 0.239363 255 0 0
-0.051492 -0.277573 -0.591176 255 0 0
-0.188259 0.099381 0.331622 255 0 0
0.054412 -0.496800 -0.413892 255 255 255
0.081090 -0.341545 0.046874 255 255 255
0.008909 -0.111167 0.537725 255 255 255
0.149007 -0.080875 -0.582597 255 0 0
-0.121763 0.245495 0.674718 255 255 255
-0.215767 0.019589 -0.283436 255 0 0
0.013853 0.209881 0.960000 255 255 255
-0.039464 0.057516 -0.665319 255 0 0
-0.219482 0.076735 -0.485086 255 0 0
-0.183216 -0.145326 0.201910 255 0 0
0.059044 -0.201498 -0.508343 255 0 0
-0.108559 -0.285223 0.204450 255 0 0
0.118904 -0.015911 0.603827 255 0 0
-0.042429 -0.495070 -0.521019 255 255 255
-0.144981 0.288522 0.140736 255 0 0
0.075240 -0.358521 0.052977 255 255 255
0.192915 0.142733 -0.032081 255 0 0
0.106072 -0.028631 0.680312 255 0 0
0.172332 0.111291 0.369614 255 0 0
-0.182395 -0.102590 -0.311739 255 0 0
-0.175325 -0.147207 -0.239179 255 0 0
0.131240 -0.316767 -0.553998 255 0 0
0.003153 0.412629 -0.327469 255 0 0
0.030021 0.166081 0.661332 255 0 0
0.155367 -0.153853 -0.010867 255 0 0
-0.199969 0.175849 -0.190218 255 0 0
-0.048484 -0.101905 0.439757 255 0 0
-0.110500 0.314402 -0.521605 255 0 0
-0.042047 -0.168996 0.737463 255 255 255
-0.006978 -0.022967 -0.817481 255 255 255
-0.217426 0.074396 -0.530131 255 0 0
-0.025881 0.372985 -0.470708 255 0 0
0.048409 0.019043 0.803592 255 0 0
-0.203690 -0.056858 -0.250757 255 0 0
-0.199246 -0.138042 -0.418341 255 0 0
0.129138 -0.242064 0.082234 255 0 0
-0.061592 -0.202149 0.224829 255 0 0
-0.140071 -0.497289 -0.399266 255 255 255
0.209682 0.001245 -0.247567 255 0 0
-0.018799 -0.176068 0.750507 255 255 255
0.205406 0.180338 -0.255036 255 0 0
-0.141650 -0.271433 -0.557954 255 0 0
-0.156186 -0.193790 -0.176151 255 0 0
-0.182515 0.206919 -0.036826 255 0 0
-0.041241 -0.169579 0.329371 255 0 0
-0.191649 -0.098103 -0.288715 255 0 0
-0.035703 -0.497217 -0.506531 255 255 255
0.012009 0.370258 0.465850 255 0 0
-0.006222 0.055226 0.973461 255 255 255
-0.093123 0.239853 -0.628892 255 0 0
-0.121656 -0.012476 0.593024 255 0 0
0.033349 -0.015954 0.921810 255 255 255
0.044464 0.362325 0.285164 255 0 0
-0.198862 -0.070889 -0.303341 255 0 0
-0.057985 0.370987 -0.160315 255 0 0
0.148336 -0.221260 0.207525 255 0 0
0.042274 -0.237636 -0.219309 255 0 0
0.173284 0.221736 0.072117 255 0 0
-0.121335 -0.183534 -0.583558 255 0 0
-0.155329 -0.242134 0.135613 255 0 0
-0.201148 -0.017972 -0.106907 255 0 0
0.116714 0.015184 0.614010 255 0 0
-0.051542 -0.265809 -0.506805 255 0 0
0.178803 0.210869 0.122967 255 0 0
-0.188220 0.254794 -0.340887 255 0 0
-0.216838 0.012418 -0.512662 255 0 0
-0.067805 0.369535 0.168347 255 0 0
-0.169519 0.059505 -0.613362 255 0 0
-0.146390 -0.451455 -0.468455 255 255 255
-0.200403 -0.102576 -0.154859 255 0 0
0.206571 0.195656 -0.316236 255 0 0
-0.159398 -0.051907 -0.584485 255 0 0
0.090712 0.332485 0.033076 255 0 0
-0.187845 0.244831 -0.210457 255 0 0
-0.163962 0.257666 0.234221 255 0 0
-0.067473 -0.263534 0.207530 255 0 0
-0.122441 -0.142000 0.302699 255 0 0
-0.201802 0.156455 -0.184291 255 0 0
-0.196815 0.170277 -0.147880 255 0 0
-0.198892 0.152124 -0.144349 255 0 0
0.039107 0.236265 0.582208 255 0 0
0.179016 0.257245 -0.460922 255 0 0
0.000799 -0.178284 0.311899 255 0 0
0.072779 -0.507483 -0.522490 255 255 255
0.217005 -0.007215 -0.310588 255 0 0
-0.139857 -0.447752 -0.458352 255 255 255
0.067353 0.383094 -0.318600 255 0 0
-0.137084 -0.504281 0.139662 255 255 255
0.206293 0.060890 -0.169789 255 0 0
-0.211596 0.109414 0.243408 255 0 0
0.152617 0.137633 0.420772 255 0 0
-0.209460 0.096991 -0.216650 255 0 0
-0.168499 -0.086604 -0.560102 255 0 0
0.211113 -0.078879 0.214375 255 0 0
-0.007486 0.241243 -0.677497 255 0 0
0.219654 0.098737 -0.357268 255 0 0
0.053338 0.349870 0.333558 255 0 0
-0.203681 -0.058779 -0.183116 255 0 0
0.110760 -0.510811 -0.425228 255 255 255
0.042881 0.103219 0.688595 255 0 0
0.179966 0.245475 -0.495365 255 0 0
-0.195610 -0.099086 0.119296 255 0 0
0.024143 -0.038437 0.921557 255 255 255
-0.211971 0.100844 0.256962 255 0 0
-0.144779 -0.285230 0.096683 255 0 0
0.208883 0.176350 -0.375310 255 0 0
-0.098155 -0.141357 0.340407 255 0 0
-0.138718 0.332717 -0.321053 255 0 0
0.197165 0.177806 0.218576 255 0 0
0.123174 0.251396 -0.593121 255 0 0
-0.087035 0.173006 -0.659443 255 0 0
-0.171531 0.263916 -0.483879 255 0 0
-0.106916 0.128494 0.584501 255 0 0
0.202232 0.216168 -0.337580 255 0 0
-0.106420 -0.202125 0.057229 255 0 0
0.188213 0.182874 0.129078 255 0 0
0.088114 -0.109562 0.764217 255 255 255
-0.169982 -0.183302 -0.168860 255 0 0
-0.010778 0.094455 0.845894 255 0 0
0.181196 0.025796 0.366123 255 0 0
-0.105347 0.361748 -0.248012 255 0 0
-0.182010 0.231110 -0.120973 255 0 0
0.031045 -0.475405 -0.476075 255 255 255
0.206513 -0.007893 0.091295 255 0 0
0.127388 0.235179 0.407483 255 0 0
-0.064123 -0.393432 0.151022 255 0 0
0.081438 -0.459453 0.181677 255 255 255
0.219304 0.064987 -0.488201 255 0 0
0.016448 0.394414 0.107468 255 0 0
-0.208592 0.011093 -0.213771 255 0 0
-0.167249 -0.127642 -0.001823 255 0 0
-0.202390 0.123695 -0.153341 255 0 0
-0.215269 0.007321 0.130210 255 0 0
-0.204609 0.205804 -0.315844 255 0 0
-0.128877 -0.062323 -0.603265 255 0 0
-0.135048 0.162755 -0.630444 255 0 0
0.117984 0.122958 0.542592 255 0 0
0.147316 0.149567 -0.622128 255 0 0
-0.062785 -0.070508 0.877263 255 0 0
-0.151408 0.276457 0.116290 255 0 0
0.073652 -0.373697 0.158000 255 0 0
-0.092590 0.159052 0.614981 255 255 255
-0.025356 0.240081 -0.672653 255 0 0
-0.159634 0.297511 -0.385246 255 0 0
-0.113774 -0.081601 0.583429 255 0 0
-0.194072 -0.086334 0.266583 255 0 0
-0.182670 0.219484 0.214107 255 0 0
0.177097 -0.124617 -0.277137 255 0 0
-0.210430 0.049973 -0.559479 255 0 0
-0.028637 -0.478509 0.117643 255 255 255
0.202854 -0.079624 -0.192574 255 0 0
0.061080 0.336584 0.432748 255 0 0
-0.199874 0.042148 0.021913 255 0 0
-0.147429 0.277693 0.262766 255 0 0
-0.136718 0.301842 -0.493569 255 0 0
0.033161 -0.484458 -0.508353 255 255 255
0.013295 -0.090802 0.918222 255 255 255
-0.028827 0.287761 -0.630476 255 0 0
-0.205667 0.169190 -0.491517 255 0 0
-0.049578 0.380609 0.128130 255 0 0
-0.165588 -0.160004 0.238229 255 0 0
-0.200469 -0.129969 -0.453021 255 0 0
0.136497 0.060526 0.495980 255 0 0
0.138645 0.054796 0.483864 255 0 0
-0.173107 0.001668 0.376773 255 0 0
-0.096688 -0.208298 -0.601491 255 0 0
0.048905 0.394792 -0.292408 255 0 0
-0.205888 -0.098111 -0.463205 255 0 0
-0.074139 -0.036221 0.776395 255 0 0
0.128125 0.244712 0.385046 255 0 0
0.199566 0.217137 -0.393218 255 0 0
0.163263 -0.166169 0.102362 255 0 0
0.005286 -0.262243 -0.065479 255 0 0
-0.199431 0.050751 0.016257 255 0 0
0.216845 0.122628 -0.348443 255 0 0
-0.217785 0.001425 -0.313842 255 0 0
0.143979 -0.261293 0.189687 255 0 0
-0.142542 -0.286962 0.170220 255 0 0
-0.011101 0.392849 0.217310 255 0 0
-0.174553 0.151961 -0.592457 255 0 0
-0.217695 0.010816 0.280460 255 0 0
-0.208246 0.177975 -0.402424 255 0 0
0.124596 -0.357853 0.091564 255 0 0
0.025789 -0.200189 0.225584 255 0 0
-0.079917 -0.509093 -0.425467 255 255 255
-0.209503 0.063807 -0.210903 255 0 0
0.210355 0.077588 -0.544940 255 0 0
-0.066980 -0.109675 0.887361 255 255 255
-0.121389 0.326936 -0.102349 255 0 0
0.076925 -0.100626 -0.597202 255 0 0
-0.038130 -0.239812 0.063874 255 0 0
0.084296 0.026270 0.730483 255 0 0
0.084462 -0.301344 0.191921 255 0 0
0.202196 -0.072515 -0.166892 255 0 0
0.121997 0.185773 0.624253 255 255 255
0.000945 -0.058704 -0.829786 255 255 255
0.117019 0.072817 -0.646241 255 0 0
0.188253 0.181371 -0.058322 255 0 0
0.081965 0.375345 -0.271764 255 0 0
-0.154355 0.172502 0.383723 255 0 0
-0.163027 -0.187221 -0.180039 255 0 0
0.178443 0.276259 -0.378503 255 0 0
-0.112741 -0.086054 0.595882 255 0 0
-0.197053 -0.034848 -0.066023 255 0 0
-0.147692 0.281827 0.012294 255 0 0
-0.075536 -0.228463 0.004024 255 0 0
0.130789 0.061355 0.514624 255 0 0
0.074446 -0.247168 -0.067678 255 0 0
0.199453 0.072968 -0.045927 255 0 0
0.049607 0.218256 -0.674442 255 0 0
-0.073349 -0.133206 0.819992 255 255 255
0.052613 -0.478074 -0.420907 255 255 255
-0.002473 -0.052895 -0.844552 255 255 255
0.197948 0.142469 -0.553585 255 0 0
-0.121129 -0.225838 0.233455 255 0 0
-0.219847 0.068528 -0.479114 255 0 0
-0.108882 -0.508807 0.189985 255 255 255
0.004676 -0.034281 -0.831357 255 255 255
0.000651 0.141293 0.982722 255 255 255
-0.119919 -0.028503 0.555782 255 0 0
-0.215065 0.048162 0.134364 255 0 0
0.099492 0.337152 0.229053 255 0 0
0.160491 -0.159761 -0.033054 255 0 0
0.138442 -0.321250 0.104263 255 0 0
0.125770 -0.418049 -0.504106 255 0 0
0.069191 0.206240 -0.665408 255 0 0
-0.212553 0.117638 -0.541735 255 0 0
-0.123672 0.223915 -0.612692 255 0 0
0.202868 -0.053482 -0.159701 255 0 0
0.115414 0.293008 0.329671 255 0 0
0.129454 -0.508112 -0.416483 255 255 255
-0.128520 -0.505400 0.140728 255 255 255
0.181940 -0.165175 -0.137138 255 0 0
0.168604 -0.186544 0.175375 255 0 0
0.201452 -0.075494 -0.152208 255 0 0
-0.225056 -0.005138 -0.375161 255 0 0
-0.218176 0.009260 -0.308785 255 0 0
0.066722 -0.028956 0.783564 255 0 0
-0.011564 0.091998 0.973792 255 255 255
-0.113670 -0.080187 0.615791 255 0 0
0.210243 0.074033 -0.546585 255 0 0
-0.027236 0.054235 0.952145 255 255 255
0.143571 -0.273633 -0.544848 255 0 0
0.196919 -0.056259 -0.084818 255 0 0
0.222986 0.067734 -0.365577 255 0 0
0.073797 -0.126729 0.847948 255 0 0
0.020998 -0.093412 0.915204 255 255 255
-0.189495 0.053475 -0.592032 255 0 0
0.210591 0.039122 0.104428 255 0 0
-0.003822 0.115350 0.816507 255 255 255
0.100253 -0.289136 -0.621970 255 0 0
0.178027 0.253607 -0.144033 255 0 0
-0.153016 -0.157470 0.259485 255 0 0
0.085228 0.359644 -0.158216 255 0 0
0.092419 0.066619 -0.658547 255 0 0
0.189155 0.158709 0.027175 255 0 0
0.188187 0.199351 0.248212 255 0 0
0.008106 -0.195181 0.830108 255 255 255
-0.017455 0.053489 0.847432 255 0 0
-0.100563 0.017952 0.698303 255 0 0
-0.192574 0.176824 -0.106134 255 0 0
-0.099424 0.328006 0.043409 255 0 0
0.044949 -0.124349 0.843784 255 0 0
-0.153328 -0.071136 0.354696 255 0 0
-0.060076 0.248359 -0.649005 255 0 0
-0.045160 -0.258686 -0.082231 255 0 0
-0.146707 0.288118 -0.509668 255 0 0
-0.009906 -0.238065 0.085453 255 0 0
0.030484 0.179209 -0.695738 255 0 0
-0.134863 -0.296381 -0.495268 255 255 255
-0.165658 0.219899 0.302556 255 0 0
0.208005 0.115336 0.137797 255 0 0
0.119662 -0.018231 0.475479 255 0 0
0.207469 0.107611 0.272433 255 0 0
0.104612 -0.472266 -0.395419 255 255 255
-0.140870 -0.277612 -0.557619 255 0 0
0.110369 -0.023443 0.657610 255 0 0
0.162722 -0.195218 0.190077 255 0 0
-0.190890 0.159431 0.079264 255 0 0
0.131330 -0.449152 -0.429649 255 255 255
-0.215264 -0.015441 -0.314305 255 0 0
-0.110294 -0.093595 0.387174 255 0 0
0.144229 0.297965 -0.471048 255 0 0
-0.132935 -0.197786 -0.213584 255 0 0
-0.058287 -0.512130 -0.493934 255 255 255
0.211038 0.079249 0.121720 255 0 0
0.222372 0.042859 -0.330660 255 0 0
-0.049280 -0.315182 -0.604946 255 0 0
-0.160009 -0.179362 -0.534200 255 0 0
-0.185559 0.191965 -0.028051 255 0 0
-0.125184 -0.302173 -0.591879 255 0 0
-0.100358 0.310012 0.329248 255 0 0
0.204132 -0.056596 -0.190745 255 0 0
-0.143064 -0.267635 -0.463556 255 0 0
0.145844 -0.257044 -0.548392 255 0 0
-0.094077 0.332265 -0.032029 255 0 0
0.108264 -0.082957 0.641947 255 255 255
0.155261 0.203318 -0.590230 255 0 0
-0.059321 -0.169133 -0.529466 255 0 0
-0.104835 0.222764 -0.629880 255 0 0
0.176060 -0.191485 -0.471803 255 0 0
0.051917 -0.273663 0.079664 255 0 0
0.176411 0.222612 -0.537942 255 0 0
0.052235 -0.367526 -0.599691 255 0 0
0.217296 0.005976 -0.302465 255 0 0
0.192387 -0.058665 0.047150 255 0 0
0.152552 0.223212 0.330279 255 0 0
-0.096024 0.346510 0.171944 255 0 0
-0.047055 0.344798 0.471296 255 0 0
-0.129008 -0.220792 -0.583409 255 0 0
0.185978 -0.143970 -0.492112 255 0 0
0.149892 0.025701 -0.616091 255 0 0
0.123774 -0.383170 -0.497891 255 0 0
-0.050899 -0.352910 0.150953 255 0 0
-0.109430 -0.194091 0.021063 255 0 0
0.149727 -0.503928 0.105403 255 255 255
-0.220391 -0.003635 -0.336610 255 0 0
-0.022117 0.211098 -0.691850 255 0 0
-0.030259 -0.225608 0.148322 255 0 0
0.019490 -0.003816 0.941296 255 255 255
0.212120 -0.080229 0.203429 255 0 0
0.196272 0.143951 0.280965 255 0 0
-0.202400 -0.075885 -0.223509 255 0 0
-0.094143 -0.081628 0.423140 255 0 0
0.151569 -0.271153 0.163914 255 0 0
-0.173659 -0.145808 -0.053002 255 0 0
0.166331 -0.153063 -0.533003 255 0 0
-0.047230 0.002155 0.848807 255 0 0
0.095591 -0.207334 0.028852 255 0 0
-0.225413 0.056369 0.189690 255 0 0
0.197061 -0.128518 -0.460021 255 0 0
0.052490 -0.078280 0.894619 255 0 0
-0.223802 -0.034381 0.221047 255 0 0
0.213589 0.133904 -0.483493 255 0 0
-0.141460 -0.153600 0.047931 255 0 0
-0.051100 -0.331344 -0.509277 255 0 0
-0.017797 -0.182105 0.285466 255 0 0
-0.090370 -0.355881 0.052760 255 0 0
-0.039936 -0.506280 -0.487194 255 255 255
-0.012989 0.066763 -0.669130 255 0 0
-0.189577 0.249782 -0.386367 255 0 0
-0.100967 0.319759 0.290804 255 0 0
0.154215 0.284173 -0.071783 255 0 0
0.205847 0.137563 0.247192 255 0 0
0.059690 0.243924 -0.654630 255 0 0
-0.184524 0.200597 -0.041675 255 0 0
0.182664 -0.165235 -0.147165 255 0 0
-0.124409 0.035616 0.521205 255 0 0
-0.124595 -0.340715 -0.515579 255 255 255
0.042479 -0.238250 -0.216921 255 0 0
-0.206328 0.130562 0.235836 255 0 0
-0.042545 -0.318655 -0.550413 255 0 0
-0.077700 -0.507324 -0.418215 255 255 255
0.170711 -0.164784 -0.219075 255 0 0
-0.053148 -0.330261 0.159682 255 0 0
-0.113497 0.305847 0.301938 255 0 0
-0.193414 -0.043952 0.014980 255 0 0
-0.077619 -0.508413 0.074982 255 255 255
-0.207521 0.047347 -0.185070 255 0 0
-0.218830 0.085935 0.241996 255 0 0
-0.118378 -0.395423 0.088387 255 0 0
0.182411 0.278208 -0.293487 255 0 0
0.098515 0.167030 0.563456 255 0 0
-0.128329 0.128059 0.510102 255 0 0
-0.167806 0.220996 -0.555357 255 0 0
-0.200983 -0.088240 -0.226987 255 0 0
0.172287 -0.191930 -0.408748 255 0 0
0.061296 0.372795 0.141155 255 0 0
-0.016007 0.375761 0.044412 255 0 0
-0.191049 -0.079844 0.079028 255 0 0
0.134546 0.308761 -0.059641 255 0 0
-0.198126 -0.073800 -0.112194 255 0 0
-0.143417 0.245535 0.661037 255 255 255
-0.141220 0.270237 0.299293 255 0 0
-0.125880 -0.264510 -0.594026 255 0 0
-0.206356 -0.025460 -0.211081 255 0 0
-0.116260 -0.148324 -0.371302 255 0 0
0.140694 0.171105 -0.623197 255 0 0
0.058343 0.359125 -0.488140 255 0 0
-0.046525 -0.011158 0.854672 255 0 0
-0.212259 0.136178 -0.278739 255 0 0
-0.176211 0.275707 -0.222808 255 0 0
0.020146 -0.115561 0.556540 255 255 255
0.112344 -0.147945 -0.336863 255 0 0
-0.126014 -0.452678 0.154066 255 255 255
-0.220637 0.058905 0.254166 255 0 0
-0.082556 0.075422 -0.664666 255 0 0
-0.221213 0.037104 0.150953 255 0 0
-0.115766 -0.056091 0.426090 255 0 0
0.038336 0.041003 0.805631 255 0 0
0.076588 0.308274 0.473703 255 0 0
-0.195991 -0.051224 0.067695 255 0 0
-0.197246 0.175322 0.216857 255 0 0
-0.113337 -0.341276 -0.603034 255 0 0
-0.115183 0.004079 0.519023 255 0 0
0.170529 -0.080504 0.312693 255 0 0
0.198435 0.159398 0.253013 255 0 0
-0.226130 -0.003079 0.178056 255 0 0
-0.083415 -0.177361 -0.419786 255 0 0
-0.026763 0.101875 0.696847 255 0 0
-0.173427 0.219434 0.276067 255 0 0
0.225891 -0.000974 -0.393486 255 0 0
-0.064806 -0.043490 -0.623273 255 0 0
0.206218 -0.064441 -0.343005 255 0 0
0.093669 -0.512565 0.124586 255 255 255
-0.117191 -0.283706 -0.606598 255 0 0
-0.156409 -0.135072 -0.558205 255 0 0
0.195008 0.138809 -0.066948 255 0 0
0.133292 0.339261 -0.311110 255 0 0
0.187072 -0.076280 -0.000551 255 0 0
0.145079 -0.460569 0.104417 255 255 255
-0.197978 -0.009405 0.002515 255 0 0
-0.135384 0.300350 -0.502842 255 0 0
-0.199827 0.106166 -0.095004 255 0 0
-0.110890 -0.114053 -0.594972 255 0 0
-0.000690 -0.264308 -0.024278 255 0 0
-0.031710 0.078266 0.721704 255 0 0
0.009398 0.144469 -0.723003 255 255 255
0.198221 0.168839 0.191666 255 0 0
-0.047170 -0.188965 0.845153 255 255 255
-0.019382 0.084583 0.832532 255 0 0
0.100818 -0.049296 0.468346 255 0 0
-0.086063 0.208131 -0.650593 255 0 0
-0.198789 0.223237 -0.275009 255 0 0
-0.134338 -0.247930 -0.424269 255 0 0
-0.150296 -0.494396 -0.507840 255 255 255
-0.079951 0.201775 -0.657570 255 0 0
0.203668 -0.035206 -0.159049 255 0 0
-0.030913 0.055847 0.898657 255 0 0
0.068602 -0.135015 0.624897 255 255 255
0.201848 0.079112 0.062119 255 0 0
0.212592 0.150536 -0.396287 255 0 0
-0.140241 0.002021 0.450621 255 0 0
-0.215624 -0.034300 0.143954 255 0 0
0.203426 -0.100025 0.148456 255 0 0
-0.080907 0.327253 0.386779 255 0 0
0.213131 -0.023680 0.124751 255 0 0
-0.125188 0.070560 0.541778 255 0 0
-0.210958 -0.027555 0.122836 255 0 0
-0.125491 0.164363 0.624383 255 255 255
-0.212566 0.062630 0.128509 255 0 0
0.066569 -0.162275 0.777432 255 255 255
-0.183055 0.194972 0.020300 255 0 0
0.021825 0.076296 0.829883 255 0 0
0.112955 0.192636 0.636950 255 255 255
-0.079007 -0.474658 0.193472 255 255 255
0.203221 -0.032607 -0.520544 255 0 0
0.190142 0.163882 -0.557235 255 0 0
0.203819 0.000263 0.304735 255 0 0
-0.106335 -0.015937 -0.627921 255 0 0
0.061684 0.357678 0.256091 255 0 0
-0.039715 -0.172954 0.314436 255 0 0
-0.111018 0.028888 0.637511 255 0 0
0.203203 0.205133 -0.384438 255 0 0
0.014011 0.385968 -0.170016 255 0 0
-0.076887 -0.053699 0.806374 255 0 0
0.009646 0.284917 -0.638222 255 0 0
-0.187388 0.255023 -0.389714 255 0 0
-0.201105 0.207782 -0.415365 255 0 0
-0.139168 0.313168 -0.417175 255 0 0
-0.021783 0.078429 0.738982 255 0 0
-0.199939 0.048640 -0.046102 255 0 0
-0.093365 -0.433675 0.159967 255 0 0
0.027625 0.360180 -0.046036 255 0 0
0.082028 -0.311376 0.180919 255 0 0
-0.006847 0.374626 -0.480850 255 0 0
0.210367 -0.052414 0.126328 255 0 0
-0.132041 0.198105 0.442321 255 0 0
0.205691 -0.087927 0.140604 255 0 0
0.199715 0.134497 -0.553324 255 0 0
-0.106186 0.210517 0.508855 255 0 0
-0.178958 0.273150 -0.393003 255 0 0
-0.136741 0.113571 0.493344 255 0 0
0.183985 0.017027 0.354972 255 0 0
-0.141145 -0.267131 -0.561576 255 0 0
-0.223907 0.070478 -0.407665 255 0 0
0.086255 -0.363300 0.161685 255 0 0
-0.063695 -0.154712 0.359467 255 0 0
0.022964 -0.006509 0.934132 255 255 255
-0.198342 -0.098265 -0.242397 255 0 0
0.125435 -0.183640 -0.577446 255 255 255
0.015300 -0.041065 -0.614201 255 0 0
0.028602 -0.072522 -0.592699 255 0 0
-0.060587 0.234263 -0.658167 255 0 0
0.077235 -0.162062 -0.582385 255 0 0
0.024741 0.393449 0.156888 255 0 0
-0.146459 -0.455167 -0.460156 255 255 255
-0.194366 0.132390 0.046546 255 0 0
0.111356 -0.415545 -0.555486 255 0 0
-0.194788 -0.064060 -0.071343 255 0 0
-0.204549 -0.006903 0.085026 255 0 0
-0.005842 -0.127138 0.584418 255 255 255
-0.066818 0.386801 -0.295139 255 0 0
-0.108451 -0.231373 0.233174 255 0 0
-0.113527 -0.230086 -0.117383 255 0 0
-0.001132 -0.008569 -0.634265 255 0 0
-0.160842 -0.233038 -0.472989 255 0 0
-0.023535 0.189087 0.642177 255 0 0
-0.137306 -0.296218 0.082346 255 0 0
-0.129761 0.308100 0.145605 255 0 0
0.201917 -0.046409 -0.514714 255 0 0
0.176336 -0.088873 -0.548124 255 0 0
0.178410 0.258664 -0.458473 255 0 0
0.160299 0.105319 0.415964 255 0 0
0.012966 0.014928 -0.646814 255 0 0
-0.154263 0.012130 0.430697 255 0 0
-0.009725 0.096827 0.975578 255 255 255
0.067111 -0.448702 -0.551784 255 0 0
0.065506 -0.373903 -0.616770 255 0 0
-0.017833 0.368006 0.018355 255 0 0
0.128529 -0.332366 -0.536754 255 0 0
-0.074638 0.040386 0.733008 255 0 0
-0.153936 0.301095 -0.403702 255 0 0
0.078401 0.236398 -0.645205 255 0 0
0.016001 0.362916 -0.054485 255 0 0
0.099382 -0.122105 0.369614 255 0 0
0.112242 -0.076782 0.603874 255 0 0
0.155898 -0.256103 0.148308 255 0 0
0.010541 0.393223 0.094628 255 0 0
0.035518 -0.477885 -0.442819 255 255 255
0.151234 0.121570 0.440856 255 0 0
0.069047 0.361388 0.107009 255 0 0
-0.202382 0.021068 -0.109122 255 0 0
-0.227337 0.037435 -0.388866 255 0 0
0.211244 0.155638 -0.444748 255 0 0
0.085266 -0.361101 -0.622564 255 0 0
-0.090987 0.165882 -0.658536 255 0 0
0.222587 0.050311 -0.459948 255 0 0
0.023361 -0.101245 0.498573 255 0 0
0.201612 -0.110184 0.169082 255 0 0
0.207523 0.040085 -0.538639 255 0 0
0.131161 0.198983 0.636575 255 255 255
0.102850 0.166916 0.548164 255 0 0
0.077921 0.088005 -0.667604 255 0 0
-0.036093 -0.098102 0.516926 255 0 0
0.109843 -0.241038 -0.605086 255 0 0
-0.222850 -0.009371 0.163293 255 0 0
0.199534 0.208051 -0.230581 255 0 0
0.014055 0.350737 0.504165 255 0 0
0.147943 -0.491721 -0.411531 255 255 255
-0.019850 0.362110 -0.049720 255 0 0
-0.193369 0.222713 -0.206870 255 0 0
0.213038 0.148475 -0.379646 255 0 0
-0.148690 0.283961 0.080187 255 0 0
0.105689 0.306444 0.317560 255 0 0
0.064667 0.369407 0.187324 255 0 0
0.062123 -0.477756 -0.415184 255 255 255
0.100455 0.229862 0.504042 255 0 0
-0.062804 -0.094669 0.440615 255 0 0
-0.134230 -0.044294 0.407562 255 0 0
0.032655 0.318488 -0.592173 255 0 0
0.061021 0.217399 -0.667228 255 0 0
0.045600 -0.093034 0.502382 255 0 0
0.134802 -0.208481 -0.173319 255 0 0
-0.198712 -0.023936 0.058635 255 0 0
0.013144 0.229122 0.955848 255 255 255
-0.122363 0.030293 0.540109 255 0 0
-0.000992 -0.162277 0.684372 255 255 255
-0.066060 -0.080924 -0.604595 255 0 0
0.154173 0.219561 0.330298 255 0 0
0.181157 0.222368 0.212385 255 0 0
-0.042903 -0.188985 0.824315 255 255 255
0.174535 0.071239 -0.607953 255 0 0
0.134130 0.327947 -0.356441 255 0 0
-0.194995 0.186815 -0.157110 255 0 0
0.006954 0.078380 0.795201 255 0 0
-0.083908 0.302876 -0.574461 255 0 0
0.197836 -0.031654 -0.067040 255 0 0
-0.108808 -0.314354 0.179832 255 0 0
-0.052415 -0.281897 -0.595873 255 0 0
-0.114054 -0.124805 0.347422 255 0 0
-0.200308 -0.000490 -0.077661 255 0 0
-0.056504 -0.434558 0.146000 255 0 0
0.204880 -0.003993 0.301193 255 0 0
0.216528 0.124789 -0.338123 255 0 0
-0.199780 0.082060 -0.055836 255 0 0
-0.060236 0.363681 0.241929 255 0 0
-0.054327 0.333238 0.477116 255 0 0
-0.139302 0.095850 0.492210 255 0 0
-0.005561 0.074404 0.788327 255 0 0
-0.190136 0.182137 -0.082703 255 0 0
0.033103 -0.072256 0.910061 255 0 0
-0.207188 -0.028577 0.288799 255 0 0
-0.180273 0.203192 0.038013 255 0 0
0.142877 0.119596 -0.633395 255 0 0
0.048868 -0.008947 0.837400 255 0 0
-0.022335 -0.180561 0.291097 255 0 0
-0.161217 0.262953 -0.520427 255 0 0
0.077292 -0.338474 -0.631967 255 0 0
0.186206 -0.100331 -0.047077 255 0 0
0.014895 0.172728 0.934369 255 255 255
-0.199728 -0.127726 -0.459941 255 0 0
-0.099790 0.301235 -0.559352 255 0 0
0.123123 -0.311400 0.173954 255 0 0
0.072555 0.338640 0.305735 255 0 0
0.172124 0.234044 0.166817 255 0 0
0.114597 -0.510568 0.168108 255 255 255
-0.201740 0.203362 -0.436570 255 0 0
-0.115183 -0.317164 -0.485203 255 255 255
0.214274 -0.004992 -0.289087 255 0 0
0.136265 -0.503367 0.146863 255 255 255
-0.111405 -0.413316 -0.558090 255 0 0
-0.207018 0.178691 -0.445034 255 0 0
0.109113 -0.078429 0.649062 255 255 255
0.017448 -0.153063 0.906395 255 255 255
0.111318 0.326956 0.127044 255 0 0
0.098768 -0.425891 -0.563169 255 0 0
-0.002001 -0.064136 -0.851098 255 255 255
-0.174782 0.212547 0.104158 255 0 0
-0.096974 0.294941 0.423468 255 0 0
0.168782 -0.181293 -0.139467 255 0 0
-0.172053 0.247214 -0.082525 255 0 0
0.032091 0.368237 0.410386 255 0 0
0.037273 -0.254755 -0.120646 255 0 0
0.159342 -0.216458 0.132303 255 0 0
0.096812 0.112180 -0.660594 255 0 0
-0.174827 -0.043624 0.339421 255 0 0
0.031383 0.381797 -0.171321 255 0 0
0.121705 0.271152 -0.572766 255 0 0
0.010139 -0.238862 -0.244840 255 0 0
0.040688 0.102142 -0.679975 255 0 0
0.112045 -0.166922 -0.587520 255 0 0
0.007690 0.188556 0.980547 255 255 255
0.209635 0.155888 -0.271703 255 0 0
-0.053785 -0.281079 -0.495719 255 0 0
-0.070818 -0.429420 -0.458289 255 0 0
-0.201789 0.051618 -0.574764 255 0 0
-0.215099 -0.055189 -0.468283 255 0 0
0.117167 0.155516 0.519887 255 0 0
-0.093917 -0.445372 -0.555688 255 0 0
0.073180 -0.297253 -0.629583 255 0 0
-0.139306 0.202137 0.400005 255 0 0
0.119762 -0.180488 -0.263895 255 0 0
-0.046693 -0.015482 -0.634280 255 0 0
0.065048 -0.200571 -0.463497 255 0 0
0.223987 -0.021093 -0.424319 255 0 0
-0.073303 -0.224174 -0.228135 255 0 0
0.012059 0.190248 0.973380 255 255 255
0.062416 -0.089432 0.888307 255 0 0
0.165335 0.255831 0.219213 255 0 0
-0.128278 -0.170009 -0.271111 255 0 0
-0.093274 0.340082 0.102598 255 0 0
-0.076006 -0.151716 -0.398091 255 0 0
-0.199555 0.177400 -0.188362 255 0 0
-0.188995 0.183837 -0.068448 255 0 0
-0.135747 -0.091973 0.358082 255 0 0
0.195926 0.208335 -0.195151 255 0 0
-0.097981 -0.346425 0.050553 255 0 0
-0.062364 -0.259615 -0.471177 255 0 0
0.118310 -0.183883 0.029585 255 0 0
-0.221754 -0.024819 -0.363222 255 0 0
0.028406 0.074203 0.946311 255 255 255
0.199679 0.151901 0.256643 255 0 0
-0.176434 -0.139920 -0.248159 255 0 0
0.152875 -0.487853 0.146386 255 255 255
-0.093135 0.335584 0.255328 255 0 0
-0.199172 -0.084444 -0.129289 255 0 0
0.227006 0.032105 0.244393 255 0 0
-0.082546 -0.246449 -0.437568 255 0 0
-0.189710 0.163882 -0.560033 255 0 0
-0.052124 -0.299729 -0.503874 255 0 0
-0.109889 -0.045544 0.669813 255 0 0
-0.202292 -0.095371 -0.193309 255 0 0
0.000613 -0.076493 -0.857973 255 255 255
-0.147413 0.060286 0.468821 255 0 0
-0.133037 -0.163221 0.037900 255 0 0
0.011224 -0.261563 -0.068556 255 0 0
0.177245 0.100483 -0.605753 255 0 0
-0.112709 -0.073970 0.561806 255 0 0
-0.059473 0.368878 -0.407038 255 0 0
0.050970 0.191316 -0.681285 255 0 0
-0.223976 0.061056 0.186454 255 0 0
0.084317 0.098770 0.661772 255 0 0
0.203099 0.207771 -0.370962 255 0 0
0.018705 0.347567 -0.551570 255 0 0
-0.118318 0.237431 0.449101 255 0 0
0.004653 0.222983 0.935648 255 255 255
0.222788 0.055085 -0.445264 255 0 0
-0.163245 0.257638 0.238183 255 0 0
-0.066029 -0.302589 0.184933 255 0 0
-0.183156 -0.165386 -0.144509 255 0 0
-0.194830 0.138253 -0.044640 255 0 0
0.052729 0.173941 -0.682655 255 0 0
-0.227686 0.009179 0.183786 255 0 0
0.119148 0.204227 0.476021 255 0 0
0.142738 -0.199795 -0.070854 255 0 0
-0.183737 -0.155979 -0.395939 255 0 0
-0.170449 -0.154286 -0.052230 255 0 0
-0.156510 -0.198321 0.113579 255 0 0
-0.070437 0.364231 0.204465 255 0 0
0.032368 -0.301699 0.131278 255 0 0
0.222469 0.057283 0.244016 255 0 0
-0.175863 0.281483 -0.296046 255 0 0
-0.114867 0.007326 0.629789 255 0 0
0.135413 -0.150782 -0.572308 255 0 0
-0.177889 -0.139714 -0.519368 255 0 0
0.173046 -0.147295 0.238058 255 0 0
-0.198536 0.096931 0.050790 255 0 0
0.112927 -0.512995 -0.503191 255 255 255
-0.121763 -0.021956 0.567439 255 0 0
-0.094302 0.174373 0.627905 255 255 255
0.018323 -0.247669 0.032579 255 0 0
-0.080204 -0.120172 0.801803 255 255 255
0.117355 -0.324187 -0.494031 255 255 255
-0.093412 0.138703 0.622454 255 0 0
0.052690 0.135192 0.670955 255 0 0
0.192625 0.195410 -0.144290 255 0 0
-0.229418 0.036805 0.231527 255 0 0
0.017693 -0.129461 0.409793 255 0 0
0.147280 0.117183 0.460411 255 0 0
0.125816 -0.351642 -0.558433 255 0 0
0.123750 -0.355390 0.086100 255 0 0
0.063508 -0.030395 0.805070 255 0 0
0.113176 -0.315616 -0.610910 255 0 0
-0.165419 0.245458 0.262439 255 0 0
-0.082146 -0.125330 0.772685 255 255 255
0.156345 0.095065 0.434866 255 0 0
-0.066050 -0.169489 0.806825 255 255 255
-0.053965 -0.412120 -0.551043 255 0 0
-0.205997 -0.100399 -0.459587 255 0 0
0.118493 -0.204961 -0.027705 255 0 0
-0.135714 0.162688 0.464979 255 0 0
-0.206979 -0.048528 -0.505987 255 0 0
0.043377 -0.505343 0.128062 255 255 255
0.214981 0.098082 0.246597 255 0 0
-0.179684 0.213383 -0.013263 255 0 0
-0.046075 0.373443 0.084598 255 0 0
0.160615 0.265251 0.191602 255 0 0
0.053801 0.374744 0.111217 255 0 0
-0.130391 -0.386420 -0.519944 255 0 0
0.115673 -0.345877 -0.592140 255 0 0
0.057850 0.122905 -0.679762 255 0 0
-0.087706 0.090061 0.660245 255 0 0
0.186361 -0.148800 -0.121229 255 0 0
-0.195249 -0.069791 -0.525941 255 0 0
0.173166 -0.186091 -0.495928 255 0 0
-0.080592 0.337340 -0.509860 255 0 0
-0.229395 0.049326 0.213663 255 0 0
-0.127122 -0.092434 0.370238 255 0 0
-0.118031 0.320871 0.128805 255 0 0
-0.120514 -0.139097 0.310241 255 0 0
0.210310 0.014224 -0.239660 255 0 0
-0.147802 -0.498011 0.159590 255 255 255
0.146208 0.315454 -0.364345 255 0 0
-0.189895 -0.065036 0.295147 255 0 0
-0.158032 -0.225964 0.142394 255 0 0
0.056440 -0.485474 0.060474 255 255 255
-0.063720 -0.448328 -0.439346 255 255 255
0.075314 -0.245592 0.217838 255 0 0
-0.151066 -0.234866 -0.540104 255 0 0
-0.223946 -0.004253 -0.452594 255 0 0
0.084452 -0.338812 -0.631480 255 0 0
-0.120017 -0.149439 -0.319665 255 0 0
-0.034150 -0.251492 -0.147715 255 0 0
0.067706 0.335019 0.387742 255 0 0
0.051867 -0.386134 0.078076 255 0 0
-0.167834 -0.184723 -0.152096 255 0 0
0.147699 -0.204034 -0.136989 255 0 0
-0.201323 0.021740 0.053554 255 0 0
-0.187890 0.137561 0.310358 255 0 0
-0.108824 0.237125 0.667285 255 255 255
0.120001 -0.333047 -0.504944 255 255 255
-0.195320 -0.034724 -0.030873 255 0 0
-0.114713 -0.006286 0.637764 255 0 0
0.206220 -0.100357 -0.391448 255 0 0
-0.013544 0.183132 0.971301 255 255 255
0.018248 0.141071 0.964370 255 255 255
-0.184279 0.215598 0.216795 255 0 0
0.075190 -0.514238 -0.485295 255 255 255
-0.034158 -0.101947 0.527902 255 0 0
0.131240 0.197938 -0.620074 255 0 0
-0.151161 0.241136 -0.567309 255 0 0
-0.136459 -0.287593 0.082179 255 0 0
-0.209196 0.172160 -0.301078 255 0 0
0.033779 0.356324 -0.032501 255 0 0
0.100747 -0.096289 0.679353 255 255 255
0.092958 -0.139923 0.351910 255 0 0
-0.082806 0.375716 -0.321794 255 0 0
0.018166 0.171339 0.945749 255 255 255
0.018929 -0.016596 0.935228 255 255 255
-0.206707 -0.025889 -0.234073 255 0 0
-0.175552 -0.174418 -0.140224 255 0 0
-0.110639 0.209759 0.497954 255 0 0
-0.198055 0.092371 -0.586601 255 0 0
0.114788 -0.363939 0.144896 255 0 0
-0.138610 -0.195395 -0.209727 255 0 0
-0.122176 0.233671 0.675464 255 255 255
-0.084212 0.350115 -0.105558 255 0 0
-0.089661 0.291494 0.469141 255 0 0
0.094146 0.028580 0.708769 255 0 0
-0.126312 -0.193081 -0.233093 255 0 0
-0.094218 0.325651 0.288229 255 0 0
0.155861 -0.244025 0.159344 255 0 0
-0.189144 -0.080163 0.282774 255 0 0
-0.224451 0.072681 0.220752 255 0 0
-0.117570 0.082478 -0.648879 255 0 0
0.217489 -0.029957 0.144180 255 0 0
0.217006 0.115692 -0.428633 255 0 0
-0.079874 0.319685 0.435505 255 0 0
-0.203372 -0.001265 -0.546079 255 0 0
-0.208669 -0.039510 0.119807 255 0 0
0.171074 -0.149010 -0.243953 255 0 0
-0.079752 -0.133471 0.700962 255 255 255
0.151595 0.099826 -0.627342 255 0 0
-0.036179 0.058719 0.775263 255 0 0
0.147606 0.229265 0.336180 255 0 0
0.193102 -0.103519 -0.264767 255 0 0
-0.215845 0.103039 -0.538557 255 0 0
-0.201194 0.200476 -0.238985 255 0 0
0.201304 0.122125 -0.554557 255 0 0
-0.058223 -0.499620 0.185962 255 255 255
0.002543 -0.088266 -0.561807 255 0 0
-0.128978 -0.362709 -0.530032 255 0 0
-0.206854 -0.084360 0.230270 255 0 0
-0.187246 -0.077212 0.025782 255 0 0
0.211663 0.151923 -0.492680 255 0 0
-0.118958 0.062779 0.579929 255 0 0
0.121341 -0.242593 0.075407 255 0 0
-0.189595 0.068017 0.343250 255 0 0
-0.207529 0.147539 -0.233697 255 0 0
-0.061193 0.050641 0.735534 255 0 0
0.007258 -0.172887 0.338526 255 0 0
0.117808 -0.040687 0.558191 255 0 0
0.019011 0.137472 0.928235 255 255 255
0.161006 -0.150303 -0.371012 255 0 0
0.193972 -0.034964 0.307633 255 0 0
0.079491 -0.353666 0.165062 255 0 0
-0.055729 0.103981 -0.676864 255 0 0
0.184350 -0.147546 0.193560 255 0 0
-0.054195 -0.338858 -0.617573 255 0 0
-0.028679 -0.041495 0.916409 255 255 255
-0.192537 0.245050 -0.344652 255 0 0
0.206139 0.074815 -0.173250 255 0 0
0.036812 0.036253 0.818320 255 0 0
-0.155308 -0.195002 -0.174402 255 0 0
0.199369 -0.117838 0.158196 255 0 0
0.199457 0.171196 -0.180249 255 0 0
0.108898 0.162065 0.536129 255 0 0
-0.029545 -0.128536 0.909045 255 255 255
-0.005705 -0.028418 -0.817324 255 255 255
-0.219651 0.105626 -0.399557 255 0 0
-0.011357 -0.147562 0.908654 255 255 255
0.192373 -0.142929 -0.463518 255 0 0
0.017398 0.315944 0.533414 255 0 0
-0.095267 -0.512552 0.109431 255 255 255
0.213296 0.146296 -0.349243 255 0 0
-0.131625 0.273466 0.321148 255 0 0
0.040162 0.248124 -0.662217 255 0 0
0.090759 -0.235634 0.229656 255 0 0
-0.008305 -0.215730 0.204401 255 0 0
0.041255 -0.343522 0.146252 255 0 0
-0.170934 0.290240 -0.241734 255 0 0
0.206796 0.133401 -0.213999 255 0 0
-0.138424 -0.469361 0.170215 255 255 255
0.080312 0.100338 -0.668506 255 0 0
0.187224 -0.099233 -0.336611 255 0 0
0.144176 -0.450130 -0.467156 255 255 255
-0.115553 -0.440397 -0.426692 255 255 255
0.197400 -0.102876 -0.374135 255 0 0
-0.147205 0.285075 0.034946 255 0 0
0.211795 -0.059577 0.137623 255 0 0
-0.057114 0.309713 -0.587772 255 0 0
-0.118102 -0.056047 0.600186 255 0 0
-0.047046 -0.427083 0.101548 255 0 0
0.060124 -0.338647 0.054579 255 255 255
-0.148821 -0.246619 -0.543657 255 0 0
-0.139211 0.304058 -0.071740 255 0 0
0.047828 -0.421714 0.130041 255 0 0
-0.207779 -0.105613 -0.392882 255 0 0
-0.118987 -0.169733 -0.583858 255 0 0
0.066921 0.322379 0.464219 255 0 0
0.196076 -0.007264 -0.549045 255 0 0
0.135124 -0.507349 -0.441862 255 255 255
0.199725 0.069477 -0.050804 255 0 0
-0.116616 -0.206192 0.244684 255 0 0
0.176848 -0.027120 0.349436 255 0 0
0.077844 -0.126225 0.857011 255 0 0
0.217290 0.116514 -0.315014 255 0 0
0.214849 0.105031 0.239198 255 0 0
-0.056036 -0.419211 0.079575 255 0 0
0.166033 0.265668 -0.087716 255 0 0
0.150265 0.284932 0.215865 255 0 0
-0.164058 -0.127593 0.010122 255 0 0
0.079672 -0.487964 0.053309 255 255 255
0.011482 0.120218 0.977849 255 255 255
0.200473 -0.107551 -0.174229 255 0 0
-0.173381 0.087373 -0.614079 255 0 0
0.193642 -0.085478 -0.331880 255 0 0
0.116893 0.182421 0.631030 255 255 255
-0.167273 0.083499 -0.619142 255 0 0
0.194991 0.126875 0.047585 255 0 0
0.038209 0.017720 0.886688 255 0 0
-0.127746 -0.427074 -0.510617 255 0 0
0.206799 0.004463 -0.531281 255 0 0
-0.103428 0.223764 0.503716 255 0 0
-0.079038 0.379885 -0.284510 255 0 0
0.182537 0.201497 -0.024463 255 0 0
-0.028770 -0.226116 -0.272012 255 0 0
0.200820 0.087448 -0.096522 255 0 0
-0.005136 0.289105 -0.635636 255 0 0
-0.057262 -0.502723 0.180875 255 255 255
0.138858 0.227176 0.649767 255 255 255
0.125336 -0.340345 0.139317 255 0 0
0.063093 0.058201 0.718007 255 0 0
-0.197043 0.137130 -0.085571 255 0 0
-0.200104 0.173615 0.192146 255 0 0
-0.131181 0.280028 0.306616 255 0 0
0.130932 -0.282657 -0.582002 255 0 0
0.006377 0.371419 -0.104289 255 0 0
0.048940 -0.348843 -0.602148 255 0 0
-0.170801 0.136853 -0.605055 255 0 0
-0.034639 -0.472454 -0.454750 255 255 255
0.028984 0.373355 -0.469499 255 0 0
-0.183114 0.219712 0.232337 255 0 0
0.170317 0.249950 0.206263 255 0 0
0.176683 0.237109 -0.081899 255 0 0
0.043596 0.353728 -0.037261 255 0 0
0.200922 -0.092054 -0.158959 255 0 0
-0.048486 -0.051159 -0.615481 255 0 0
0.213244 0.097782 -0.520681 255 0 0
0.055599 -0.235480 -0.497651 255 0 0
-0.143556 -0.035127 0.404014 255 0 0
0.207539 -0.062062 -0.485726 255 0 0
0.021229 -0.090605 -0.566167 255 0 0
-0.102919 -0.512330 0.137493 255 255 255
0.094334 0.337043 0.092568 255 0 0
-0.059084 -0.224236 -0.252987 255 0 0
-0.203191 0.069980 0.308128 255 0 0
0.047675 -0.068267 0.895924 255 0 0
0.001611 -0.145944 0.632155 255 255 255
-0.150417 -0.488522 0.094244 255 255 255
-0.106780 -0.296480 -0.619529 255 0 0
-0.059680 0.383200 -0.227533 255 0 0
-0.205496 0.078192 0.099127 255 0 0
0.126072 -0.375660 -0.507353 255 0 0
0.085274 -0.216437 0.230681 255 0 0
-0.067363 0.210659 0.616193 255 255 255
-0.046305 0.306163 -0.599496 255 0 0
0.212260 0.063496 -0.241945 255 0 0
0.125761 -0.308037 -0.491833 255 255 255
-0.116107 0.353329 -0.233309 255 0 0
0.179465 -0.034266 0.337553 255 0 0
0.195547 -0.111669 0.232142 255 0 0
-0.214300 0.141316 -0.397376 255 0 0
-0.036643 -0.502549 0.085602 255 255 255
-0.009434 -0.256585 -0.125127 255 0 0
-0.185227 0.204767 -0.076006 255 0 0
-0.163350 -0.153201 -0.539674 255 0 0
-0.198480 0.088675 -0.019966 255 0 0
-0.019475 0.192668 -0.701912 255 0 0
0.140409 -0.069501 -0.592180 255 0 0
0.118278 -0.226139 -0.132270 255 0 0
-0.127444 -0.372413 -0.553243 255 0 0
0.080424 -0.101464 0.413984 255 0 0
-0.075785 -0.444238 0.068386 255 255 255
0.162485 0.223254 -0.565117 255 0 0
-0.059020 -0.472254 0.178249 255 255 255
0.130111 -0.245802 -0.419206 255 0 0
-0.131759 -0.331962 0.091588 255 0 0
-0.038457 0.028486 0.824533 255 0 0
-0.116559 -0.286352 -0.607517 255 0 0
-0.212298 0.084470 -0.238539 255 0 0
-0.097418 -0.037160 0.520089 255 0 0
0.109211 -0.421321 0.079464 255 255 255
-0.193919 0.048360 0.334530 255 0 0
-0.187521 0.170713 0.083755 255 0 0
0.036112 0.300419 -0.614254 255 0 0
-0.126254 0.163108 -0.636139 255 0 0
-0.059514 0.245735 0.557811 255 0 0
0.031995 0.338201 0.500983 255 0 0
0.150415 0.261579 0.659127 255 255 255
-0.177119 -0.051054 0.328571 255 0 0
0.121271 -0.328236 -0.505094 255 255 255
0.173496 -0.107639 -0.543904 255 0 0
-0.198827 0.079133 0.004054 255 0 0
-0.197851 -0.009918 0.011779 255 0 0
-0.141430 -0.156356 0.022985 255 0 0
-0.155095 -0.221705 -0.526548 255 0 0
-0.125279 -0.436091 0.098787 255 255 255
-0.196071 0.224621 -0.431150 255 0 0
0.217534 0.103649 0.214885 255 0 0
-0.155572 0.319504 -0.275655 255 0 0
0.007715 -0.029473 0.930959 255 255 255
0.210612 -0.042322 -0.489148 255 0 0
-0.114072 -0.024296 0.476497 255 0 0
-0.047163 -0.385379 0.135321 255 0 0
0.212066 0.101146 0.258973 255 0 0
0.094829 -0.347640 -0.623021 255 0 0
0.003175 -0.178205 0.756919 255 255 255
-0.221026 0.073713 -0.463752 255 0 0
-0.031981 -0.115283 0.424482 255 0 0
0.091582 -0.135283 0.362914 255 0 0
-0.055010 0.362224 -0.456952 255 0 0
0.180669 0.282832 -0.291782 255 0 0
-0.065509 -0.191310 0.243740 255 0 0
-0.017366 0.412353 -0.315319 255 0 0
0.089572 -0.514286 -0.471083 255 255 255
-0.027606 0.092205 0.925670 255 255 255
0.200757 -0.060965 0.097683 255 0 0
-0.098938 0.006914 0.723650 255 0 0
-0.116760 -0.266198 0.217000 255 0 0
-0.200453 0.212742 -0.398695 255 0 0
-0.176347 -0.109144 -0.312949 255 0 0
0.070394 0.319448 0.461944 255 0 0
-0.032542 -0.323398 0.124865 255 0 0
0.076402 -0.467338 -0.550183 255 255 255
0.153189 0.251264 0.295978 255 0 0
-0.160058 -0.219175 0.158331 255 0 0
0.160807 0.301164 -0.169570 255 0 0
-0.163577 0.158731 0.367107 255 0 0
-0.010112 0.375734 0.288199 255 0 0
0.202705 -0.094825 0.136436 255 0 0
-0.142584 -0.154661 0.023663 255 0 0
-0.207802 -0.026551 -0.263663 255 0 0
0.201012 0.074467 -0.092289 255 0 0
0.050530 -0.185011 0.256336 255 0 0
-0.012088 0.017664 -0.647697 255 0 0
-0.086109 0.338035 0.050632 255 0 0
0.074808 -0.052639 0.788911 255 0 0
0.104012 0.350466 -0.360617 255 0 0
0.053102 -0.214735 0.200104 255 0 0
0.202938 0.074933 -0.126578 255 0 0
-0.011526 0.232196 0.945045 255 255 255
0.208930 0.013619 0.297422 255 0 0
0.023621 0.261220 -0.657764 255 0 0
0.188245 0.139566 -0.576597 255 0 0
-0.201815 0.050454 0.055507 255 0 0
-0.038188 -0.190376 0.243706 255 0 0
-0.111913 -0.088806 0.601496 255 0 0
0.219622 0.100342 -0.371223 255 0 0
0.191497 -0.019831 -0.553112 255 0 0
-0.198545 -0.117545 -0.143697 255 0 0
0.063114 0.185500 0.636610 255 255 255
0.130913 -0.339742 0.108617 255 0 0
0.082606 -0.508854 -0.420030 255 255 255
0.023524 -0.108891 0.536003 255 255 255
0.165296 -0.195380 0.140361 255 0 0
-0.106852 -0.081393 0.683569 255 0 0
-0.053160 -0.320185 0.163741 255 0 0
0.119334 0.128061 -0.647569 255 0 0
-0.096973 -0.006529 0.710145 255 0 0
-0.164750 -0.486716 -0.492124 255 255 255
-0.007696 0.398404 -0.370442 255 0 0
-0.168182 0.299494 -0.265865 255 0 0
-0.054021 -0.315800 -0.616154 255 0 0
-0.043479 -0.094374 0.514187 255 0 0
-0.211833 0.157124 -0.312380 255 0 0
-0.038432 0.006198 0.899521 255 0 0
0.106280 -0.106832 0.378936 255 0 0
-0.103487 -0.225676 -0.041965 255 0 0
-0.021384 0.068029 0.796769 255 0 0
0.069529 -0.512149 0.114196 255 255 255
-0.112900 -0.504627 -0.539539 255 255 255
0.134234 -0.125263 0.314707 255 0 0
0.059171 0.109783 -0.677680 255 0 0
-0.026645 0.297978 0.543242 255 0 0
-0.116098 -0.002844 0.626798 255 0 0
0.048104 -0.120337 0.900281 255 255 255
0.094446 0.269430 -0.606996 255 0 0
0.126222 0.053161 0.534096 255 0 0
0.113171 0.241390 0.667948 255 255 255
0.103319 0.360921 -0.313809 255 0 0
-0.066450 -0.426756 -0.564688 255 0 0
0.109523 -0.026420 0.662090 255 0 0
0.170979 -0.115146 0.021744 255 0 0
0.104124 -0.230861 -0.147376 255 0 0
0.017337 0.407036 -0.335780 255 0 0
-0.074196 -0.507036 -0.424048 255 255 255
0.111047 0.098370 0.593714 255 0 0
-0.190212 -0.091417 -0.061979 255 0 0
-0.024275 0.103420 -0.682293 255 0 0
-0.054798 -0.067356 -0.607617 255 0 0
0.215227 -0.001087 -0.292965 255 0 0
-0.123457 -0.271165 -0.598436 255 0 0
-0.116124 0.023822 -0.636380 255 0 0
0.065421 -0.118625 0.889655 255 255 255
0.030715 0.214408 -0.686214 255 0 0
-0.143137 -0.158660 -0.372564 255 0 0
0.147882 -0.299527 0.133479 255 0 0
-0.035909 -0.502670 -0.486907 255 255 255
0.101063 -0.042244 0.504324 255 0 0
0.226384 0.030603 0.247487 255 0 0
-0.069578 0.030111 0.750243 255 0 0
0.151885 0.185040 -0.604380 255 0 0
-0.192015 0.210634 -0.171070 255 0 0
0.018135 0.397002 0.145550 255 0 0
0.085038 0.319177 0.378231 255 0 0
-0.147631 0.311337 -0.362725 255 0 0
0.019941 0.255718 0.575841 255 0 0
-0.044034 -0.133623 0.863423 255 255 255
-0.046888 -0.324085 -0.593189 255 0 0
-0.060866 0.141819 0.667592 255 0 0
-0.107557 0.336167 -0.432195 255 0 0
0.040956 0.312188 -0.596512 255 0 0
0.042582 -0.163717 0.356043 255 0 0
0.085385 -0.243367 -0.611965 255 0 0
-0.075377 0.327954 0.433913 255 0 0
0.183191 0.271263 -0.228697 255 0 0
-0.122564 0.055744 0.559772 255 0 0
-0.079215 -0.411318 0.155364 255 0 0
0.121370 0.032581 0.580696 255 0 0
-0.096654 0.164028 0.587732 255 0 0
-0.075685 -0.129231 0.835614 255 255 255
-0.016924 -0.085942 0.785593 255 255 255
-0.151846 -0.246860 -0.524311 255 0 0
-0.062840 -0.105918 0.866509 255 255 255
0.225733 0.020770 -0.389765 255 0 0
-0.197955 0.200323 -0.492129 255 0 0
0.148779 0.219159 -0.587892 255 0 0
-0.116577 0.326971 0.199628 255 0 0
0.151097 0.055820 0.454754 255 0 0
0.213889 0.071376 -0.535898 255 0 0
-0.224888 0.048884 -0.330019 255 0 0
-0.115393 -0.284594 0.063478 255 0 0
-0.151650 0.279802 -0.029224 255 0 0
0.193830 0.244839 -0.325608 255 0 0
-0.142625 0.331707 -0.233270 255 0 0
0.156435 0.312034 -0.191854 255 0 0
-0.062288 -0.154221 0.871210 255 255 255
0.049233 0.384844 -0.211268 255 0 0
0.190828 -0.064643 0.040760 255 0 0
0.197291 -0.121011 -0.138833 255 0 0
-0.160872 -0.144800 -0.275205 255 0 0
0.112684 0.031347 -0.639446 255 0 0
-0.076561 -0.049095 0.793507 255 0 0
-0.121855 0.273279 0.360806 255 0 0
-0.065946 -0.198554 -0.291414 255 0 0
-0.079479 -0.412700 -0.465953 255 0 0
-0.109293 0.156565 0.541404 255 0 0
0.056989 0.043310 0.756700 255 0 0
-0.062834 -0.271172 0.197123 255 0 0
-0.183762 -0.056087 -0.554367 255 0 0
-0.188045 0.114332 0.324252 255 0 0
-0.167526 0.232058 0.277821 255 0 0
0.161958 -0.130151 0.015351 255 0 0
-0.128115 -0.192175 0.250067 255 0 0
0.118282 -0.023763 0.468975 255 0 0
0.112443 -0.194972 -0.246681 255 0 0
-0.065597 -0.159000 0.754911 255 255 255
0.051641 -0.243236 -0.546550 255 0 0
0.120538 -0.201201 -0.398316 255 255 255
0.147087 -0.246100 -0.546778 255 0 0
-0.051256 0.377898 0.199519 255 0 0
0.108671 0.301261 0.328940 255 0 0
0.095051 -0.104750 0.722235 255 255 255
0.154912 -0.213255 -0.408353 255 0 0
-0.156035 0.105098 0.437317 255 0 0
-0.007593 -0.081089 -0.850150 255 255 255
-0.094200 -0.346595 0.165921 255 0 0
0.169299 0.073390 0.399652 255 0 0
0.197975 0.209403 -0.484200 255 0 0
0.206425 0.080785 -0.556341 255 0 0
0.207090 0.100908 0.117365 255 0 0
-0.171516 -0.177351 0.139469 255 0 0
-0.118698 0.075516 -0.647408 255 0 0
-0.058996 -0.204140 -0.290083 255 0 0
-0.180604 0.044142 0.370186 255 0 0
0.068978 -0.141581 0.682969 255 255 255
-0.125315 0.155734 -0.638475 255 0 0
-0.101139 -0.110770 0.639197 255 0 0
0.116163 -0.442307 -0.535095 255 0 0
0.121151 -0.264380 0.217269 255 0 0
-0.040481 -0.353265 0.097894 255 0 0
0.035025 0.063263 0.752851 255 0 0
0.206082 -0.078850 -0.478242 255 0 0
0.061042 -0.197547 0.233655 255 0 0
-0.104692 -0.302708 -0.469768 255 0 0
-0.041360 0.360241 0.307743 255 0 0
0.115060 0.319825 -0.492494 255 0 0
-0.011269 -0.151532 0.907365 255 255 255
0.066058 0.378024 -0.351175 255 0 0
-0.072080 -0.404098 -0.475652 255 0 0
-0.096227 -0.167456 -0.308042 255 0 0
0.105437 -0.404183 -0.467394 255 0 0
0.133890 0.237664 0.365888 255 0 0
0.142262 0.167148 -0.622700 255 0 0
0.160756 0.263317 -0.517124 255 0 0
0.198611 0.010955 0.318084 255 0 0
-0.051041 0.082063 0.698136 255 0 0
-0.122925 0.321848 0.192265 255 0 0
0.106519 -0.471125 -0.551670 255 255 255
0.035048 -0.320910 0.102591 255 0 0
-0.016951 0.396548 0.136663 255 0 0
-0.080464 -0.131634 0.877943 255 255 255
0.047301 0.391902 -0.335809 255 0 0
-0.092269 -0.013707 0.730289 255 0 0
-0.133934 -0.105274 0.344748 255 0 0
0.123648 -0.329460 -0.580983 255 0 0
-0.028747 0.242861 0.580730 255 0 0
-0.179864 0.072307 0.370112 255 0 0
0.109056 -0.482551 -0.390340 255 255 255
0.066225 -0.170272 0.808493 255 255 255
0.072534 -0.225217 0.029968 255 0 0
-0.017924 0.373203 0.369660 255 0 0
-0.063601 -0.432256 -0.557015 255 0 0
0.052391 0.356001 -0.070171 255 0 0
0.146666 0.326707 -0.199240 255 0 0
0.170768 -0.082594 -0.557394 255 0 0
0.103418 0.302340 0.366996 255 0 0
-0.198738 0.224358 -0.349628 255 0 0
-0.204949 0.035316 0.083299 255 0 0
-0.085974 0.041808 0.711351 255 0 0
-0.204565 0.169819 -0.228908 255 0 0
-0.147188 0.328412 -0.245821 255 0 0
-0.192225 -0.064053 -0.041328 255 0 0
-0.146972 0.282423 0.004977 255 0 0
-0.063106 0.286000 0.520458 255 0 0
-0.023543 -0.167210 -0.354490 255 0 0
0.170350 -0.174888 0.198620 255 0 0
0.009568 0.378998 -0.143150 255 0 0
0.028363 -0.257576 -0.097254 255 0 0
-0.110760 0.278329 -0.579694 255 0 0
-0.037450 -0.163613 0.358633 255 0 0
-0.093254 0.348834 0.183155 255 0 0
-0.200010 -0.087055 -0.139083 255 0 0
-0.100013 -0.030247 0.718756 255 0 0
-0.201547 -0.063194 -0.511631 255 0 0
-0.174438 -0.204764 -0.444856 255 0 0
0.040821 -0.116211 0.904465 255 255 255
0.192005 -0.149462 -0.173454 255 0 0
0.004268 -0.193867 0.824984 255 255 255
-0.130092 -0.120360 0.327341 255 0 0
0.047658 0.369864 -0.139710 255 0 0
-0.175259 -0.121002 0.088674 255 0 0
0.123900 0.328296 -0.108244 255 0 0
0.211871 0.097039 -0.244527 255 0 0
-0.212174 0.048595 -0.240385 255 0 0
-0.127925 -0.322112 0.074529 255 0 0
-0.111644 0.047637 -0.645322 255 0 0
0.107378 -0.031524 0.507258 255 0 0
0.028166 -0.482619 0.150315 255 255 255
0.067420 0.366445 0.126679 255 0 0
-0.173761 0.117831 -0.607838 255 0 0
-0.201723 0.191121 -0.230565 255 0 0
-0.086149 -0.142723 0.355262 255 0 0
0.150039 -0.222761 0.112724 255 0 0
0.124168 0.135563 0.516304 255 0 0
0.123815 0.309938 0.063634 255 0 0
-0.151210 -0.107914 0.313179 255 0 0
0.180692 -0.134509 -0.062933 255 0 0
0.036656 0.366211 0.415961 255 0 0
0.205513 -0.046377 -0.257352 255 0 0
0.037080 -0.503308 0.147349 255 255 255
0.084060 -0.126243 0.684709 255 255 255
-0.158744 -0.148929 0.085847 255 0 0
-0.059113 -0.252358 0.192303 255 0 0
-0.029776 0.406285 -0.320779 255 0 0
0.152654 0.215782 0.338452 255 0 0
0.071121 -0.354144 -0.485799 255 0 0
-0.104563 0.268479 0.454482 255 0 0
-0.064823 -0.450721 0.162141 255 0 0
0.097366 -0.063342 -0.613681 255 0 0
0.142503 0.292411 0.151150 255 0 0
-0.130385 0.338752 -0.213735 255 0 0
-0.114553 -0.075024 0.615767 255 0 0
-0.059393 -0.150042 0.685283 255 255 255
0.223531 -0.020388 -0.430015 255 0 0
-0.076970 -0.078012 -0.608542 255 0 0
0.207485 -0.017886 -0.223250 255 0 0
0.222028 -0.051784 0.204800 255 0 0
-0.187373 -0.083972 -0.020665 255 0 0
0.059606 -0.133231 0.833398 255 0 0
0.129066 0.051634 0.517061 255 0 0
-0.173113 0.261935 -0.483131 255 0 0
-0.219837 0.033464 -0.496304 255 0 0
0.045009 -0.441973 -0.497064 255 0 0
0.155959 -0.030675 0.389257 255 0 0
0.169881 -0.182058 -0.398225 255 0 0
-0.100627 -0.445664 -0.416483 255 255 255
0.083215 -0.477061 0.053934 255 255 255
-0.209924 -0.111821 -0.409478 255 0 0
-0.198772 0.107559 -0.073889 255 0 0
0.126260 0.317233 0.185950 255 0 0
-0.188490 -0.076126 -0.014996 255 0 0
-0.012330 0.129582 0.976612 255 255 255
-0.217321 0.091982 -0.525307 255 0 0
0.070874 0.360573 -0.416496 255 0 0
0.040579 -0.067483 0.903978 255 0 0
0.106149 0.041131 0.639216 255 0 0
0.083929 -0.267625 -0.443144 255 255 255
0.205866 0.160785 -0.231096 255 0 0
0.180911 0.069540 -0.600359 255 0 0
-0.207044 0.112201 -0.200656 255 0 0
0.192260 0.140377 -0.569181 255 0 0
-0.026573 0.376082 -0.444056 255 0 0
0.146382 0.088543 0.470791 255 0 0
-0.057302 -0.027498 0.827090 255 0 0
-0.198097 -0.093008 0.121616 255 0 0
-0.073292 0.295103 -0.594498 255 0 0
-0.182304 0.198979 0.019092 255 0 0
0.210574 0.156902 -0.497139 255 0 0
-0.199737 0.038878 -0.000484 255 0 0
0.177753 0.217182 0.153404 255 0 0
-0.219588 0.109579 -0.343972 255 0 0
-0.084210 0.200583 0.564505 255 0 0
-0.014833 -0.197805 0.841534 255 255 255
0.000913 -0.196980 0.833530 255 255 255
0.205229 0.033237 -0.541374 255 0 0
-0.188732 0.186127 0.147406 255 0 0
-0.154547 0.258370 0.662237 255 255 255
0.007501 0.051429 0.970169 255 255 255
-0.150165 -0.454276 -0.477294 255 255 255
0.092694 -0.075370 0.751228 255 255 255
-0.179612 0.099536 -0.606341 255 0 0
-0.074546 -0.428689 0.067983 255 0 0
-0.181277 -0.126343 -0.260974 255 0 0
0.188137 0.183865 0.131803 255 0 0
0.228183 0.044265 0.216710 255 0 0
-0.161278 0.283829 -0.463490 255 0 0
-0.130861 0.235848 0.388307 255 0 0
0.059545 0.034663 0.760268 255 0 0
-0.102266 0.207905 -0.638359 255 0 0
0.077288 0.201325 0.578119 255 0 0
0.161084 -0.465530 -0.478879 255 255 255
-0.077344 -0.472826 0.191046 255 255 255
-0.081356 0.375444 -0.247471 255 0 0
-0.108769 0.290937 0.366568 255 0 0
0.116689 -0.228551 -0.091873 255 0 0
-0.088241 0.189376 0.674770 255 255 255
0.134018 0.328532 -0.160238 255 0 0
0.056953 0.380538 -0.362075 255 0 0
0.074478 -0.033527 0.771759 255 0 0
-0.049874 -0.391669 -0.548841 255 0 0
0.007474 -0.013920 0.942669 255 255 255
0.124247 -0.410043 -0.500177 255 0 0
-0.114411 -0.072537 0.569183 255 0 0
0.122244 -0.121278 -0.589128 255 0 0
0.055605 0.249721 0.557959 255 0 0
-0.028684 0.033524 0.844094 255 0 0
0.064355 -0.029195 0.797624 255 0 0
-0.205958 0.028045 0.089038 255 0 0
-0.120401 -0.144878 -0.584627 255 0 0
-0.120034 0.016335 0.526981 255 0 0
0.095137 -0.038052 -0.622734 255 0 0
0.051944 -0.129032 -0.555962 255 0 0
-0.145862 0.262134 -0.552696 255 0 0
0.101922 0.051629 -0.650141 255 0 0
-0.155551 0.266149 0.128133 255 0 0
0.093462 -0.074095 0.748451 255 255 255
0.073887 -0.144923 0.876715 255 255 255
0.107705 -0.453307 0.179582 255 255 255
0.034756 -0.294156 0.116439 255 0 0
-0.059930 -0.235706 0.194749 255 0 0
-0.029786 -0.021046 0.917465 255 255 255
0.203214 0.140760 -0.183289 255 0 0
-0.017725 0.137129 0.927447 255 255 255
-0.002788 0.270392 0.961242 255 255 255
-0.198921 -0.089452 -0.500785 255 0 0
-0.085506 -0.395047 -0.599290 255 0 0
0.195688 0.121470 -0.039818 255 0 0
0.181745 0.029954 -0.588599 255 0 0
-0.050892 -0.255392 -0.068729 255 0 0
0.054030 -0.139360 0.623998 255 255 255
-0.159666 0.088415 0.430422 255 0 0
0.060409 0.340325 0.417440 255 0 0
0.158136 -0.230532 0.147868 255 0 0
-0.063351 -0.186009 0.252781 255 0 0
-0.067032 -0.158127 0.819414 255 255 255
0.045529 0.355536 0.359211 255 0 0
0.212264 -0.020239 -0.294283 255 0 0
0.130414 -0.214393 -0.084749 255 0 0
0.016629 0.189748 0.955072 255 255 255
-0.215974 -0.015289 -0.497504 255 0 0
-0.217452 0.049297 -0.537595 255 0 0
0.062813 -0.441412 -0.451418 255 255 255
-0.214720 0.140256 -0.352158 255 0 0
-0.125763 -0.430593 -0.460228 255 255 255
0.058983 0.203862 -0.673162 255 0 0
-0.091422 -0.506475 0.063250 255 255 255
-0.098005 0.018395 0.713371 255 0 0
-0.029674 -0.475227 0.120737 255 255 255
-0.192084 -0.080047 -0.061647 255 0 0
0.104373 -0.067470 0.702087 255 255 255
0.155917 -0.174233 -0.227064 255 0 0
-0.126489 0.327962 -0.389638 255 0 0
0.149357 0.269386 -0.531602 255 0 0
0.171777 0.199770 -0.566741 255 0 0
0.048408 -0.405672 0.090246 255 0 0
-0.202234 0.207348 -0.389349 255 0 0
0.153388 -0.239110 -0.441294 255 0 0
-0.210202 -0.055264 -0.490474 255 0 0
-0.208356 0.085707 -0.200448 255 0 0
-0.091307 0.210038 -0.645772 255 0 0
-0.194558 -0.133434 -0.476549 255 0 0
-0.154595 -0.190944 0.108022 255 0 0
0.178428 0.223127 -0.063777 255 0 0
-0.199509 0.212251 -0.441308 255 0 0
-0.045355 -0.502471 -0.415171 255 255 255
0.211625 0.154423 -0.459109 255 0 0
-0.050671 -0.398477 0.138007 255 0 0
0.122336 0.202403 0.468264 255 0 0
-0.019036 -0.246532 -0.192352 255 0 0
0.201080 0.089212 0.064144 255 0 0
-0.123668 -0.160165 0.278748 255 0 0
-0.136885 -0.194824 -0.043679 255 0 0
0.198837 -0.109290 -0.212061 255 0 0
-0.107762 -0.223433 -0.045665 255 0 0
-0.194885 0.237078 -0.298777 255 0 0
0.112357 -0.118579 0.358493 255 0 0
-0.146377 -0.503272 0.178161 255 255 255
0.205698 -0.065300 -0.341904 255 0 0
0.065218 0.346340 -0.034181 255 0 0
-0.224381 0.031766 0.163367 255 0 0
0.201362 -0.028217 -0.116279 255 0 0
-0.147006 0.230160 -0.583877 255 0 0
-0.027759 -0.148595 0.388576 255 0 0
0.206864 0.184887 -0.398066 255 0 0
0.027852 -0.500402 -0.448799 255 255 255
0.136870 -0.174893 -0.566550 255 0 0
0.119864 -0.315233 -0.490027 255 255 255
-0.022028 -0.133594 0.405046 255 0 0
0.109834 -0.172573 -0.588999 255 0 0
0.208989 -0.101632 -0.429137 255 0 0
0.056612 -0.072433 0.887605 255 0 0
0.182710 0.196860 -0.005252 255 0 0
0.077253 0.348203 -0.475800 255 0 0
-0.173405 0.242032 -0.073831 255 0 0
-0.075937 -0.118744 0.850696 255 255 255
0.079361 -0.302680 0.188773 255 0 0
-0.111080 0.009698 0.651535 255 0 0
0.216716 0.123701 -0.331913 255 0 0
0.046596 0.371133 -0.424371 255 0 0
-0.193346 0.071120 -0.593638 255 0 0
0.038312 0.000172 0.902154 255 0 0
-0.199059 0.015701 -0.037941 255 0 0
0.068875 0.050341 0.723758 255 0 0
-0.113678 0.132650 0.552094 255 0 0
0.141050 -0.167051 -0.262009 255 0 0
0.194400 0.062496 0.323620 255 0 0
0.002983 -0.231006 0.118407 255 0 0
0.061022 -0.457546 0.065868 255 255 255
-0.092330 -0.380116 0.060691 255 0 0
0.197783 0.126981 -0.097601 255 0 0
0.061307 -0.203366 -0.559249 255 0 0
0.165558 -0.182361 -0.120820 255 0 0
-0.218591 0.069084 -0.510663 255 0 0
0.018099 0.273603 0.563443 255 0 0
-0.006107 0.200357 0.933178 255 255 255
0.022895 0.343369 -0.558543 255 0 0
-0.203243 -0.054171 -0.281471 255 0 0
-0.211366 0.161599 -0.342361 255 0 0
-0.224072 0.015037 -0.343914 255 0 0
-0.097879 -0.011306 -0.631903 255 0 0
0.136668 0.089833 0.501328 255 0 0
-0.017618 0.343772 -0.556968 255 0 0
0.032607 0.389549 -0.206210 255 0 0
0.038858 -0.105070 0.536583 255 255 255
-0.066536 0.060738 0.709365 255 0 0
-0.044677 0.099202 -0.679361 255 0 0
-0.097041 -0.467041 -0.552320 255 255 255
0.156364 0.210844 0.334093 255 0 0
0.139194 -0.319616 0.123702 255 0 0
0.191825 -0.134383 0.153844 255 0 0
0.049082 0.354512 0.022563 255 0 0
0.134424 -0.089708 0.360801 255 0 0
-0.124421 -0.013535 0.466903 255 0 0
0.000716 -0.136965 0.608389 255 255 255
0.075362 0.344130 0.049657 255 0 0
-0.163956 -0.493191 -0.491528 255 255 255
-0.075961 0.049175 0.714289 255 0 0
-0.088964 -0.124627 0.657213 255 255 255
0.117437 -0.411285 -0.548993 255 0 0
-0.199548 0.065217 -0.033378 255 0 0
-0.070003 0.341708 0.304479 255 0 0
-0.081708 -0.207073 -0.259457 255 0 0
0.125768 -0.328499 -0.519886 255 0 0
-0.209745 0.118412 -0.552398 255 0 0
0.217922 0.101529 -0.456707 255 0 0
0.089954 -0.316804 0.043817 255 255 255
0.042008 -0.491572 0.069082 255 255 255
0.038867 0.162053 0.664754 255 0 0
-0.196384 -0.062630 -0.084769 255 0 0
-0.026773 -0.152144 0.657689 255 255 255
-0.149128 0.281100 0.031377 255 0 0
0.200289 0.212885 -0.402686 255 0 0
0.187832 -0.138127 -0.102041 255 0 0
-0.209438 -0.085293 -0.375569 255 0 0
-0.047494 -0.242325 0.114704 255 0 0
0.204066 0.016078 0.061794 255 0 0
0.120729 -0.164999 -0.290317 255 0 0
-0.041640 0.385737 0.169246 255 0 0
0.165090 -0.176126 0.111799 255 0 0
0.003925 0.311446 -0.610367 255 0 0
-0.198767 -0.035932 -0.087379 255 0 0
0.136469 0.309018 -0.068610 255 0 0
-0.083663 0.282339 -0.599471 255 0 0
-0.128040 -0.434014 -0.458163 255 255 255
0.169774 0.051801 0.404106 255 0 0
0.137139 -0.125961 0.309588 255 0 0
0.025742 0.376055 -0.451156 255 0 0
0.178234 -0.194201 -0.447445 255 0 0
0.045234 -0.028776 0.878047 255 0 0
0.077482 -0.131412 0.630998 255 255 255
-0.191847 0.178955 0.251162 255 0 0
-0.147994 0.329437 -0.290596 255 0 0
-0.021818 -0.184422 0.273436 255 0 0
0.110605 -0.386408 0.076705 255 0 0
0.150047 -0.066184 0.363611 255 0 0
0.201165 0.137301 -0.156983 255 0 0
0.099290 -0.063148 0.445384 255 0 0
-0.185504 0.177267 0.037843 255 0 0
-0.045900 -0.055565 0.895124 255 0 0
-0.138293 0.141771 -0.633028 255 0 0
0.124689 0.309999 -0.495325 255 0 0
-0.206027 0.014471 -0.172544 255 0 0
0.011866 0.361725 -0.038560 255 0 0
0.128033 -0.208354 -0.577291 255 255 255
0.173205 -0.151545 0.233813 255 0 0
0.016921 0.184577 0.944979 255 255 255
0.195551 0.145889 -0.095629 255 0 0
-0.077272 0.331363 0.335094 255 0 0
0.093987 -0.133812 0.361868 255 0 0
-0.178871 -0.145380 0.222266 255 0 0
0.201448 0.166552 -0.194605 255 0 0
-0.089950 -0.513756 -0.483505 255 255 255
0.109122 -0.062182 0.427410 255 0 0
-0.186635 -0.154066 -0.205545 255 0 0
0.120227 0.270439 0.381545 255 0 0
-0.020823 -0.124956 0.415751 255 0 0
0.150624 -0.148813 0.066099 255 0 0
-0.183890 0.233743 -0.502486 255 0 0
0.153673 -0.257643 0.161667 255 0 0
-0.129512 0.305573 0.089638 255 0 0
0.165657 -0.505511 -0.453320 255 255 255
-0.099735 -0.170963 -0.299901 255 0 0
0.163847 -0.006563 0.394749 255 0 0
-0.079828 0.002864 -0.640941 255 0 0
0.158266 -0.139161 0.068627 255 0 0
0.009045 0.077573 0.975378 255 255 255
-0.127233 -0.031863 0.437326 255 0 0
-0.114485 0.142038 0.540222 255 0 0
-0.205019 -0.083550 0.140497 255 0 0
-0.053152 0.378714 0.178905 255 0 0
-0.175781 0.213501 0.114598 255 0 0
0.038526 -0.486662 0.072699 255 255 255
0.199204 0.009695 -0.030079 255 0 0
-0.116994 0.045361 -0.642361 255 0 0
-0.177744 -0.162528 0.176819 255 0 0
0.200885 0.061078 0.037911 255 0 0
-0.161133 -0.175017 -0.385510 255 0 0
-0.193085 0.241288 -0.371417 255 0 0
0.048004 0.235531 -0.666571 255 0 0
-0.194702 -0.097708 -0.266481 255 0 0
-0.000942 0.129708 0.683290 255 0 0
0.197129 0.123911 -0.079153 255 0 0
-0.007047 -0.212076 -0.309889 255 0 0
0.041307 0.011413 0.874962 255 0 0
0.198689 0.166162 0.186241 255 0 0
0.214846 0.116824 -0.285700 255 0 0
0.186551 0.088830 -0.595610 255 0 0
0.021022 -0.092416 -0.563912 255 0 0
-0.124476 0.306811 -0.514696 255 0 0
-0.160817 -0.215755 0.158615 255 0 0
0.123981 0.039008 0.553500 255 0 0
0.055718 0.338589 -0.545013 255 0 0
-0.069907 0.337016 0.419730 255 0 0
0.201788 -0.039570 -0.132163 255 0 0
0.120074 0.161053 0.509003 255 0 0
0.137774 0.294635 0.045712 255 0 0
-0.059209 0.347931 0.438726 255 0 0
0.025650 -0.170215 0.729960 255 255 255
0.154201 -0.263277 0.153508 255 0 0
0.198669 0.096095 -0.059072 255 0 0
-0.145494 0.284874 -0.018054 255 0 0
-0.226385 0.020319 -0.427064 255 0 0
0.129611 0.173754 0.627422 255 255 255
0.218029 0.104008 -0.312039 255 0 0
-0.196532 0.200789 -0.192854 255 0 0
-0.054936 -0.382802 0.146185 255 0 0
0.054860 -0.155405 0.702689 255 255 255
-0.132028 0.337624 -0.325017 255 0 0
-0.062800 0.182028 -0.673428 255 0 0
-0.060245 0.081648 0.690336 255 0 0
-0.123947 -0.382031 -0.564079 255 0 0
0.129602 -0.161650 0.275711 255 0 0
0.041986 0.368732 -0.124476 255 0 0
-0.218920 0.043753 -0.512429 255 0 0
0.081553 0.243396 -0.638518 255 0 0
0.206145 0.063214 0.087651 255 0 0
-0.207685 0.004699 0.100727 255 0 0
-0.104890 0.207609 0.684380 255 255 255
0.070941 -0.473756 -0.546738 255 255 255
-0.218422 0.042685 -0.292572 255 0 0
-0.204603 0.198957 -0.385064 255 0 0
-0.078300 -0.037614 0.769232 255 0 0
-0.022324 0.367031 0.018399 255 0 0
0.214906 0.130891 -0.297096 255 0 0
0.065115 0.157601 0.655703 255 255 255
-0.209382 0.108102 0.260463 255 0 0
-0.147126 0.276461 0.267020 255 0 0
-0.006067 -0.140845 0.399453 255 0 0
-0.063863 0.056614 0.720325 255 0 0
-0.171770 -0.124312 0.083287 255 0 0
0.220078 0.078971 -0.465164 255 0 0
0.222817 0.071792 -0.375970 255 0 0
0.226988 -0.003704 0.181205 255 0 0
-0.098723 0.089040 0.641150 255 0 0
-0.193941 0.190250 0.214088 255 0 0
0.194765 -0.082246 -0.293253 255 0 0
0.043984 0.289113 -0.623288 255 0 0
-0.154471 0.277649 -0.034936 255 0 0
0.133751 -0.232494 -0.576213 255 0 0
0.115980 -0.430257 -0.537470 255 0 0
0.024762 0.109910 0.929307 255 255 255
0.015788 -0.173596 0.740517 255 255 255
-0.008622 0.033789 0.964458 255 255 255
0.189123 0.177114 -0.058233 255 0 0
-0.133749 -0.199546 -0.573265 255 0 0
0.188533 0.229508 -0.166285 255 0 0
0.122014 0.311821 0.061949 255 0 0
0.006517 0.363579 -0.027695 255 0 0
0.222719 -0.047383 0.205207 255 0 0
0.212135 -0.008394 0.116096 255 0 0
0.103048 -0.053485 0.454468 255 0 0
0.012489 -0.248484 -0.180930 255 0 0
0.065773 -0.506652 0.072011 255 255 255
0.051019 0.379208 0.125653 255 0 0
-0.195963 -0.071294 -0.522668 255 0 0
-0.083536 -0.175784 -0.306736 255 0 0
0.112870 0.063208 0.610366 255 0 0
-0.036314 -0.188696 0.820133 255 255 255
-0.014181 -0.133635 0.602759 255 255 255
-0.071849 -0.356930 -0.485484 255 0 0
0.045267 -0.086687 0.901815 255 0 0
0.169641 0.099682 0.385871 255 0 0
0.091761 0.362859 -0.344148 255 0 0
0.122747 0.074855 0.552872 255 0 0
-0.030453 0.038177 0.883672 255 0 0
-0.111915 0.090538 0.596396 255 0 0
-0.116700 -0.453259 0.072777 255 255 255
0.096487 0.314750 0.327197 255 0 0
0.199612 0.223887 -0.347442 255 0 0
-0.033183 0.033775 -0.655521 255 0 0
-0.119675 -0.004775 0.606942 255 0 0
0.159951 -0.228707 -0.498022 255 0 0
-0.131037 0.254392 0.351993 255 0 0
0.166559 -0.130627 0.078625 255 0 0
0.083252 0.224865 0.544115 255 0 0
0.202105 0.150076 -0.182918 255 0 0
-0.060679 -0.420733 -0.482733 255 0 0
0.096380 0.346867 -0.402324 255 0 0
0.184859 0.026454 0.355550 255 0 0
-0.092936 -0.354164 -0.621266 255 0 0
0.100700 -0.190126 -0.593113 255 0 0
-0.179134 0.033093 -0.597116 255 0 0
0.102043 -0.041031 0.500832 255 0 0
0.001544 -0.246467 -0.197947 255 0 0
0.199565 0.019651 -0.019474 255 0 0
-0.045555 0.036569 0.782475 255 0 0
-0.009356 0.114713 0.977774 255 255 255
-0.195368 0.070281 -0.590972 255 0 0
-0.218700 0.099949 -0.491906 255 0 0
-0.158763 -0.043601 0.373334 255 0 0
-0.200288 -0.073999 -0.266801 255 0 0
0.042409 -0.316020 -0.539409 255 0 0
-0.201286 0.034957 0.045315 255 0 0
-0.167070 -0.120966 0.019372 255 0 0
-0.046909 -0.367480 0.144089 255 0 0
0.028654 0.116680 0.686023 255 0 0
0.040646 -0.188855 0.819722 255 255 255
0.033405 0.401517 -0.330626 255 0 0
0.154599 0.104547 0.437462 255 0 0
0.216742 0.105419 0.187306 255 0 0
-0.049414 0.359281 0.286590 255 0 0
0.170195 0.234994 0.044507 255 0 0
0.206129 -0.105258 -0.397741 255 0 0
-0.131481 -0.154826 -0.293543 255 0 0
-0.185850 0.136504 -0.584864 255 0 0
0.219016 0.083837 -0.309830 255 0 0
-0.028445 0.343078 0.504194 255 0 0
-0.159946 -0.187848 -0.186237 255 0 0
0.111960 -0.509257 -0.529597 255 255 255
0.078032 -0.052845 -0.619018 255 0 0
0.062693 -0.181106 0.822920 255 255 255
-0.110305 -0.454110 0.069527 255 255 255
-0.021619 -0.229444 -0.267150 255 0 0
0.124236 0.330748 -0.383215 255 0 0
0.124997 -0.374833 -0.557344 255 0 0
0.090184 0.317245 -0.547035 255 0 0
0.151195 0.222228 -0.582565 255 0 0
0.158664 0.218510 -0.574411 255 0 0
0.056422 -0.099362 0.436910 255 0 0
0.057042 -0.159082 -0.356878 255 0 0
0.048536 -0.013258 0.843492 255 0 0
-0.207001 -0.004361 -0.197694 255 0 0
-0.201368 0.071050 -0.089113 255 0 0
-0.044739 -0.252619 -0.014467 255 0 0
0.048569 0.352206 0.336794 255 0 0
-0.215347 0.133514 -0.416188 255 0 0
-0.062003 0.215586 0.588169 255 0 0
-0.202771 0.200238 -0.423454 255 0 0
0.126704 -0.365982 -0.553341 255 0 0
0.102352 0.214396 0.513334 255 0 0
0.194837 0.144832 -0.081533 255 0 0
0.066140 0.320745 0.479591 255 0 0
0.137656 0.171976 0.446894 255 0 0
0.051857 -0.056249 0.883877 255 0 0
-0.103247 0.200521 0.687377 255 255 255
0.177051 0.007889 -0.586265 255 0 0
-0.009373 -0.198873 0.846446 255 255 255
0.012958 -0.128596 0.798493 255 0 0
-0.203374 -0.065379 0.116263 255 0 0
-0.142334 0.014233 0.455934 255 0 0
0.056386 0.237311 0.567881 255 0 0
-0.125629 0.083467 0.539154 255 0 0
-0.126468 -0.251053 -0.591543 255 0 0
-0.141677 -0.194278 0.090622 255 0 0
0.150779 0.215160 -0.588062 255 0 0
0.170190 0.290456 -0.350529 255 0 0
-0.107076 0.044559 0.635933 255 0 0
0.211562 0.053723 -0.233436 255 0 0
-0.142291 -0.506399 -0.457801 255 255 255
0.074472 -0.053357 0.825562 255 0 0
-0.016270 0.174923 0.963238 255 255 255
0.173280 0.110397 0.367334 255 0 0
0.130649 -0.238577 0.084256 255 0 0
0.169024 -0.045529 0.351539 255 0 0
0.202675 0.035131 -0.107664 255 0 0
0.211597 -0.041991 -0.334627 255 0 0
-0.164796 0.167669 0.355751 255 0 0
0.100236 -0.096323 0.687540 255 255 255
0.165623 -0.185350 -0.395729 255 0 0
0.211049 0.144143 -0.507179 255 0 0
-0.033922 0.396613 -0.350835 255 0 0
0.119984 -0.031567 0.566093 255 0 0
0.143874 0.289402 0.138794 255 0 0
0.189188 -0.073198 0.042850 255 0 0
0.029771 -0.188127 0.814130 255 255 255
-0.189144 -0.152408 -0.147083 255 0 0
0.065444 -0.289216 -0.621225 255 0 0
0.205875 0.120642 0.131657 255 0 0
-0.049805 -0.252587 -0.130597 255 0 0
-0.164599 0.249350 0.087478 255 0 0
0.100708 0.110088 -0.658549 255 0 0
-0.049606 -0.451941 0.077821 255 0 0
-0.199982 0.212108 -0.415044 255 0 0
-0.214447 0.088286 -0.559438 255 0 0
-0.135257 0.308795 -0.075258 255 0 0
0.048270 0.347266 -0.533623 255 0 0
-0.145917 -0.487063 0.087755 255 255 255
0.114518 -0.216639 0.071724 255 0 0
0.123289 0.004103 0.558579 255 0 0
-0.142341 -0.196031 -0.056219 255 0 0
-0.057463 0.362199 -0.450956 255 0 0
0.004102 0.006993 -0.801890 255 255 255
0.153526 -0.191708 -0.392395 255 0 0
-0.182577 0.203258 0.144614 255 0 0
0.201368 -0.062468 -0.287194 255 0 0
0.111233 0.030797 0.628230 255 0 0
0.035043 0.029251 0.895430 255 0 0
-0.002837 -0.122152 0.821681 255 0 0
0.042818 -0.110290 0.903416 255 255 255
0.119019 -0.181817 0.262002 255 0 0
0.057164 -0.144577 0.650479 255 255 255
-0.077500 -0.246927 -0.611676 255 0 0
-0.031114 0.041773 0.827310 255 0 0
0.231178 0.036084 0.191963 255 0 0
0.054882 0.388617 -0.274148 255 0 0
-0.181772 0.264249 -0.228020 255 0 0
-0.209596 -0.074376 0.237918 255 0 0
0.090149 -0.475500 0.201477 255 255 255
-0.058834 -0.210049 -0.543919 255 0 0
-0.008087 0.149136 0.924149 255 255 255
-0.189705 0.251860 -0.327742 255 0 0
0.088887 0.050377 0.681654 255 0 0
0.118464 -0.410359 0.095401 255 255 255
-0.002787 0.035649 0.967601 255 255 255
0.022860 -0.164216 0.367434 255 0 0
-0.092511 0.034105 -0.648752 255 0 0
0.198062 0.144929 -0.551656 255 0 0
0.042957 -0.500117 0.175768 255 255 255
-0.212617 0.152642 -0.332659 255 0 0
-0.137931 0.319579 -0.382667 255 0 0
-0.060889 -0.012796 0.791849 255 0 0
0.121502 -0.465454 0.185284 255 255 255
0.097034 -0.206491 0.025559 255 0 0
0.195517 -0.028661 0.308508 255 0 0
-0.176819 0.248293 -0.132427 255 0 0
-0.032094 -0.482988 0.160727 255 255 255
0.048036 -0.450548 0.152974 255 0 0
-0.012235 -0.251333 0.025278 255 0 0
-0.218067 0.105752 -0.301557 255 0 0
-0.198948 -0.001619 -0.049579 255 0 0
-0.147223 0.290657 0.227073 255 0 0
-0.018279 0.054130 0.964737 255 255 255
0.111952 -0.040473 0.459348 255 0 0
-0.038558 0.056597 0.766113 255 0 0
0.012736 0.056145 0.885255 255 0 0
0.103817 -0.038367 0.511923 255 0 0
0.061888 -0.165559 0.318373 255 0 0
0.142079 0.209267 0.373236 255 0 0
-0.151603 -0.192563 -0.081802 255 0 0
0.031830 0.046651 0.934481 255 255 255
-0.217525 0.101889 -0.294210 255 0 0
0.199370 -0.084000 -0.250397 255 0 0
0.043031 0.028024 0.810399 255 0 0
0.060781 -0.168298 -0.548690 255 0 0
0.049142 -0.171802 0.761512 255 255 255
0.172623 -0.187160 -0.496800 255 0 0
-0.190221 -0.129704 0.208226 255 0 0
-0.151829 0.196030 0.361151 255 0 0
0.041774 -0.508694 -0.492009 255 255 255
0.164987 0.222066 -0.561796 255 0 0
-0.094241 -0.462260 0.060273 255 255 255
-0.173449 0.239596 -0.050565 255 0 0
0.055127 -0.475700 -0.421459 255 255 255
-0.190907 0.033683 0.344006 255 0 0
-0.006975 0.379080 0.446713 255 0 0
-0.036373 -0.504275 -0.466054 255 255 255
0.148272 0.001525 0.433315 255 0 0
0.123729 0.014020 0.555386 255 0 0
0.052004 -0.138399 -0.547085 255 0 0
0.200209 0.208551 -0.464954 255 0 0
-0.059003 -0.175154 0.284379 255 0 0
0.199692 -0.034235 -0.530184 255 0 0
-0.011981 0.163178 0.929479 255 255 255
0.115330 0.189213 0.501445 255 0 0
0.124075 0.309654 0.063087 255 0 0
-0.183181 0.185035 0.096420 255 0 0
0.029616 0.391156 0.168807 255 0 0
0.117561 -0.041886 0.601234 255 0 0
0.150455 -0.204323 0.220176 255 0 0
0.111892 -0.077057 0.593965 255 0 0
-0.089804 0.169391 0.602445 255 255 255
-0.184467 0.254264 -0.433340 255 0 0
0.032083 0.377894 -0.156243 255 0 0
-0.115280 -0.150632 -0.321626 255 0 0
-0.122621 -0.206803 -0.205736 255 0 0
0.042977 0.308993 0.518568 255 0 0
0.031023 0.194379 0.641182 255 0 0
-0.173581 0.080620 0.386569 255 0 0
-0.139549 0.086770 0.492704 255 0 0
0.095716 -0.512453 0.105366 255 255 255
0.191538 -0.105801 -0.086234 255 0 0
-0.036394 -0.014768 -0.633711 255 0 0
0.148965 -0.296463 0.115646 255 0 0
-0.213005 0.150462 -0.347190 255 0 0
-0.189782 0.251530 -0.350820 255 0 0
-0.166204 0.164471 0.355266 255 0 0
-0.217625 0.054191 -0.532935 255 0 0
0.199006 0.219037 -0.394294 255 0 0
0.021997 0.395879 -0.216535 255 0 0
0.134328 -0.105534 0.341767 255 0 0
0.204987 0.030175 -0.150425 255 0 0
0.121156 -0.177305 -0.580841 255 0 0
-0.063576 0.209765 -0.667091 255 0 0
0.201023 0.037683 -0.554790 255 0 0
-0.065997 0.340685 0.439601 255 0 0
0.040971 -0.281864 0.164552 255 0 0
0.158165 -0.119422 0.289071 255 0 0
0.125236 -0.215427 -0.583370 255 255 255
-0.151170 -0.472074 0.103144 255 255 255
0.175059 0.217228 0.105642 255 0 0
-0.223576 0.031142 -0.327762 255 0 0
-0.224513 0.068175 0.210016 255 0 0
0.205094 0.142132 -0.205208 255 0 0
-0.020174 0.205790 -0.695600 255 0 0
0.054476 -0.075447 0.891025 255 0 0
-0.108490 -0.037390 0.533827 255 0 0
-0.126753 -0.361758 0.102875 255 0 0
0.208612 0.180703 -0.323065 255 0 0
-0.070290 -0.107191 0.843268 255 255 255
0.080297 -0.436596 -0.438977 255 255 255
0.055343 -0.009205 0.811206 255 0 0
0.067763 -0.407594 0.069203 255 0 0
-0.151558 0.281810 0.192908 255 0 0
0.177685 -0.128767 -0.265398 255 0 0
0.115543 -0.369101 -0.583860 255 0 0
-0.173742 -0.186015 -0.495239 255 0 0
0.067504 -0.126270 0.395869 255 0 0
-0.118416 -0.006412 0.537961 255 0 0
0.152086 -0.471606 0.124369 255 255 255
0.056228 -0.411060 -0.561105 255 0 0
-0.214440 0.053598 0.134078 255 0 0
-0.200171 -0.043100 0.081938 255 0 0
0.164423 -0.175059 0.225911 255 0 0
-0.012857 0.095552 0.840947 255 0 0
-0.124248 -0.339624 -0.513163 255 255 255
0.117926 0.243676 0.673368 255 255 255
0.210115 0.030526 -0.221463 255 0 0
0.118437 0.349137 -0.320982 255 0 0
-0.021068 0.320453 0.528447 255 0 0
-0.176025 -0.101158 0.282923 255 0 0
0.053770 -0.232350 -0.525988 255 0 0
-0.133489 0.213716 0.413335 255 0 0
0.211845 -0.082375 -0.450845 255 0 0
0.217686 0.110942 -0.420321 255 0 0
-0.088499 -0.149460 0.339010 255 0 0
0.133507 0.257811 0.684651 255 255 255
-0.199977 -0.110764 -0.158202 255 0 0
0.204430 -0.093718 0.223526 255 0 0
-0.120574 0.323730 -0.070191 255 0 0
0.099334 0.212052 0.523341 255 0 0
-0.054892 0.348933 0.343199 255 0 0
-0.222019 -0.033844 -0.442675 255 0 0
-0.085958 0.357556 -0.148080 255 0 0
-0.210193 -0.016213 -0.276449 255 0 0
0.073966 -0.356909 -0.626793 255 0 0
-0.225081 -0.014031 -0.437392 255 0 0
-0.091084 0.047112 0.680994 255 0 0
-0.079588 0.325680 0.413234 255 0 0
0.193459 0.234314 -0.426112 255 0 0
-0.075309 0.342109 -0.034727 255 0 0
-0.164436 0.114595 -0.617243 255 0 0
-0.038937 0.043881 0.799526 255 0 0
0.187387 -0.157089 -0.188309 255 0 0
-0.163081 -0.219830 -0.499190 255 0 0
-0.153291 -0.077414 -0.580977 255 0 0
-0.086772 -0.185251 -0.290757 255 0 0
-0.173152 -0.207399 -0.448304 255 0 0
-0.222178 -0.035483 -0.375032 255 0 0
-0.198043 -0.009685 0.017124 255 0 0
-0.160020 0.251419 -0.538633 255 0 0
-0.148337 0.290408 0.220172 255 0 0
-0.154823 -0.183657 -0.211272 255 0 0
-0.030870 0.367044 0.383157 255 0 0
0.031339 0.244254 0.579475 255 0 0
-0.007025 -0.122866 0.419325 255 0 0
-0.048547 0.343211 0.471227 255 0 0
0.186619 -0.152111 -0.132927 255 0 0
0.030050 0.382352 -0.396289 255 0 0
-0.055975 0.373273 0.209694 255 0 0
-0.073914 0.378366 -0.243508 255 0 0
0.128546 -0.178181 -0.575799 255 0 0
-0.069557 0.356486 -0.451067 255 0 0
0.203133 0.196127 -0.251819 255 0 0
0.168064 0.075577 0.402472 255 0 0
-0.219462 0.064824 0.160880 255 0 0
-0.110558 -0.030602 0.659305 255 0 0
0.127542 -0.214517 -0.579884 255 255 255
-0.153998 -0.488688 -0.429338 255 255 255
-0.025064 -0.158756 0.374031 255 0 0
0.153057 0.178313 -0.606602 255 0 0
-0.108141 -0.086127 0.396595 255 0 0
-0.111864 0.125873 0.566685 255 0 0
-0.183810 -0.091763 0.064034 255 0 0
-0.153435 -0.215806 0.197987 255 0 0
0.195077 -0.127693 0.154155 255 0 0
0.009761 0.074484 0.772858 255 0 0
-0.146545 -0.160058 -0.561302 255 0 0
-0.110448 -0.224033 -0.051944 255 0 0
0.217196 -0.008813 -0.478298 255 0 0
0.075676 -0.090027 0.831319 255 0 0
-0.056566 -0.280583 0.185636 255 0 0
0.149028 0.232266 -0.577981 255 0 0
-0.146559 0.287310 0.116264 255 0 0
-0.189221 -0.073398 0.053330 255 0 0
0.082229 -0.513586 -0.489171 255 255 255
0.149899 0.329624 -0.244238 255 0 0
0.009663 0.138072 0.920528 255 255 255
-0.088409 0.351341 0.138732 255 0 0
-0.099908 -0.195733 0.251005 255 0 0
0.168965 -0.497003 -0.448746 255 255 255
-0.103588 0.047627 0.643724 255 0 0
-0.151657 0.320428 -0.208307 255 0 0
-0.096896 -0.234309 -0.060958 255 0 0
-0.184943 0.237469 -0.167127 255 0 0
-0.166078 0.254589 0.216214 255 0 0
0.201094 -0.067729 -0.270612 255 0 0
0.000164 0.201920 0.624252 255 0 0
-0.132268 0.310741 0.220222 255 0 0
-0.094971 0.314753 0.340581 255 0 0
0.146650 -0.214440 -0.550404 255 0 0
0.084599 -0.413734 -0.583373 255 0 0
-0.021766 0.195740 -0.698900 255 0 0
-0.201888 0.047373 -0.093849 255 0 0
-0.060195 -0.167163 0.313343 255 0 0
-0.020676 0.092752 0.707958 255 0 0
0.058833 0.337179 0.447649 255 0 0
-0.170686 0.238188 0.023125 255 0 0
0.057152 -0.024434 -0.631079 255 0 0
0.175266 0.227719 -0.020593 255 0 0
0.018683 -0.121713 0.420244 255 0 0
0.043707 0.263711 0.557016 255 0 0
-0.148939 -0.460933 -0.503195 255 255 255
-0.190433 -0.131468 0.195775 255 0 0
0.032137 -0.479080 -0.502652 255 255 255
0.196587 0.106082 0.032483 255 0 0
0.220197 0.032308 -0.311499 255 0 0
-0.141802 -0.138742 0.287231 255 0 0
-0.011906 -0.226729 0.137738 255 0 0
-0.053547 0.196353 -0.676671 255 0 0
-0.093114 -0.505782 -0.396117 255 255 255
0.117092 -0.021966 0.477606 255 0 0
0.209056 0.136492 0.210221 255 0 0
0.063589 -0.097531 0.888382 255 0 0
-0.135948 -0.177788 -0.568738 255 255 255
-0.097046 -0.237671 -0.133942 255 0 0
-0.082195 -0.051091 0.773401 255 0 0
0.219662 0.034868 -0.306525 255 0 0
0.036872 -0.062445 0.910116 255 0 0
-0.165180 0.249796 0.055492 255 0 0
-0.098888 -0.513014 -0.521975 255 255 255
0.080104 -0.135649 -0.588680 255 0 0
-0.051407 -0.263010 -0.509428 255 0 0
0.197249 -0.073135 0.274247 255 0 0
0.156445 0.136965 -0.617567 255 0 0
0.143270 -0.486152 0.084526 255 255 255
-0.169689 -0.115309 -0.328790 255 0 0
0.070237 0.343574 0.027356 255 0 0
0.170678 -0.128892 -0.017201 255 0 0
-0.018198 0.105719 0.968636 255 255 255
0.029239 0.063812 0.944958 255 255 255
0.192085 -0.109209 0.243555 255 0 0
0.193538 -0.110853 -0.104766 255 0 0
0.046532 0.086305 -0.675155 255 0 0
0.093256 -0.099478 0.746126 255 255 255
0.182372 0.209687 0.166979 255 0 0
0.199826 0.214010 -0.406177 255 0 0
-0.158166 0.042186 0.435496 255 0 0
-0.204654 0.137717 -0.195013 255 0 0
0.137603 0.080726 0.499775 255 0 0
-0.201019 0.078505 -0.083271 255 0 0
-0.202473 -0.028561 -0.135215 255 0 0
-0.208639 0.181559 -0.355972 255 0 0
-0.130032 -0.301631 0.172986 255 0 0
-0.122287 0.325476 -0.097854 255 0 0
0.090429 0.336865 0.071283 255 0 0
-0.190824 -0.071667 -0.040844 255 0 0
-0.045613 -0.307295 -0.527802 255 0 0
0.195330 -0.111267 -0.117215 255 0 0
-0.220995 0.096539 -0.403095 255 0 0
0.192454 0.144199 -0.024103 255 0 0
0.046953 -0.458037 -0.443295 255 255 255
-0.101883 -0.193792 -0.261639 255 0 0
-0.085589 0.007014 -0.641481 255 0 0
0.198784 -0.053765 -0.103334 255 0 0
-0.201093 0.125800 -0.138735 255 0 0
0.082383 -0.084618 0.789630 255 255 255
-0.201271 -0.026119 -0.114736 255 0 0
0.005516 0.405821 -0.231045 255 0 0
-0.049542 -0.254329 -0.048870 255 0 0
0.118248 -0.063850 -0.607000 255 0 0
-0.031249 -0.035762 0.913269 255 255 255
0.207885 0.123062 -0.219040 255 0 0
0.215049 0.002178 0.124532 255 0 0
-0.202578 0.096792 -0.134134 255 0 0
-0.200991 -0.033568 0.297769 255 0 0
0.052439 -0.386055 0.144097 255 0 0
-0.026959 0.407116 -0.295246 255 0 0
-0.128551 0.345045 -0.257667 255 0 0
0.223412 0.021793 0.260999 255 0 0
0.006283 -0.111286 -0.521227 255 0 0
0.142371 0.327255 -0.328227 255 0 0
0.078534 -0.116858 0.809008 255 0 0
0.164310 0.292145 -0.379750 255 0 0
0.003307 0.148462 -0.732372 255 255 255
-0.045746 -0.454790 -0.530669 255 0 0
-0.123601 0.189049 0.632608 255 255 255
-0.048751 -0.306122 -0.512909 255 0 0
0.029507 0.284914 0.550761 255 0 0
-0.181609 0.243903 -0.489752 255 0 0
-0.081874 -0.125371 0.776325 255 255 255
-0.168556 0.154285 0.358365 255 0 0
0.066931 -0.248358 -0.051386 255 0 0
-0.198674 0.112191 -0.077937 255 0 0
-0.201454 -0.005319 -0.103292 255 0 0
-0.031466 0.391891 0.135465 255 0 0
0.184874 0.269424 -0.324155 255 0 0
0.064403 -0.031591 -0.628526 255 0 0
-0.105468 -0.508671 -0.531101 255 255 255
0.112378 0.169124 0.628747 255 255 255
-0.209618 0.001063 -0.535528 255 0 0
0.213352 0.146326 -0.375697 255 0 0
-0.136708 -0.258899 0.093194 255 0 0
-0.001390 0.126309 -0.724225 255 255 255
-0.150627 0.279106 0.104775 255 0 0
-0.057991 -0.011528 0.807429 255 0 0
-0.037352 -0.259793 -0.063681 255 0 0
0.086287 0.302179 -0.576321 255 0 0
-0.139455 -0.505910 -0.431276 255 255 255
-0.002662 0.153245 0.982380 255 255 255
0.198966 0.177851 -0.182040 255 0 0
-0.054293 -0.022110 0.833545 255 0 0
0.052648 -0.247641 0.085107 255 0 0
0.032359 0.390001 0.154668 255 0 0
0.149455 -0.100766 -0.573422 255 0 0
-0.171517 0.268572 -0.469481 255 0 0
0.187806 0.194938 -0.090603 255 0 0
0.033245 0.365412 0.387860 255 0 0
0.018223 0.205584 0.620788 255 0 0
-0.140527 -0.264441 -0.451781 255 0 0
0.023717 0.009682 -0.644554 255 0 0
0.216020 0.110014 0.199330 255 0 0
0.193263 0.095781 0.318496 255 0 0
-0.214873 0.133875 -0.465357 255 0 0
-0.016097 0.193620 0.632105 255 0 0
-0.089466 0.334726 0.014894 255 0 0
-0.220490 0.060651 0.162982 255 0 0
-0.104227 -0.412986 0.074834 255 0 0
-0.216213 0.129016 -0.324902 255 0 0
0.159940 0.308722 -0.318745 255 0 0
-0.103515 -0.222476 0.237676 255 0 0
-0.192392 0.162537 -0.058577 255 0 0
0.204146 0.141966 -0.194804 255 0 0
0.192009 -0.109299 -0.369962 255 0 0
0.082378 -0.342894 -0.631343 255 0 0
0.042485 0.056931 0.750646 255 0 0
-0.214463 0.141693 -0.342269 255 0 0
0.155931 -0.191788 -0.179110 255 0 0
0.021672 -0.180441 0.777791 255 255 255
-0.186498 0.197629 -0.069619 255 0 0
0.142953 0.282568 0.264520 255 0 0
-0.029553 0.375264 0.059899 255 0 0
0.134496 -0.457345 0.091926 255 255 255
0.055803 -0.161830 -0.526307 255 0 0
0.198749 0.176867 -0.524727 255 0 0
0.053400 0.366004 0.246980 255 0 0
0.140574 0.311597 -0.105864 255 0 0
0.182496 0.205775 0.150774 255 0 0
-0.086719 -0.418133 -0.457456 255 0 0
0.063365 0.277562 0.528064 255 0 0
0.083761 -0.483713 0.203020 255 255 255
0.026172 0.098387 0.945305 255 255 255
-0.201598 0.019790 -0.095710 255 0 0
0.189899 0.250555 -0.382979 255 0 0
0.107597 -0.002190 0.670396 255 0 0
0.183957 0.245308 -0.483099 255 0 0
0.007867 -0.033040 -0.823763 255 255 255
-0.176439 0.221976 0.140963 255 0 0
0.231649 0.031580 0.195276 255 0 0
0.050754 -0.373520 -0.582936 255 0 0
0.145943 0.132949 -0.628260 255 0 0
0.102707 -0.506224 0.202490 255 255 255
0.118155 -0.205152 -0.215132 255 0 0
-0.225224 -0.019002 -0.430624 255 0 0
0.032602 -0.027493 -0.626910 255 0 0
-0.189860 0.250315 -0.366954 255 0 0
0.197474 -0.039667 0.050501 255 0 0
-0.004698 -0.008229 -0.634569 255 0 0
-0.043385 -0.308101 -0.565209 255 0 0
-0.085205 0.303477 0.463393 255 0 0
-0.137549 0.231010 -0.594764 255 0 0
0.056542 0.348884 0.375231 255 0 0
-0.215007 0.138064 -0.376624 255 0 0
-0.081493 -0.367133 -0.479613 255 0 0
0.198589 -0.012712 -0.003132 255 0 0
0.090770 0.339935 -0.472877 255 0 0
0.198110 0.174243 0.215944 255 0 0
-0.117833 -0.044396 0.613081 255 0 0
-0.171168 -0.115611 -0.312363 255 0 0
-0.218498 0.117215 -0.360541 255 0 0
-0.229815 -0.001280 0.219877 255 0 0
-0.032773 0.400431 -0.338450 255 0 0
0.161410 -0.175133 0.232009 255 0 0
0.096887 0.278253 0.456721 255 0 0
0.089370 0.345943 -0.095195 255 0 0
0.184124 -0.165784 -0.474433 255 0 0
-0.055252 0.350660 0.391606 255 0 0
0.188907 -0.084054 -0.527673 255 0 0
0.207016 0.166338 -0.504688 255 0 0
0.056166 -0.079473 0.890792 255 0 0
0.120519 -0.332807 0.154842 255 0 0
0.052433 -0.450941 -0.540877 255 0 0
-0.049908 -0.146079 -0.432883 255 0 0
-0.098321 -0.234040 0.231239 255 0 0
-0.025086 0.364394 -0.504181 255 0 0
-0.019923 -0.126637 -0.481326 255 0 0
0.120444 -0.375420 0.096361 255 0 0
-0.121086 0.085104 -0.647659 255 0 0
0.170669 -0.182535 0.170122 255 0 0
0.125744 -0.092774 0.370120 255 0 0
0.210398 -0.017788 0.112262 255 0 0
0.204724 0.168390 -0.511957 255 0 0
0.225018 -0.018989 -0.406299 255 0 0
-0.171186 0.270237 -0.155997 255 0 0
0.128784 -0.296147 -0.584214 255 0 0
-0.147509 -0.184309 0.092001 255 0 0
0.085546 0.233182 -0.641208 255 0 0
0.156681 0.265570 0.240425 255 0 0
0.053082 0.364423 -0.120357 255 0 0
0.202848 0.144253 -0.183695 255 0 0
0.194070 0.243655 -0.276261 255 0 0
0.148725 -0.198217 -0.088024 255 0 0
-0.098919 -0.064646 0.442766 255 0 0
-0.198360 0.218922 -0.248941 255 0 0
0.114870 0.355652 -0.290032 255 0 0
0.062381 -0.336740 0.164048 255 0 0
0.141909 -0.023469 -0.607526 255 0 0
0.164368 0.219299 0.304820 255 0 0
0.161120 0.152669 0.375554 255 0 0
-0.047582 -0.345921 -0.597249 255 0 0
0.048884 -0.299445 -0.597099 255 0 0
0.050888 0.172593 -0.683889 255 0 0
0.022357 0.021951 0.948235 255 255 255
0.140533 0.238485 -0.583703 255 0 0
0.097579 -0.074273 0.732452 255 255 255
0.076116 -0.171058 0.281844 255 0 0
0.193948 0.133331 -0.016015 255 0 0
0.225491 0.047103 0.169244 255 0 0
-0.130865 -0.509743 -0.500080 255 255 255
-0.181713 0.222830 0.229692 255 0 0
0.062188 0.360127 -0.115435 255 0 0
-0.102347 -0.427400 0.073828 255 255 255
0.146383 -0.261489 -0.540118 255 0 0
0.157369 -0.089583 0.323376 255 0 0
0.180592 0.252638 -0.472866 255 0 0
-0.167849 -0.215237 -0.468417 255 0 0
0.172087 -0.158888 -0.518964 255 0 0
-0.170796 0.292401 -0.283850 255 0 0
0.026201 0.077982 0.956286 255 255 255
-0.044746 0.001057 0.861222 255 0 0
0.104662 -0.121030 0.364749 255 0 0
0.093918 0.189878 0.684247 255 255 255
0.214991 0.135158 -0.309727 255 0 0
-0.145354 0.099930 0.471764 255 0 0
-0.034069 0.063819 -0.668235 255 0 0
-0.031789 -0.223850 -0.276862 255 0 0
0.211860 0.155636 -0.333721 255 0 0
0.049905 -0.010595 -0.636822 255 0 0
-0.129519 0.061463 0.521018 255 0 0
-0.109086 0.192763 -0.639445 255 0 0
0.098988 -0.512573 0.144680 255 255 255
0.204084 0.145515 0.167080 255 0 0
-0.166425 0.299623 -0.290895 255 0 0
0.102300 0.175880 -0.650098 255 0 0
0.104841 -0.082499 0.688284 255 255 255
0.217150 -0.068043 -0.391366 255 0 0
0.112682 -0.215025 -0.592054 255 255 255
0.222947 0.026872 -0.462945 255 0 0
0.192092 0.251820 -0.283750 255 0 0
0.145732 0.284990 0.120759 255 0 0
0.150572 0.278345 0.029508 255 0 0
-0.116056 0.192082 0.497866 255 0 0
-0.110146 -0.416098 -0.461501 255 0 0
0.204566 -0.056034 -0.202019 255 0 0
-0.111027 0.324874 -0.488631 255 0 0
0.161229 -0.208850 0.171651 255 0 0
-0.130007 0.344901 -0.300079 255 0 0
-0.098596 0.066035 0.646700 255 0 0
0.069748 0.366828 0.143680 255 0 0
-0.029988 0.357205 0.479271 255 0 0
-0.018263 0.173516 0.949346 255 255 255
-0.128063 -0.261314 -0.590146 255 0 0
-0.172800 0.288602 -0.284529 255 0 0
0.210313 0.166481 -0.475801 255 0 0
0.129793 0.313225 0.197808 255 0 0
0.207715 0.188542 -0.342474 255 0 0
0.147168 0.310255 -0.388125 255 0 0
0.166958 -0.148652 -0.257663 255 0 0
0.029907 -0.175095 0.755113 255 255 255
-0.150764 0.293917 -0.473902 255 0 0
-0.186215 0.258077 -0.269978 255 0 0
0.185585 0.177649 0.066036 255 0 0
-0.224195 -0.031042 -0.401642 255 0 0
-0.009518 0.176735 0.647533 255 0 0
0.121790 0.241899 0.691851 255 255 255
0.105560 0.212745 0.679095 255 255 255
-0.075536 -0.115264 0.581467 255 255 255
-0.088008 -0.059430 0.483992 255 0 0
-0.158867 0.293338 -0.127688 255 0 0
-0.145937 -0.159199 -0.561991 255 0 0
0.020066 0.241371 0.586092 255 0 0
0.216343 -0.068554 0.196982 255 0 0
0.103503 -0.513219 -0.463306 255 255 255
0.204857 0.020616 -0.149693 255 0 0
0.119653 0.025179 0.595495 255 0 0
-0.086758 0.313943 0.409934 255 0 0
-0.204559 -0.046043 -0.267018 255 0 0
0.065218 0.375250 -0.363465 255 0 0
-0.056228 -0.280097 -0.491611 255 0 0
0.206029 0.190375 -0.396287 255 0 0
-0.092833 0.232344 -0.634367 255 0 0
-0.217728 0.118413 -0.399784 255 0 0
-0.144849 -0.251273 0.192303 255 0 0
-0.192780 0.177403 -0.110634 255 0 0
-0.230895 0.017520 0.232927 255 0 0
0.191129 0.158238 -0.043265 255 0 0
0.181527 0.192472 0.077504 255 0 0
-0.202458 0.114337 -0.147520 255 0 0
0.174139 0.231279 -0.021265 255 0 0
0.010356 0.177110 0.978222 255 255 255
0.189979 -0.118901 -0.088198 255 0 0
0.194023 -0.072662 -0.073962 255 0 0
-0.177546 0.006905 0.367371 255 0 0
0.019069 0.369914 -0.494290 255 0 0
0.187394 0.266236 -0.265917 255 0 0
-0.121388 0.322905 -0.465590 255 0 0
0.195381 -0.081674 -0.290191 255 0 0
-0.015823 -0.070140 0.918595 255 0 0
0.004650 -0.204311 -0.319665 255 0 0
-0.004878 -0.116190 -0.508843 255 0 0
0.111452 -0.064456 0.645742 255 0 0
-0.113915 0.197395 -0.633800 255 0 0
0.209103 0.160605 -0.500962 255 0 0
0.216226 -0.023978 -0.332039 255 0 0
0.086590 0.320704 0.351780 255 0 0
-0.103859 -0.336480 -0.618070 255 0 0
-0.080063 0.341572 -0.042510 255 0 0
-0.212031 0.137124 -0.277613 255 0 0
0.001994 -0.020416 -0.823329 255 255 255
-0.094931 0.176743 0.569516 255 0 0
0.055180 -0.369209 0.150322 255 0 0
0.201622 0.062958 0.304259 255 0 0
-0.218579 0.045782 -0.518040 255 0 0
0.020514 0.396081 0.123944 255 0 0
-0.010579 -0.241842 -0.227797 255 0 0
-0.088366 -0.447466 -0.418248 255 255 255
-0.018797 -0.250712 0.024029 255 0 0
0.035832 -0.183947 0.261742 255 0 0
-0.024703 -0.229484 0.129282 255 0 0
0.218555 -0.000041 -0.476447 255 0 0
0.168291 -0.163006 -0.227918 255 0 0
-0.124107 0.030796 0.514021 255 0 0
-0.008193 0.261810 0.958837 255 255 255
-0.017469 0.363359 -0.511781 255 0 0
0.123306 0.047924 0.558052 255 0 0
-0.055006 -0.170421 0.780376 255 255 255
0.102971 -0.013620 -0.629001 255 0 0
-0.220108 -0.080331 -0.403101 255 0 0
-0.204190 0.129855 0.251506 255 0 0
-0.197863 0.203059 -0.209510 255 0 0
-0.182595 0.187161 0.102974 255 0 0
0.099529 -0.509204 -0.406352 255 255 255
0.073803 -0.079760 0.464409 255 0 0
-0.028285 -0.194876 0.834275 255 255 255
-0.186265 0.050903 -0.594928 255 0 0
0.199534 -0.069493 -0.283050 255 0 0
0.119606 0.319632 0.222455 255 0 0
-0.071243 -0.174360 0.276577 255 0 0
0.152652 0.275557 0.058014 255 0 0
0.201660 0.069264 -0.100907 255 0 0
0.051250 -0.012898 0.832015 255 0 0
0.138160 0.283594 -0.527649 255 0 0
0.187108 -0.122657 -0.508861 255 0 0
0.004434 0.083241 0.858337 255 0 0
-0.216357 0.121358 -0.472699 255 0 0
-0.125403 0.107390 0.530701 255 0 0
0.159985 -0.216183 0.137581 255 0 0
-0.111908 0.144484 0.545293 255 0 0
-0.109498 -0.067167 0.553374 255 0 0
0.118763 -0.509024 0.124057 255 255 255
0.187649 0.226812 -0.500429 255 0 0
-0.052276 -0.396374 0.140866 255 0 0
0.178269 -0.123266 -0.275810 255 0 0
0.199974 0.178389 -0.192106 255 0 0
0.020631 0.318433 0.528596 255 0 0
-0.169318 -0.059249 0.335573 255 0 0
-0.119250 -0.041350 0.597471 255 0 0
0.202859 -0.058555 -0.165363 255 0 0
0.213078 0.115832 0.239998 255 0 0
-0.059365 -0.074578 -0.604514 255 0 0
-0.029463 -0.173684 0.747144 255 255 255
0.199874 0.051265 -0.565342 255 0 0
0.042299 0.359238 0.452154 255 0 0
0.215066 0.044609 -0.270774 255 0 0
0.190878 0.152938 0.290790 255 0 0
0.039736 0.182190 -0.689531 255 0 0
-0.061129 0.347201 -0.022278 255 0 0
-0.057563 -0.245809 -0.161537 255 0 0
-0.009805 0.178997 0.645205 255 0 0
0.205232 -0.024693 -0.180236 255 0 0
0.199096 0.088040 -0.050429 255 0 0
0.143727 -0.285566 0.099969 255 0 0
-0.001522 -0.175976 0.744617 255 255 255
-0.159651 0.266814 0.659668 255 255 255
0.052167 0.354066 -0.056976 255 0 0
0.043260 -0.295959 -0.535821 255 0 0
0.182002 -0.145731 0.216751 255 0 0
0.016642 0.381753 0.257913 255 0 0
0.076407 -0.225897 -0.600634 255 0 0
-0.118456 -0.367965 -0.493026 255 0 0
0.204963 -0.070068 -0.488950 255 0 0
0.106162 -0.473185 -0.394680 255 255 255
0.124081 -0.329002 -0.579109 255 0 0
-0.050904 -0.381050 -0.513218 255 0 0
0.000775 -0.120975 0.422791 255 0 0
0.118622 0.216987 0.465308 255 0 0
0.146420 -0.214118 0.220167 255 0 0
0.192650 0.056681 -0.580652 255 0 0
-0.055548 -0.178055 -0.327742 255 0 0
0.091753 0.293160 -0.584248 255 0 0
0.045280 0.382180 0.119500 255 0 0
0.202294 -0.002701 -0.111981 255 0 0
0.199003 -0.111234 -0.149920 255 0 0
0.214757 0.093231 -0.510934 255 0 0
-0.194505 0.111830 -0.587959 255 0 0
-0.092797 -0.319084 -0.480409 255 0 0
-0.161039 -0.187408 0.209555 255 0 0
0.189056 0.200998 -0.528275 255 0 0
-0.150117 -0.147960 0.014517 255 0 0
-0.141437 -0.487596 0.081045 255 255 255
-0.199259 -0.125657 -0.189107 255 0 0
-0.066084 0.143036 -0.676335 255 0 0
-0.080673 -0.207758 -0.596680 255 0 0
-0.135786 -0.479063 0.074594 255 255 255
-0.125047 0.054030 0.543700 255 0 0
-0.194618 0.232051 -0.418352 255 0 0
0.015601 -0.082095 0.916959 255 0 0
-0.132078 0.327913 -0.149899 255 0 0
-0.073302 -0.174359 0.276576 255 0 0
0.048616 0.300811 -0.607818 255 0 0
0.222027 -0.047566 -0.389185 255 0 0
-0.114894 -0.391449 -0.571738 255 0 0
0.190428 -0.118272 -0.241296 255 0 0
0.143964 0.284982 0.255496 255 0 0
0.081782 -0.059035 0.777856 255 255 255
0.158153 0.268988 0.186940 255 0 0
0.053749 -0.325395 -0.619074 255 0 0
0.033323 -0.333860 0.121645 255 0 0
-0.051429 -0.390197 -0.560121 255 0 0
-0.077565 -0.360938 0.162474 255 0 0
0.070995 0.335460 0.357991 255 0 0
0.184755 0.099871 -0.595746 255 0 0
-0.082509 -0.251682 0.218843 255 0 0
-0.022569 -0.257521 -0.113042 255 0 0
0.011320 0.278121 -0.644379 255 0 0
0.032521 -0.250260 0.006166 255 0 0
0.048492 0.051735 -0.663209 255 0 0
0.005735 -0.190686 0.249514 255 0 0
-0.080744 -0.499904 0.204266 255 255 255
0.201259 0.035544 0.023227 255 0 0
0.204683 0.160144 -0.219016 255 0 0
-0.165588 0.018786 -0.603870 255 0 0
0.136551 0.209058 -0.608312 255 0 0
0.055511 0.034585 -0.655478 255 0 0
0.191107 0.256023 -0.275418 255 0 0
0.139326 0.094081 0.493217 255 0 0
-0.205574 -0.014053 -0.178059 255 0 0
-0.226273 0.008254 0.254260 255 0 0
0.109691 -0.422770 -0.453008 255 0 0
0.118563 -0.360889 0.140489 255 0 0
0.101469 -0.051262 0.525616 255 0 0
-0.179732 -0.099385 0.015388 255 0 0
-0.067824 -0.401405 -0.481077 255 0 0
-0.191415 -0.051387 0.303249 255 0 0
0.101944 0.012477 -0.637867 255 0 0
0.046316 -0.442899 -0.485319 255 0 0
-0.091455 0.224506 0.653538 255 255 255
-0.204560 0.128829 0.139336 255 0 0
-0.047819 0.394015 -0.331637 255 0 0
-0.144841 -0.478445 -0.411142 255 255 255
-0.018457 -0.183391 0.799727 255 255 255
0.152965 -0.232897 -0.524645 255 0 0
-0.136162 -0.293324 0.080847 255 0 0
-0.132131 -0.091638 0.363953 255 0 0
-0.165600 0.120405 0.393105 255 0 0
0.068260 -0.161564 0.325521 255 0 0
-0.218298 0.088210 0.241677 255 0 0
0.161446 0.285858 -0.436534 255 0 0
-0.152782 -0.271400 0.154494 255 0 0
-0.203053 -0.104752 0.187927 255 0 0
0.133249 0.253116 0.667398 255 255 255
0.188730 -0.165453 -0.454043 255 0 0
-0.162352 -0.000315 0.403062 255 0 0
-0.116055 0.202484 0.623385 255 255 255
-0.189900 0.165835 -0.009560 255 0 0
0.219935 -0.036038 -0.446795 255 0 0
-0.104578 0.271791 0.446801 255 0 0
0.008350 -0.173515 0.335130 255 0 0
0.224309 0.021669 -0.432932 255 0 0
0.074163 0.125710 0.666227 255 0 0
-0.199551 0.076726 0.035168 255 0 0
-0.058997 -0.505827 0.070139 255 255 255
-0.227686 0.009179 0.183786 255 0 0
-0.120887 -0.421662 -0.535395 255 0 0
0.216241 -0.000761 0.277965 255 0 0
-0.167374 0.254999 -0.058158 255 0 0
0.042824 -0.142616 -0.469330 255 0 0
-0.075121 -0.146652 0.757650 255 255 255
0.075482 -0.001408 -0.639755 255 0 0
0.107088 -0.481186 -0.551714 255 255 255
-0.205268 0.092311 0.105217 255 0 0
0.146985 0.267589 0.285618 255 0 0
-0.079985 0.344678 -0.487978 255 0 0
0.209740 0.092737 0.123660 255 0 0
-0.010225 -0.263295 -0.045364 255 0 0
-0.173954 -0.131953 -0.274947 255 0 0
-0.041398 -0.182802 0.806086 255 255 255
0.220393 0.035755 -0.488321 255 0 0
0.090105 0.168123 0.601284 255 255 255
0.198730 -0.023983 0.038345 255 0 0
-0.130453 -0.338153 0.092276 255 0 0
0.164683 -0.018429 0.382587 255 0 0
0.202207 -0.080656 -0.177464 255 0 0
-0.124259 -0.437124 0.094263 255 255 255
0.170670 0.095145 0.385856 255 0 0
0.052193 -0.189258 -0.314875 255 0 0
-0.097643 0.199452 0.537555 255 0 0
-0.213040 -0.053078 -0.479780 255 0 0
-0.191681 -0.118012 -0.501060 255 0 0
0.068651 -0.169471 -0.329179 255 0 0
0.032018 0.046368 0.900745 255 0 0
0.081304 0.186292 0.630643 255 255 255
0.200985 0.210971 -0.398702 255 0 0
0.007510 0.085631 0.853428 255 0 0
0.195536 -0.057406 -0.070101 255 0 0
-0.045042 -0.091969 0.496029 255 0 0
0.198896 0.194787 -0.204482 255 0 0
-0.202590 0.044305 0.313112 255 0 0
0.095342 0.333039 0.255924 255 0 0
-0.126503 -0.420958 -0.482505 255 0 0
-0.194035 -0.045447 -0.035301 255 0 0
0.196696 0.226295 -0.236136 255 0 0
-0.211385 -0.015942 -0.516828 255 0 0
0.185364 -0.152034 -0.123534 255 0 0
-0.201730 -0.068079 -0.149837 255 0 0
-0.057410 -0.193690 -0.305634 255 0 0
0.112221 0.124405 0.567151 255 0 0
-0.144938 -0.450897 -0.463068 255 255 255
-0.045856 -0.474684 -0.534011 255 0 0
-0.204676 -0.033902 -0.180031 255 0 0
0.039893 0.394186 -0.347759 255 0 0
-0.045285 0.361212 0.042814 255 0 0
0.116531 0.178825 0.506027 255 0 0
-0.143100 -0.507341 -0.473892 255 255 255
0.123668 -0.177566 0.032751 255 0 0
0.159947 -0.191953 -0.526622 255 0 0
-0.083547 -0.446152 -0.557085 255 0 0
-0.188597 -0.030533 -0.558509 255 0 0
0.196803 0.172580 0.244204 255 0 0
0.216596 0.009459 -0.295577 255 0 0
0.089615 -0.303893 0.191158 255 0 0
0.197059 -0.044036 0.056505 255 0 0
0.098936 0.303441 0.398178 255 0 0
0.120668 -0.220225 -0.156370 255 0 0
0.198358 -0.111975 0.212471 255 0 0
0.204731 0.157889 -0.217282 255 0 0
0.123964 -0.348535 -0.517411 255 0 0
-0.198395 -0.013098 -0.047268 255 0 0
-0.012774 -0.154314 -0.375081 255 0 0
0.143139 -0.275727 -0.483496 255 0 0
-0.087333 0.147785 0.622664 255 255 255
0.174903 -0.133138 -0.265888 255 0 0
-0.100704 0.110789 0.631443 255 0 0
0.094694 -0.073723 0.434027 255 0 0
0.038590 -0.258275 -0.059039 255 0 0
0.102533 -0.078796 0.411175 255 0 0
-0.168404 0.250839 -0.041404 255 0 0
0.184454 0.032848 0.358882 255 0 0
-0.120967 0.019902 0.512273 255 0 0
0.055712 0.379990 -0.199298 255 0 0
0.203171 -0.054711 -0.283796 255 0 0
0.204767 0.041983 -0.145714 255 0 0
0.087155 0.241476 0.519764 255 0 0
-0.154321 0.190716 -0.598251 255 0 0
-0.009536 -0.192935 0.246628 255 0 0
0.122039 0.123407 -0.646359 255 0 0
-0.115955 -0.071239 0.576772 255 0 0
0.056685 -0.302147 -0.495777 255 0 0
0.199604 -0.025716 -0.534298 255 0 0
0.082988 -0.500964 -0.538394 255 255 255
-0.110603 0.331874 -0.451810 255 0 0
0.031797 0.051605 0.816103 255 0 0
0.062760 0.363079 0.236299 255 0 0
0.196343 -0.096376 0.251680 255 0 0
0.067548 -0.099512 0.842365 255 0 0
0.174142 0.260168 -0.120581 255 0 0
-0.034288 -0.334195 0.123759 255 0 0
-0.195564 -0.103999 0.126608 255 0 0
-0.103183 0.342423 -0.403233 255 0 0
-0.192869 0.028974 -0.575456 255 0 0
0.109696 -0.030727 0.485931 255 0 0
0.075242 0.349279 -0.478905 255 0 0
0.061915 -0.369741 0.155080 255 0 0
-0.009599 0.366918 -0.074139 255 0 0
-0.022495 0.068105 0.834085 255 0 0
-0.088040 0.351822 0.139469 255 0 0
0.081386 -0.509137 0.168915 255 255 255
-0.160770 -0.464676 -0.480719 255 255 255
0.159620 -0.218966 -0.509866 255 0 0
-0.018702 -0.198520 -0.323420 255 0 0
-0.092824 0.226051 0.630728 255 255 255
0.195208 -0.016240 0.316194 255 0 0
-0.193068 0.144295 0.059908 255 0 0
0.105478 -0.017952 0.688410 255 0 0
0.079172 -0.091944 0.810059 255 0 0
0.064130 0.361454 -0.124665 255 0 0
0.067656 -0.112915 0.856142 255 0 0
-0.110779 -0.091152 0.617985 255 0 0
-0.012809 0.224353 0.960980 255 255 255
0.099578 0.165503 0.560163 255 0 0
0.042214 -0.350245 0.086678 255 0 0
-0.040515 0.386139 0.124620 255 0 0
-0.019165 0.086592 0.831999 255 0 0
-0.103207 -0.340829 0.052981 255 0 0
-0.152744 0.297099 -0.101656 255 0 0
-0.169807 -0.010279 -0.590321 255 0 0
-0.044354 -0.297552 -0.562657 255 0 0
0.133363 -0.056549 -0.601054 255 0 0
-0.083858 -0.137060 0.369215 255 0 0
-0.219250 0.065378 0.160173 255 0 0
-0.076351 -0.126953 0.841367 255 255 255
-0.154698 -0.065417 0.359035 255 0 0
0.134803 -0.330347 0.102339 255 0 0
0.159345 0.205957 0.331446 255 0 0
-0.077642 -0.232077 -0.009830 255 0 0
-0.079600 -0.097493 0.811866 255 255 255
0.108704 -0.229613 -0.073931 255 0 0
0.204052 0.099946 0.102140 255 0 0
0.088489 0.327686 -0.523726 255 0 0
-0.143984 -0.464741 -0.513440 255 255 255
0.191052 -0.063096 -0.026447 255 0 0
-0.068247 -0.144144 0.680892 255 255 255
0.107420 -0.192727 -0.401242 255 255 255
-0.082357 -0.212405 -0.428243 255 0 0
-0.220561 0.051126 -0.301460 255 0 0
0.043729 -0.238241 0.099866 255 0 0
0.124447 0.027885 0.514280 255 0 0
0.208901 0.172627 -0.395970 255 0 0
-0.190346 -0.099528 0.257366 255 0 0
0.067754 -0.145155 0.697520 255 255 255
-0.127579 0.282600 -0.554409 255 0 0
0.015355 -0.197587 0.233727 255 0 0
-0.069558 0.122328 -0.675085 255 0 0
-0.176574 -0.095938 -0.546669 255 0 0
-0.011875 -0.224858 0.147812 255 0 0
0.033627 -0.211337 -0.300507 255 0 0
-0.085070 0.314924 0.417938 255 0 0
0.055510 0.022439 0.777674 255 0 0
-0.152467 0.155147 0.413835 255 0 0
-0.054462 0.330757 0.480875 255 0 0
-0.013641 0.094662 -0.679678 255 0 0
-0.175388 -0.155542 -0.511527 255 0 0
0.197441 -0.114281 -0.476447 255 0 0
-0.009641 -0.249883 -0.169842 255 0 0
0.189773 -0.107083 0.106379 255 0 0
0.077680 -0.259363 -0.445010 255 255 255
-0.114756 -0.335278 -0.602558 255 0 0
-0.070601 0.346622 0.048593 255 0 0
0.030259 0.390858 0.172063 255 0 0
-0.193001 0.144259 -0.007708 255 0 0
0.042292 -0.505405 0.150449 255 255 255
0.136144 0.177183 0.447311 255 0 0
0.096932 -0.107946 0.602210 255 255 255
-0.205393 -0.041445 -0.261566 255 0 0
-0.012952 0.381608 -0.425690 255 0 0
0.081294 -0.512293 0.136565 255 255 255
0.059129 -0.385673 -0.598133 255 0 0
-0.216008 -0.046881 -0.471907 255 0 0
-0.171936 0.160891 -0.591125 255 0 0
-0.118222 0.295972 0.309186 255 0 0
-0.176804 0.257284 -0.162176 255 0 0
-0.211351 0.157870 -0.302853 255 0 0
-0.167822 0.235577 0.101766 255 0 0
0.192939 0.167700 0.266002 255 0 0
-0.090955 -0.514074 -0.475600 255 255 255
-0.154231 -0.503929 0.117145 255 255 255
-0.117189 0.225283 -0.617957 255 0 0
-0.147320 0.234813 0.651788 255 255 255
0.081966 -0.010623 0.741375 255 0 0
-0.084783 -0.128389 0.646759 255 255 255
0.115119 -0.011725 0.500788 255 0 0
0.204093 0.094528 -0.155276 255 0 0
-0.045375 -0.074076 0.901748 255 0 0
0.050772 0.351166 0.345817 255 0 0
0.030878 0.043979 0.891313 255 0 0
0.086385 -0.124232 0.739719 255 255 255
-0.071478 0.366387 -0.383156 255 0 0
0.034005 0.032941 -0.655084 255 0 0
0.134458 0.060799 0.502695 255 0 0
0.130240 -0.115455 0.334298 255 0 0
0.215993 0.031852 0.126270 255 0 0
0.179709 0.199552 0.083858 255 0 0
0.106292 0.273482 0.436357 255 0 0
-0.214952 0.014022 -0.281454 255 0 0
0.210383 -0.078259 -0.461076 255 0 0
-0.091459 0.106535 0.654718 255 0 0
0.197229 0.145506 -0.553534 255 0 0
0.081778 0.355896 0.202853 255 0 0
0.035844 0.023914 0.882036 255 0 0
-0.120658 0.012601 0.597069 255 0 0
-0.192582 -0.115981 0.227302 255 0 0
0.152277 -0.476039 -0.432628 255 255 255
0.087223 0.369332 -0.218701 255 0 0
0.193045 -0.152277 -0.448422 255 0 0
-0.032563 -0.489189 -0.489742 255 255 255
0.054410 0.216937 0.592539 255 0 0
-0.121779 0.202280 -0.625662 255 0 0
-0.226441 0.047406 -0.389755 255 0 0
0.048404 0.071302 0.714990 255 0 0
-0.146036 -0.186954 -0.553542 255 0 0
-0.174423 0.244807 -0.095999 255 0 0
-0.112780 -0.435913 0.079750 255 255 255
-0.054405 0.370371 0.094821 255 0 0
0.138478 0.189404 0.425579 255 0 0
0.148510 -0.502502 0.144829 255 255 255
0.168275 0.244071 0.239585 255 0 0
0.174359 -0.110589 -0.327671 255 0 0
-0.194618 -0.111684 0.226665 255 0 0
-0.078970 -0.318839 -0.632157 255 0 0
-0.131002 -0.207461 -0.399136 255 0 0
0.217042 -0.055815 0.156230 255 0 0
0.083658 0.023455 -0.647208 255 0 0
-0.195811 0.215584 -0.481310 255 0 0
0.106347 0.322883 0.261678 255 0 0
-0.143446 -0.165752 -0.008241 255 0 0
-0.022087 0.370728 0.351338 255 0 0
-0.101891 -0.076015 0.713546 255 255 255
-0.121821 0.321371 0.177285 255 0 0
0.036286 0.256013 0.568250 255 0 0
-0.211222 0.140246 -0.511141 255 0 0
0.041832 0.098266 -0.679183 255 0 0
0.202699 0.159766 0.222823 255 0 0
-0.080157 -0.159941 0.312085 255 0 0
-0.065530 0.364099 0.109091 255 0 0
0.109781 0.326557 -0.484083 255 0 0
0.205399 0.204169 -0.317832 255 0 0
-0.184102 0.213124 -0.094461 255 0 0
0.015070 -0.238726 -0.242619 255 0 0
-0.199999 0.005027 0.038949 255 0 0
-0.111114 -0.407559 -0.562491 255 0 0
0.027134 0.368251 0.372774 255 0 0
-0.179234 0.202977 0.053973 255 0 0
0.051510 -0.489356 -0.534950 255 255 255
-0.143984 -0.464741 -0.513440 255 255 255
-0.176965 0.218224 0.135746 255 0 0
-0.189818 -0.035361 -0.553836 255 0 0
-0.043759 -0.100498 0.781584 255 255 255
0.091932 -0.238884 -0.610962 255 0 0
0.180229 -0.031982 0.337623 255 0 0
-0.196872 0.142380 0.115459 255 0 0
-0.020477 -0.105922 0.528590 255 0 0
0.218660 0.103517 -0.422057 255 0 0
-0.055907 -0.099972 0.436485 255 0 0
0.153274 -0.131681 -0.560740 255 0 0
0.067113 -0.111237 0.855715 255 0 0
0.127247 -0.373673 -0.514900 255 0 0
0.134017 -0.141509 0.294217 255 0 0
0.092221 -0.511819 0.149130 255 255 255
-0.177286 -0.003710 0.363796 255 0 0
-0.160030 0.264290 -0.014323 255 0 0
-0.200071 0.137918 -0.139055 255 0 0
0.082666 -0.421541 -0.576045 255 0 0
-0.144072 -0.306894 0.104390 255 0 0
0.139052 0.337492 -0.240101 255 0 0
-0.207175 -0.064145 0.262414 255 0 0
-0.156471 -0.463714 -0.458892 255 255 255
-0.128404 0.336819 -0.190631 255 0 0
-0.021897 0.079403 0.962967 255 255 255
0.177526 0.224775 -0.059008 255 0 0
0.037579 0.361027 0.367901 255 0 0
0.120450 -0.276133 -0.601206 255 0 0
-0.101572 0.319667 -0.523359 255 0 0
0.108984 -0.215559 -0.595692 255 0 0
0.005681 0.324613 0.532426 255 0 0
0.197541 0.103923 -0.047251 255 0 0
-0.218800 0.106359 -0.319045 255 0 0
0.118717 0.149246 0.520164 255 0 0
0.103528 -0.251576 -0.610645 255 0 0
-0.156050 0.266084 0.115895 255 0 0
0.073074 -0.138074 0.683069 255 255 255
-0.103587 -0.202314 -0.597401 255 0 0
-0.222701 -0.003188 -0.464951 255 0 0
0.131021 0.213670 -0.611909 255 0 0
-0.082065 0.298490 0.477241 255 0 0
0.097400 -0.300697 -0.466825 255 0 0
0.101589 -0.022791 0.707608 255 0 0
-0.034862 -0.491507 -0.499932 255 255 255
0.185830 0.176455 0.062232 255 0 0
-0.136227 -0.289109 -0.486467 255 255 255
0.146118 0.285396 0.036021 255 0 0
-0.122373 -0.218235 -0.405562 255 0 0
-0.210762 0.164884 -0.380098 255 0 0
0.040562 -0.112350 0.552078 255 255 255
0.064260 -0.244344 -0.154016 255 0 0
-0.086077 0.214623 0.660961 255 255 255
0.095579 -0.280554 -0.623044 255 0 0
0.184402 -0.118031 -0.056276 255 0 0
-0.092820 -0.068662 0.448045 255 0 0
0.210968 0.004584 -0.513995 255 0 0
-0.014882 0.073180 0.846726 255 0 0
0.037936 -0.116493 0.905907 255 255 255
-0.114971 -0.344010 0.155837 255 0 0
0.002617 -0.134029 0.600406 255 255 255
-0.156053 0.046013 0.442133 255 0 0
-0.218102 0.111943 -0.317330 255 0 0
0.203229 -0.071862 -0.209168 255 0 0
0.048871 0.106337 0.683961 255 0 0
0.135813 -0.167740 0.266605 255 0 0
-0.138317 0.084477 0.497385 255 0 0
0.192697 -0.156286 -0.423941 255 0 0
0.198333 0.057608 0.314312 255 0 0
0.022359 0.227919 0.597037 255 0 0
0.064244 0.249870 0.548891 255 0 0
0.207939 0.180343 -0.386000 255 0 0
0.027383 -0.104735 0.452853 255 0 0
0.115185 -0.424121 0.086118 255 255 255
0.113657 0.323572 0.232803 255 0 0
-0.193531 0.199261 -0.161240 255 0 0
-0.184969 -0.096760 -0.032450 255 0 0
0.197818 0.095470 0.306245 255 0 0
0.112452 0.337647 -0.391603 255 0 0
-0.176842 -0.017255 0.355637 255 0 0
-0.024379 -0.154981 -0.372541 255 0 0
0.132211 -0.312192 -0.527944 255 0 0
0.134143 -0.258858 -0.438340 255 0 0
0.078821 0.347906 0.248199 255 0 0
-0.211219 0.064704 -0.565284 255 0 0
0.011202 0.246535 0.951541 255 255 255
-0.185401 0.054796 0.355861 255 0 0
0.179317 -0.134172 0.239340 255 0 0
-0.150433 -0.283699 0.144114 255 0 0
0.143289 0.194839 0.393813 255 0 0
-0.113729 -0.026497 0.474311 255 0 0
0.208432 0.040144 -0.536903 255 0 0
-0.174239 0.119848 -0.606828 255 0 0
-0.158615 -0.465137 -0.485309 255 255 255
0.109441 0.157596 0.538003 255 0 0
-0.017604 0.065658 -0.668849 255 0 0
-0.033901 0.031552 0.881060 255 0 0
0.066402 0.137984 0.666480 255 0 0
0.151930 -0.456246 -0.486498 255 255 255
-0.164263 0.010916 -0.602233 255 0 0
-0.149611 0.288889 -0.051429 255 0 0
0.117808 -0.146641 0.302468 255 0 0
-0.065080 0.031297 -0.653802 255 0 0
0.166957 0.251781 -0.033451 255 0 0
-0.137610 -0.159106 0.030700 255 0 0
-0.154727 -0.261740 0.150382 255 0 0
-0.079774 -0.063442 0.503784 255 0 0
0.193523 -0.130162 -0.213027 255 0 0
0.066370 -0.101401 0.886180 255 0 0
0.188285 -0.139534 0.145030 255 0 0
0.102782 0.350271 -0.365554 255 0 0
0.142043 -0.224412 0.217876 255 0 0
-0.218337 0.096425 0.197924 255 0 0
-0.041062 -0.181017 0.799394 255 255 255
0.130963 0.234844 0.644421 255 255 255
-0.124419 -0.098834 0.366686 255 0 0
0.080904 -0.474097 0.194880 255 255 255
0.209158 -0.014564 -0.261125 255 0 0
-0.057421 -0.113916 0.415909 255 0 0
0.048279 -0.506368 0.146595 255 255 255
0.205630 -0.090311 0.223816 255 0 0
0.201750 0.033072 -0.550266 255 0 0
-0.052846 -0.304332 0.067047 255 0 0
-0.207383 0.152315 -0.241599 255 0 0
-0.043977 -0.381435 0.099991 255 0 0
-0.127616 -0.455136 -0.526959 255 255 255
-0.007702 0.165726 0.981330 255 255 255
0.216232 0.126968 -0.322743 255 0 0
-0.107450 -0.214413 -0.027086 255 0 0
-0.147093 0.329966 -0.284061 255 0 0
-0.016564 0.059080 0.966794 255 255 255
-0.188755 -0.157828 -0.160236 255 0 0
-0.072574 -0.174325 -0.318269 255 0 0
-0.126256 0.345469 -0.235310 255 0 0
-0.155952 0.135590 0.417693 255 0 0
0.205067 0.199432 -0.295940 255 0 0
-0.089757 -0.103841 -0.600362 255 0 0
-0.166234 0.255761 -0.038359 255 0 0
0.020641 0.175664 0.651948 255 0 0
0.050172 0.326102 -0.571981 255 0 0
-0.047764 -0.484900 -0.416323 255 255 255
0.153620 -0.473873 0.129913 255 255 255
0.143141 -0.456797 -0.445726 255 255 255
-0.222412 0.071303 -0.433703 255 0 0
0.225219 0.012688 -0.414728 255 0 0
0.178200 0.226526 0.193818 255 0 0
0.164533 0.056139 0.420758 255 0 0
0.114207 0.035883 0.614906 255 0 0
0.212701 0.081880 -0.247064 255 0 0
-0.138042 0.092753 0.496792 255 0 0
0.120991 -0.508371 0.184892 255 255 255
-0.056953 0.353646 0.288362 255 0 0
-0.171675 -0.202256 -0.471020 255 0 0
0.070811 -0.011431 0.763282 255 0 0
0.196344 0.151436 -0.116690 255 0 0
0.201822 0.116480 -0.555641 255 0 0
-0.004318 0.326835 -0.588747 255 0 0
-0.000894 0.380697 0.431116 255 0 0
-0.180471 0.236539 -0.122252 255 0 0
-0.136882 -0.499737 0.078772 255 255 255
-0.158201 0.315257 -0.267707 255 0 0
0.052936 -0.255133 -0.072466 255 0 0
-0.004464 0.390134 0.234821 255 0 0
0.150034 0.323632 -0.205065 255 0 0
-0.202872 0.017737 -0.118735 255 0 0
-0.023142 0.115633 0.946456 255 255 255
0.080797 0.315186 0.434264 255 0 0
0.163928 0.003262 0.402565 255 0 0
-0.066387 -0.119916 -0.583095 255 0 0
-0.048820 0.090051 -0.676323 255 0 0
-0.121225 0.202103 0.472953 255 0 0
-0.191898 0.210574 -0.507448 255 0 0
-0.213873 0.142336 -0.455331 255 0 0
0.085316 -0.266846 -0.620568 255 0 0
-0.071101 -0.183978 0.258620 255 0 0
-0.112778 0.288551 0.352141 255 0 0
-0.061477 -0.479651 0.182786 255 255 255
0.180146 0.005442 -0.581403 255 0 0
-0.129926 -0.162141 -0.575088 255 0 0
0.152465 0.321967 -0.214219 255 0 0
-0.147521 -0.152494 0.011131 255 0 0
-0.161274 0.196175 -0.585481 255 0 0
0.028653 -0.489120 -0.467316 255 255 255
-0.027457 0.363175 -0.505977 255 0 0
0.057776 0.251895 -0.649705 255 0 0
-0.000478 0.078040 -0.673114 255 0 0
-0.091817 0.198623 0.666409 255 255 255
-0.013977 -0.081154 -0.576837 255 0 0
-0.142074 -0.196560 -0.562353 255 255 255
0.215896 0.106016 0.227817 255 0 0
0.132621 0.241263 -0.590757 255 0 0
0.085607 0.335328 0.031253 255 0 0
-0.016462 -0.047695 0.922682 255 0 0
-0.166604 -0.217535 -0.472455 255 0 0
-0.198407 0.170398 -0.166135 255 0 0
-0.046397 0.386626 -0.212242 255 0 0
-0.115648 -0.409543 -0.554205 255 0 0
0.219013 0.106397 -0.359634 255 0 0
-0.047409 -0.329176 -0.596537 255 0 0
-0.141062 0.261866 0.676630 255 255 255
-0.119423 0.240186 0.441009 255 0 0
0.191451 0.231922 -0.470508 255 0 0
-0.109004 0.225724 0.685752 255 255 255
0.088925 0.036314 0.711312 255 0 0
-0.160067 0.255774 0.260849 255 0 0
-0.199376 0.075294 -0.031194 255 0 0
0.111423 0.357409 -0.305791 255 0 0
-0.074018 -0.416039 0.153907 255 0 0
-0.085332 0.350132 -0.435132 255 0 0
-0.163283 -0.221942 -0.441151 255 0 0
-0.151274 0.226987 0.332215 255 0 0
0.070844 0.281074 0.514315 255 0 0
0.200933 0.025894 0.021338 255 0 0
0.194861 0.240065 -0.302855 255 0 0
0.174448 -0.082142 -0.553390 255 0 0
0.218281 -0.055874 -0.442451 255 0 0
-0.153036 -0.254835 -0.513841 255 0 0
-0.220504 0.103027 -0.371674 255 0 0
0.109019 -0.279444 0.061145 255 0 0
-0.202858 -0.003190 0.308594 255 0 0
-0.078289 0.123166 0.663521 255 0 0
-0.062500 -0.282637 0.194565 255 0 0
-0.199765 0.048908 -0.040685 255 0 0
-0.101061 0.062044 0.642470 255 0 0
0.029904 0.054018 0.896947 255 0 0
0.006988 0.228199 -0.687543 255 0 0
-0.130722 0.326500 -0.131769 255 0 0
-0.036542 -0.498118 -0.511712 255 255 255
-0.133251 0.310178 0.218026 255 0 0
-0.046595 -0.363030 -0.566493 255 0 0
0.048956 0.251402 0.562212 255 0 0
-0.180985 0.260858 -0.204808 255 0 0
0.017595 0.181618 0.953177 255 255 255
0.200501 0.043509 -0.004275 255 0 0
0.219700 0.050877 -0.307716 255 0 0
0.197894 0.165059 0.171554 255 0 0
0.212588 0.007288 -0.270474 255 0 0
0.145815 0.291756 0.189556 255 0 0
-0.053825 -0.352415 -0.612037 255 0 0
0.042494 -0.446295 -0.508040 255 0 0
0.190831 -0.134128 -0.222879 255 0 0
0.190198 -0.164336 -0.447485 255 0 0
-0.187456 0.248209 -0.436606 255 0 0
0.088124 -0.119207 0.699478 255 255 255
0.118214 -0.216321 -0.179915 255 0 0
-0.028913 0.065673 -0.669161 255 0 0
-0.200388 0.219563 -0.304612 255 0 0
-0.072945 0.138239 0.663238 255 0 0
0.186691 0.190291 0.263498 255 0 0
-0.120591 -0.223336 -0.083683 255 0 0
0.168193 -0.208300 -0.475157 255 0 0
-0.216543 0.077052 -0.543061 255 0 0
0.202505 0.140370 -0.175180 255 0 0
-0.118360 -0.512822 -0.500642 255 255 255
0.192587 -0.066751 0.287458 255 0 0
-0.001687 0.210189 -0.699300 255 0 0
0.128138 -0.333906 -0.546520 255 0 0
0.223972 -0.021709 0.241560 255 0 0
-0.071962 0.353511 -0.093174 255 0 0
-0.088615 0.373117 -0.317183 255 0 0
-0.098194 0.367396 -0.292995 255 0 0
-0.018767 0.036737 0.858034 255 0 0
0.199181 -0.088408 0.254055 255 0 0
0.105036 0.341908 -0.112549 255 0 0
-0.095490 0.298206 0.417367 255 0 0
-0.145582 -0.268282 -0.475629 255 0 0
-0.076469 -0.245263 -0.441951 255 0 0
0.161069 0.119986 0.400468 255 0 0
-0.171472 -0.177088 0.172947 255 0 0
0.105803 -0.075367 -0.607804 255 0 0
-0.012336 0.179487 0.974556 255 255 255
0.176395 -0.039571 0.340450 255 0 0
0.189356 -0.092409 -0.059854 255 0 0
0.132771 -0.199590 -0.395337 255 255 255
0.216618 0.108430 0.203193 255 0 0
0.117164 -0.048046 0.435081 255 0 0
-0.070239 -0.239175 0.063571 255 0 0
0.108419 -0.152630 0.299343 255 0 0
0.184830 0.186475 -0.001251 255 0 0
0.046208 0.233474 0.579213 255 0 0
0.059445 -0.449358 0.072035 255 255 255
-0.168960 -0.183795 -0.175660 255 0 0
-0.162048 -0.179447 -0.207626 255 0 0
0.032427 0.059124 0.795657 255 0 0
0.115363 -0.512039 -0.476023 255 255 255
-0.206560 0.177346 -0.454794 255 0 0
-0.158217 0.058344 0.440578 255 0 0
-0.084574 -0.218783 0.014959 255 0 0
-0.108504 0.204571 0.508343 255 0 0
-0.123992 0.161994 0.500309 255 0 0
-0.158744 -0.034718 0.381910 255 0 0
0.072804 0.344262 0.037879 255 0 0
0.141613 -0.312151 0.131506 255 0 0
0.151996 -0.187810 0.099263 255 0 0
-0.205286 -0.034915 0.105148 255 0 0
-0.223033 0.062137 0.241142 255 0 0
-0.107689 -0.221230 -0.189776 255 0 0
0.194832 0.119740 0.024950 255 0 0
-0.171677 0.282244 -0.396424 255 0 0
-0.169019 -0.197043 -0.499148 255 0 0
-0.110141 -0.247892 0.068441 255 0 0
0.215568 -0.070796 0.198669 255 0 0
0.097465 0.045067 0.660775 255 0 0
-0.057943 -0.451059 0.071355 255 255 255
-0.142188 -0.486345 0.082350 255 255 255
0.230714 0.023607 0.192928 255 0 0
0.127635 -0.464045 0.179847 255 255 255
0.186754 0.210074 0.226096 255 0 0
0.172730 0.227995 0.037145 255 0 0
-0.032986 0.073598 -0.672354 255 0 0
0.083488 -0.119750 0.599766 255 255 255
0.207587 0.091545 -0.195770 255 0 0
0.186142 0.206507 -0.095702 255 0 0
0.126262 0.346421 -0.232323 255 0 0
0.216912 0.022734 0.130507 255 0 0
-0.132415 -0.077852 -0.596806 255 0 0
0.041281 0.333847 -0.564481 255 0 0
0.082416 -0.077754 -0.608754 255 0 0
-0.042665 -0.365438 0.134245 255 0 0
-0.189306 -0.126626 -0.378014 255 0 0
-0.146930 -0.021911 0.414346 255 0 0
-0.056470 -0.287749 0.185506 255 0 0
0.220238 0.086906 -0.438794 255 0 0
-0.079302 0.356709 -0.412370 255 0 0
-0.108944 -0.445514 0.163615 255 0 0
-0.030422 0.015107 0.932494 255 255 255
0.161646 -0.223322 -0.490240 255 0 0
0.205601 0.156696 -0.517906 255 0 0
-0.197095 0.136988 -0.086261 255 0 0
0.101678 0.185122 0.536392 255 0 0
0.126619 0.109822 0.521534 255 0 0
0.032782 -0.084521 0.910110 255 255 255
-0.023461 0.100098 0.957868 255 255 255
0.066884 -0.245658 -0.602388 255 0 0
0.107159 0.253296 -0.607775 255 0 0
0.134102 0.073972 -0.636327 255 0 0
0.199073 -0.094392 -0.137627 255 0 0
0.122336 0.339534 -0.348687 255 0 0
-0.131325 0.043715 -0.634967 255 0 0
0.211261 0.007198 0.107862 255 0 0
-0.194023 0.140147 0.072207 255 0 0
0.186336 0.241994 -0.478986 255 0 0
-0.074529 -0.482817 -0.545598 255 255 255
-0.219757 0.006089 -0.322691 255 0 0
-0.119369 -0.170529 -0.281492 255 0 0
-0.144798 -0.133448 -0.331857 255 0 0
-0.109065 0.174613 0.619846 255 255 255
0.132185 -0.300038 -0.569201 255 0 0
0.100735 -0.182280 -0.279839 255 0 0
-0.026998 0.371037 0.450116 255 0 0
-0.083585 -0.375084 -0.616351 255 0 0
0.190745 0.255477 -0.318134 255 0 0
0.222528 0.023493 -0.464750 255 0 0
-0.072506 -0.410455 0.152873 255 0 0
0.149056 -0.156383 0.000362 255 0 0
-0.045797 -0.446748 -0.475140 255 0 0
-0.048573 -0.434208 -0.511349 255 0 0
-0.152619 0.312621 -0.342946 255 0 0
-0.125486 0.235611 0.644428 255 255 255
-0.048491 0.393205 -0.269565 255 0 0
0.187058 0.198154 -0.088877 255 0 0
-0.140000 -0.295275 0.086995 255 0 0
0.163707 -0.189818 0.120992 255 0 0
-0.045805 -0.358842 -0.539572 255 0 0
0.102155 0.020340 0.680840 255 0 0
-0.184549 -0.096599 -0.322978 255 0 0
0.117446 -0.419721 -0.464769 255 0 0
0.006561 0.047805 0.876794 255 0 0
0.077832 -0.140474 0.732812 255 255 255
0.154216 -0.495357 0.100398 255 255 255
-0.025039 -0.238353 -0.237826 255 0 0
0.126130 0.311857 -0.034784 255 0 0
0.199183 -0.095833 -0.230615 255 0 0
0.155359 0.044803 0.441170 255 0 0
-0.037736 0.403148 -0.305436 255 0 0
-0.122800 -0.395710 -0.552331 255 0 0
0.176645 0.293217 -0.289163 255 0 0
-0.139689 0.070973 0.494149 255 0 0
0.146462 0.290460 0.188758 255 0 0
0.070029 -0.512165 0.103213 255 255 255
0.008008 -0.081701 -0.852382 255 255 255
-0.196820 0.118250 -0.040828 255 0 0
0.128529 0.276206 0.324706 255 0 0
0.153857 -0.138021 0.056438 255 0 0
-0.119567 0.343848 -0.342757 255 0 0
-0.058655 -0.344447 0.160135 255 0 0
-0.074130 0.333133 0.379786 255 0 0
-0.120800 -0.395387 -0.558685 255 0 0
0.185638 0.263948 -0.224556 255 0 0
0.189611 0.154456 0.058182 255 0 0
-0.030674 -0.213865 0.185335 255 0 0
-0.028121 0.366908 -0.097185 255 0 0
0.122033 0.345041 -0.206423 255 0 0
-0.016876 0.234842 -0.679215 255 0 0
0.192264 -0.125287 0.211311 255 0 0
-0.047458 -0.136897 0.618170 255 255 255
-0.167493 0.288804 -0.384327 255 0 0
0.187272 0.107719 -0.589398 255 0 0
0.119346 0.333557 -0.118234 255 0 0
-0.224913 -0.022500 -0.396257 255 0 0
0.091761 0.151750 -0.661631 255 0 0
-0.199723 0.091466 -0.070299 255 0 0
0.021754 0.233215 -0.680721 255 0 0
-0.188329 -0.155026 -0.195744 255 0 0
-0.198604 0.063752 -0.584901 255 0 0
0.202380 0.157316 -0.194477 255 0 0
-0.080513 -0.155921 -0.349289 255 0 0
-0.111651 -0.034974 0.535617 255 0 0
-0.203704 0.072394 -0.134465 255 0 0
-0.028878 -0.099334 -0.560423 255 0 0
0.217048 0.092094 0.234027 255 0 0
0.110629 0.199195 0.641614 255 255 255
0.162078 -0.185467 -0.185763 255 0 0
0.209008 0.092533 -0.212511 255 0 0
0.105184 -0.451563 0.177308 255 255 255
-0.101494 -0.082964 0.558374 255 0 0
0.179549 0.257510 -0.453871 255 0 0
-0.018371 0.392812 0.206720 255 0 0
0.065166 0.041629 0.744486 255 0 0
0.136729 -0.184143 0.077897 255 0 0
0.116644 -0.447980 0.078208 255 255 255
0.168128 -0.072691 0.325532 255 0 0
0.198723 0.105784 -0.082342 255 0 0
-0.200621 -0.134440 -0.437976 255 0 0
0.111957 0.236715 0.465747 255 0 0
0.107409 -0.291205 -0.458389 255 0 0
-0.033796 0.038115 0.894883 255 0 0
-0.204150 -0.099000 0.162876 255 0 0
-0.149175 -0.250323 -0.447264 255 0 0
-0.127218 -0.167019 -0.578874 255 0 0
-0.140475 -0.259696 0.195801 255 0 0
0.101839 0.206227 0.522188 255 0 0
0.134208 -0.304057 -0.525902 255 0 0
0.189278 0.097738 0.328649 255 0 0
0.201015 0.039900 0.010130 255 0 0
-0.019113 -0.049695 -0.607802 255 0 0
0.147741 -0.093988 0.333630 255 0 0
0.153831 -0.178284 -0.050752 255 0 0
0.204690 0.192374 -0.452317 255 0 0
0.021901 0.134811 0.933957 255 255 255
-0.198071 -0.125470 -0.144006 255 0 0
0.102523 -0.485890 0.052932 255 255 255
-0.181516 -0.006091 0.353002 255 0 0
-0.027965 -0.052364 0.914741 255 0 0
-0.118373 0.055139 0.587051 255 0 0
-0.090830 0.032869 -0.649032 255 0 0
-0.176806 0.221034 0.000994 255 0 0
-0.193173 0.165632 -0.080870 255 0 0
-0.147438 0.290085 -0.045403 255 0 0
0.077809 -0.119893 0.812442 255 0 0
-0.186375 0.258152 -0.326779 255 0 0
0.156556 0.295048 -0.123936 255 0 0
0.193749 0.135563 -0.024196 255 0 0
-0.187402 -0.084462 -0.023265 255 0 0
-0.191028 0.078151 0.334377 255 0 0
-0.200648 -0.091377 -0.225168 255 0 0
-0.078219 0.363008 -0.156535 255 0 0
0.217946 -0.043630 0.247667 255 0 0
0.111498 -0.121133 0.355868 255 0 0
-0.216192 0.092969 -0.277381 255 0 0
-0.124704 0.044067 0.536041 255 0 0
-0.196921 0.113948 -0.033772 255 0 0
0.133747 -0.461605 -0.415010 255 255 255
0.177409 0.273514 -0.183615 255 0 0
-0.043504 0.392244 -0.349900 255 0 0
0.062815 0.340766 0.395501 255 0 0
-0.101710 0.205167 -0.639931 255 0 0
0.044374 -0.399937 0.112747 255 0 0
0.145660 -0.050487 -0.593625 255 0 0
-0.170207 -0.005488 -0.591694 255 0 0
-0.124349 0.042530 0.537325 255 0 0
-0.225793 -0.023181 0.230949 255 0 0
0.116905 -0.413282 -0.548038 255 0 0
0.000332 0.079287 -0.756603 255 255 255
0.046612 0.356010 0.313697 255 0 0
-0.082863 -0.074440 -0.610346 255 0 0
0.162561 -0.046198 -0.582275 255 0 0
-0.084855 -0.295321 -0.467477 255 0 0
0.139200 0.308391 -0.080462 255 0 0
0.189840 -0.033159 0.317054 255 0 0
-0.090945 0.188272 0.605174 255 255 255
0.034974 -0.487600 -0.517002 255 255 255
-0.025573 0.065339 0.828907 255 0 0
-0.222762 -0.032564 -0.377550 255 0 0
0.153065 -0.480131 0.140719 255 255 255
-0.041009 -0.357370 0.134298 255 0 0
-0.141564 0.042127 -0.628218 255 0 0
-0.034226 0.007494 -0.643771 255 0 0
0.197155 0.193453 -0.184923 255 0 0
-0.060229 -0.008719 0.788506 255 0 0
-0.113868 0.222486 0.680842 255 255 255
0.184536 0.011842 -0.577562 255 0 0
0.197705 -0.049163 -0.085839 255 0 0
-0.037480 0.363032 0.384378 255 0 0
-0.167909 0.257367 -0.081793 255 0 0
-0.088119 -0.161757 0.296943 255 0 0
0.091322 0.235780 0.517148 255 0 0
0.018311 0.271652 0.564827 255 0 0
-0.108911 -0.017884 0.673995 255 0 0
-0.142075 0.272025 0.292943 255 0 0
-0.152055 0.291726 -0.476292 255 0 0
0.187418 0.265030 -0.295776 255 0 0
-0.088962 -0.025049 -0.628859 255 0 0
-0.189523 0.195686 -0.109178 255 0 0
0.193457 -0.082554 -0.313532 255 0 0
-0.017545 0.180802 0.946646 255 255 255
0.170610 0.301928 -0.286701 255 0 0
0.123533 0.019082 0.540240 255 0 0
0.055105 -0.308938 0.173388 255 0 0
-0.036677 0.361601 -0.075967 255 0 0
0.042395 -0.342605 -0.563890 255 0 0
-0.220218 0.094420 0.213886 255 0 0
-0.085606 0.245815 0.523915 255 0 0
0.158789 0.295914 -0.144375 255 0 0
-0.039749 0.148991 0.669776 255 0 0
-0.190066 0.246177 -0.423961 255 0 0
0.149553 -0.259792 0.176931 255 0 0
-0.221651 0.012552 0.153436 255 0 0
0.164921 -0.125191 0.274485 255 0 0
0.050272 0.364311 0.259553 255 0 0
0.013097 -0.253284 -0.144241 255 0 0
-0.004371 -0.086155 -0.859243 255 255 255
0.101335 0.339910 0.181109 255 0 0
-0.109608 0.288266 -0.567975 255 0 0
0.000305 0.400324 0.144543 255 0 0
-0.110257 -0.024768 0.663964 255 0 0
0.206399 -0.091855 -0.382268 255 0 0
0.199360 -0.118595 -0.461953 255 0 0
0.108271 -0.513436 -0.476955 255 255 255
-0.191892 0.194408 -0.138029 255 0 0
0.147963 0.017498 0.445338 255 0 0
0.010079 -0.167336 0.709994 255 255 255
-0.142726 -0.485319 0.180725 255 255 255
0.179248 0.044075 0.373729 255 0 0
-0.142798 -0.112931 0.318071 255 0 0
0.142745 0.063253 0.476644 255 0 0
0.201429 -0.012941 0.054911 255 0 0
-0.154842 0.228121 0.321378 255 0 0
0.073497 -0.036495 -0.626020 255 0 0
0.124170 -0.472024 0.067321 255 255 255
0.108452 -0.077536 0.662647 255 255 255
0.087100 0.353764 0.166421 255 0 0
-0.158756 -0.181400 -0.209181 255 0 0
-0.130506 0.140268 0.497272 255 0 0
-0.153485 0.005693 0.427590 255 0 0
0.032386 0.404853 -0.304776 255 0 0
0.005883 -0.157855 0.382516 255 0 0
-0.088535 -0.426522 -0.569728 255 0 0
0.005689 0.189023 -0.710918 255 0 0
0.086920 0.352128 0.139812 255 0 0
-0.106992 -0.324753 0.173387 255 0 0
-0.174423 -0.109977 -0.328487 255 0 0
0.069871 -0.114679 0.852483 255 0 0
0.058225 -0.174725 0.289523 255 0 0
-0.185221 0.261140 -0.320007 255 0 0
0.025726 0.035414 0.946426 255 255 255
-0.222166 -0.033570 0.240410 255 0 0
0.177836 -0.166213 0.171131 255 0 0
-0.038211 -0.256849 -0.023286 255 0 0
0.004191 0.126992 -0.741909 255 255 255
-0.003441 -0.092266 0.919497 255 0 0
0.119238 -0.394052 0.094744 255 255 255
0.034704 -0.131027 0.405140 255 0 0
-0.173599 0.121930 0.363198 255 0 0
-0.115392 0.345001 -0.174353 255 0 0
0.037751 -0.229612 0.142790 255 0 0
-0.005580 0.112612 -0.747364 255 255 255
0.225519 -0.025661 0.176852 255 0 0
0.221433 0.036925 -0.480330 255 0 0
-0.005744 -0.103131 0.476991 255 0 0
0.080575 -0.086093 -0.604851 255 0 0
0.061594 0.004448 -0.642556 255 0 0
0.068114 0.334165 0.389179 255 0 0
-0.102875 0.208854 0.677987 255 255 255
-0.080958 0.356639 0.206747 255 0 0
0.089632 -0.305423 0.189617 255 0 0
0.212182 -0.069430 -0.376338 255 0 0
0.002345 -0.015576 0.942016 255 255 255
0.195545 -0.119734 0.205380 255 0 0
0.109957 -0.321956 -0.613250 255 0 0
0.106134 0.078601 -0.653421 255 0 0
-0.055304 0.377422 -0.184142 255 0 0
-0.069770 -0.466458 0.060623 255 255 255
-0.116764 -0.393093 -0.567147 255 0 0
-0.182754 0.200833 -0.543082 255 0 0
-0.129737 0.116271 -0.642932 255 0 0
-0.215312 -0.038370 -0.482822 255 0 0
0.183403 0.000622 -0.575132 255 0 0
-0.142782 0.201129 0.628339 255 255 255
0.202677 -0.087557 -0.368714 255 0 0
0.104853 -0.474677 -0.393591 255 255 255
-0.075997 0.379292 -0.264868 255 0 0
0.005043 -0.263655 -0.027276 255 0 0
0.213110 0.147834 -0.381550 255 0 0
-0.191132 -0.109465 0.115383 255 0 0
0.077514 0.378376 -0.310766 255 0 0
-0.184146 -0.146928 -0.387479 255 0 0
-0.088288 0.334107 -0.506826 255 0 0
-0.204049 0.043492 0.079481 255 0 0
0.145200 0.294205 0.210809 255 0 0
-0.075769 -0.117610 0.854891 255 255 255
-0.006723 0.243727 0.941201 255 255 255
0.096869 0.320472 0.295059 255 0 0
0.048009 -0.240156 -0.201388 255 0 0
0.215073 -0.056225 0.246738 255 0 0
-0.122983 -0.406058 -0.487780 255 0 0
-0.050681 0.293074 -0.612763 255 0 0
0.182851 -0.029114 -0.563787 255 0 0
0.131599 -0.255757 -0.581873 255 0 0
0.216731 0.098800 0.171203 255 0 0
-0.045889 -0.151777 0.376408 255 0 0
-0.109052 0.293591 0.352005 255 0 0
0.118540 -0.023697 0.603051 255 0 0
-0.202944 0.057447 0.072827 255 0 0
-0.063616 -0.420633 0.149803 255 0 0
-0.053161 -0.300370 0.175087 255 0 0
-0.064685 -0.090313 0.448449 255 0 0
0.039801 -0.364725 0.110217 255 0 0
-0.111558 0.286745 -0.567852 255 0 0
0.109434 -0.417677 -0.459978 255 0 0
0.197628 -0.075597 -0.299978 255 0 0
0.040874 -0.096100 0.509254 255 0 0
0.223411 0.047942 -0.444490 255 0 0
-0.121981 -0.398867 0.107737 255 0 0
-0.038196 -0.108816 0.432306 255 0 0
-0.015211 -0.241355 -0.228623 255 0 0
-0.021365 -0.061850 -0.597842 255 0 0
-0.136810 0.104056 0.498221 255 0 0
0.132651 0.303724 -0.491148 255 0 0
0.005939 0.193630 0.980273 255 255 255
0.083551 0.323101 0.354125 255 0 0
0.155366 -0.200776 -0.531892 255 0 0
0.089103 -0.262901 0.219882 255 0 0
0.208245 -0.000691 -0.523032 255 0 0
-0.070859 -0.042596 0.806617 255 0 0
0.199560 0.023288 -0.028622 255 0 0
-0.006923 0.070173 0.858571 255 0 0
0.026504 0.049629 0.833363 255 0 0
-0.082382 0.052112 0.698025 255 0 0
-0.194137 0.147714 -0.056283 255 0 0
0.071185 -0.368856 -0.620567 255 0 0
0.131680 -0.203551 -0.571623 255 255 255
-0.001237 0.387618 -0.401783 255 0 0
0.199553 0.107087 -0.100015 255 0 0
0.121637 0.205947 0.467016 255 0 0
-0.208686 -0.085851 0.177288 255 0 0
0.107728 -0.210884 0.063511 255 0 0
-0.187030 -0.091026 -0.531040 255 0 0
-0.202366 0.200604 -0.431385 255 0 0
-0.018846 -0.223606 -0.287163 255 0 0
-0.161462 0.289158 -0.133915 255 0 0
0.126809 -0.141132 -0.341188 255 0 0
0.139522 0.059455 -0.630957 255 0 0
-0.122938 -0.507235 -0.403341 255 255 255
-0.129883 -0.024206 0.442733 255 0 0
-0.118999 0.033455 0.597375 255 0 0
-0.122885 -0.075312 0.389839 255 0 0
-0.035794 0.000378 -0.640410 255 0 0
-0.046057 -0.053727 0.894231 255 0 0
0.015605 0.387379 -0.395775 255 0 0
0.214151 0.121121 0.225470 255 0 0
-0.026324 0.081868 0.952644 255 255 255
0.061533 0.246360 -0.651814 255 0 0
0.177094 -0.117043 -0.350702 255 0 0
-0.198976 -0.015162 -0.063201 255 0 0
-0.205274 0.154424 -0.217274 255 0 0
-0.057220 0.382313 -0.356966 255 0 0
0.149407 -0.093146 -0.576962 255 0 0
0.181695 -0.144643 0.220856 255 0 0
0.182108 0.220474 -0.526907 255 0 0
-0.059909 -0.337981 0.162301 255 0 0
-0.224072 0.072476 -0.395960 255 0 0
0.221538 -0.047607 -0.384420 255 0 0
0.010716 -0.154816 0.905935 255 255 255
-0.109904 0.074746 0.614233 255 0 0
-0.022110 0.391070 0.100902 255 0 0
0.082410 -0.043021 0.760930 255 0 0
-0.218383 -0.012786 0.144327 255 0 0
-0.200157 0.214918 -0.391618 255 0 0
0.044314 0.352763 0.464821 255 0 0
-0.015510 0.044904 0.874090 255 0 0
0.191088 0.237657 -0.449238 255 0 0
-0.139613 0.231897 -0.592201 255 0 0
0.113043 -0.230072 -0.089053 255 0 0
0.015902 0.087828 0.716439 255 0 0
-0.052336 -0.020991 0.839780 255 0 0
-0.220569 0.040406 -0.304924 255 0 0
-0.048431 0.352066 0.456711 255 0 0
-0.005382 0.101589 -0.746840 255 255 255
0.081921 0.212734 0.659069 255 255 255
0.030237 0.065126 0.937624 255 255 255
0.220849 0.087021 -0.415452 255 0 0
0.163401 0.043720 0.420851 255 0 0
-0.145037 0.161192 0.434340 255 0 0
0.178134 0.236472 -0.089981 255 0 0
0.022866 -0.065736 0.913510 255 0 0
-0.133471 -0.258464 -0.580739 255 0 0
-0.095187 0.280466 0.467328 255 0 0
0.044837 -0.168017 0.333766 255 0 0
-0.208990 0.166429 -0.285695 255 0 0
0.182092 0.264625 -0.401054 255 0 0
-0.202970 0.083882 0.301402 255 0 0
0.100947 -0.093565 0.692263 255 255 255
-0.123206 0.345278 -0.217812 255 0 0
-0.070900 0.379732 -0.335949 255 0 0
0.079169 -0.358615 -0.481467 255 0 0
0.152797 -0.226082 0.193088 255 0 0
0.031747 0.056541 0.930931 255 255 255
-0.179850 -0.107947 -0.014895 255 0 0
0.221442 0.072876 -0.439139 255 0 0
0.088662 0.047456 -0.654051 255 0 0
-0.190036 0.160018 0.288574 255 0 0
-0.211659 -0.034380 0.128629 255 0 0
-0.090597 0.262806 0.496591 255 0 0
-0.198673 -0.000921 0.013546 255 0 0
0.222807 0.059639 -0.432370 255 0 0
0.179884 0.090824 -0.605053 255 0 0
0.205661 0.111671 -0.547614 255 0 0
-0.093185 -0.269173 -0.619945 255 0 0
-0.217128 0.122517 -0.397518 255 0 0
-0.057923 -0.005820 0.797814 255 0 0
-0.096782 -0.089901 0.408335 255 0 0
-0.112738 -0.210727 -0.211965 255 0 0
0.097460 0.165281 -0.656310 255 0 0
0.200226 0.130841 -0.553584 255 0 0
-0.064607 -0.249580 -0.121140 255 0 0
-0.015650 0.325230 0.527476 255 0 0
0.087911 -0.394028 -0.598485 255 0 0
0.126122 0.250719 0.670844 255 255 255
-0.145711 -0.184132 -0.225101 255 0 0
0.187430 -0.118379 -0.074885 255 0 0
0.022327 0.371134 0.364579 255 0 0
0.057288 -0.268069 0.195037 255 0 0
0.165341 -0.021602 -0.585873 255 0 0
0.109651 0.322149 0.062926 255 0 0
0.094312 -0.051343 0.733521 255 255 255
-0.059376 0.370162 0.215448 255 0 0
-0.185016 0.197837 0.149454 255 0 0
-0.208087 0.102673 -0.206194 255 0 0
0.211151 -0.032097 -0.494421 255 0 0
0.217039 -0.006375 -0.309511 255 0 0
-0.156467 -0.190239 -0.187222 255 0 0
0.044094 -0.111451 -0.562924 255 0 0
-0.147523 0.171240 0.413384 255 0 0
0.028916 0.007320 0.933194 255 255 255
-0.120569 0.017113 0.530171 255 0 0
0.225405 0.027818 0.252398 255 0 0
-0.107187 0.146663 0.562963 255 0 0
-0.201815 0.050454 0.055507 255 0 0
-0.219987 0.042346 0.149395 255 0 0
-0.137066 0.279142 0.292093 255 0 0
0.121691 -0.492760 -0.542927 255 255 255
0.120635 -0.336853 -0.586023 255 0 0
-0.170967 0.106239 0.383710 255 0 0
-0.092195 -0.457871 0.184849 255 255 255
0.097147 -0.306160 0.047577 255 255 255
0.070262 0.314234 0.483391 255 0 0
0.061280 0.386585 -0.319051 255 0 0
0.040872 -0.490126 -0.523259 255 255 255
0.126816 -0.236706 0.226608 255 0 0
0.009789 0.398922 0.149456 255 0 0
-0.194229 0.207343 -0.502195 255 0 0
-0.197388 -0.113110 0.209345 255 0 0
0.039598 -0.153542 0.897181 255 255 255
0.146444 -0.506131 -0.493629 255 255 255
0.125604 0.331302 -0.140452 255 0 0
-0.019573 -0.149853 0.907700 255 255 255
-0.219914 -0.082822 -0.417929 255 0 0
0.103509 -0.014739 -0.628490 255 0 0
-0.117395 -0.443784 0.081040 255 255 255
0.063738 0.300552 0.507546 255 0 0
0.074001 -0.281968 0.202871 255 0 0
0.035789 0.149840 -0.690244 255 0 0
-0.083762 -0.417697 -0.459799 255 0 0
-0.204007 0.006200 -0.142157 255 0 0
0.046516 0.049515 -0.662531 255 0 0
0.045366 -0.187653 0.248818 255 0 0
0.123475 0.317692 0.156144 255 0 0
0.054897 -0.163608 -0.515034 255 0 0
0.120336 0.030884 0.589297 255 0 0
0.040420 -0.156248 0.835109 255 255 255
-0.201525 -0.119119 -0.460563 255 0 0
-0.194639 0.012065 0.329827 255 0 0
0.032134 -0.502110 -0.474372 255 255 255
-0.079916 0.051782 -0.657325 255 0 0
-0.226500 -0.020772 0.223923 255 0 0
0.180160 0.255756 -0.458310 255 0 0
0.146820 -0.092646 -0.580103 255 0 0
-0.126109 0.313529 0.234513 255 0 0
0.161821 -0.122961 0.280839 255 0 0
0.198918 -0.013636 0.028416 255 0 0
-0.190311 -0.101348 -0.286663 255 0 0
0.078870 -0.118778 0.394114 255 0 0
0.084374 -0.255642 -0.438544 255 255 255
0.221943 -0.007064 -0.454257 255 0 0
-0.025445 0.304809 -0.613306 255 0 0
0.134087 0.145001 -0.635500 255 0 0
0.007411 -0.136604 0.606905 255 255 255
0.201926 0.030756 -0.094262 255 0 0
0.118893 -0.209505 0.243199 255 0 0
0.078893 0.215179 0.649299 255 255 255
-0.084005 -0.453921 0.064036 255 255 255
-0.213941 0.001241 -0.288554 255 0 0
-0.103284 -0.510372 0.180488 255 255 255
0.138273 -0.167400 -0.566527 255 0 0
-0.140297 -0.501856 -0.518227 255 255 255
0.092138 -0.299941 -0.628048 255 0 0
-0.205702 0.189442 -0.420946 255 0 0
0.187148 -0.178485 -0.434258 255 0 0
-0.210035 0.169729 -0.378482 255 0 0
0.225094 -0.011597 -0.416810 255 0 0
0.195324 0.128423 -0.045726 255 0 0
0.187041 0.263747 -0.329127 255 0 0
-0.051638 0.384713 -0.214860 255 0 0
-0.222609 -0.020367 -0.453957 255 0 0
-0.139871 -0.319950 0.104199 255 0 0
-0.136162 -0.293324 0.080847 255 0 0
-0.121344 -0.286093 0.192647 255 0 0
-0.197814 0.175572 0.178833 255 0 0
-0.079316 0.344754 0.063350 255 0 0
0.200001 -0.043799 -0.110218 255 0 0
0.066645 -0.130435 0.807355 255 255 255
-0.229441 -0.008326 0.210891 255 0 0
-0.043814 0.103971 -0.680641 255 0 0
-0.104006 0.161028 -0.651207 255 0 0
0.204859 -0.020254 0.089892 255 0 0
0.191630 0.185293 0.177990 255 0 0
-0.126986 -0.343419 0.130996 255 0 0
-0.147816 0.283539 0.165349 255 0 0
0.078644 0.059643 0.689036 255 0 0
-0.188245 -0.089396 0.275110 255 0 0
0.078796 -0.139898 -0.587414 255 0 0
0.013434 0.070766 0.973526 255 255 255
0.187869 -0.035514 0.319525 255 0 0
0.213024 0.074135 -0.249840 255 0 0
0.040253 -0.456858 0.085377 255 255 255
0.216417 0.125987 -0.311292 255 0 0
-0.001567 0.132830 0.982676 255 255 255
0.119897 -0.322712 -0.594083 255 0 0
-0.211225 0.158828 -0.415744 255 0 0
0.222738 0.078870 0.199549 255 0 0
-0.215919 0.116667 -0.289674 255 0 0
-0.103301 -0.327783 0.173640 255 0 0
-0.145520 -0.206317 -0.139618 255 0 0
0.137851 0.215330 0.385785 255 0 0
0.138359 0.334260 -0.208783 255 0 0
0.113559 0.306593 0.295116 255 0 0
0.126117 0.046781 0.530701 255 0 0
0.154479 -0.233035 0.181094 255 0 0
-0.198371 0.107334 -0.063617 255 0 0
-0.154712 -0.265467 0.146578 255 0 0
0.168930 0.208064 0.304822 255 0 0
0.027688 0.362624 -0.067377 255 0 0
0.077476 -0.101460 0.820511 255 0 0
-0.092299 -0.209876 0.238761 255 0 0
0.153159 -0.218820 -0.534366 255 0 0
-0.194544 0.137297 -0.029967 255 0 0
0.046078 0.019077 0.815501 255 0 0
-0.205858 -0.035368 -0.249389 255 0 0
0.111432 0.112017 0.580972 255 0 0
-0.188750 0.173707 -0.021023 255 0 0
0.145917 0.282834 0.005145 255 0 0
0.106306 -0.227910 -0.057644 255 0 0
-0.052325 -0.485510 -0.537235 255 255 255
0.009110 -0.194642 0.241208 255 0 0
-0.199716 0.031866 0.022075 255 0 0
0.059532 -0.507432 0.077239 255 255 255
0.118106 0.325624 0.169566 255 0 0
-0.026650 0.075806 0.953489 255 255 255
0.195805 0.162468 0.137580 255 0 0
0.144702 -0.270876 0.181309 255 0 0
0.084415 -0.459949 0.061172 255 255 255
-0.025747 0.126415 -0.689217 255 0 0
0.101786 -0.226899 0.235437 255 0 0
-0.174058 -0.161814 0.204227 255 0 0
-0.197060 -0.125942 -0.204556 255 0 0
0.175248 0.223152 0.271395 255 0 0
-0.135216 -0.085172 -0.592649 255 0 0
-0.072003 -0.109645 0.851962 255 255 255
0.090113 0.163773 0.662352 255 255 255
-0.024745 0.072895 0.758539 255 0 0
0.162871 0.252824 0.159333 255 0 0
-0.036097 -0.493047 0.078007 255 255 255
-0.213868 -0.067905 0.222412 255 0 0
-0.163878 -0.079276 0.325874 255 0 0
-0.080727 0.293053 -0.590143 255 0 0
0.217325 -0.037197 0.145737 255 0 0
-0.226475 -0.003193 -0.401548 255 0 0
0.092218 0.346881 -0.104226 255 0 0
0.202435 0.026213 -0.104781 255 0 0
0.029751 -0.239597 0.067250 255 0 0
0.219849 0.094149 -0.426259 255 0 0
-0.213806 0.006035 -0.521792 255 0 0
-0.124434 -0.055089 0.409351 255 0 0
-0.057460 0.389981 -0.326256 255 0 0
0.027638 -0.489842 0.101332 255 255 255
0.057219 -0.148876 0.677594 255 255 255
0.083063 -0.129567 0.871594 255 255 255
0.211855 -0.053170 -0.351328 255 0 0
0.220854 0.038918 0.144701 255 0 0
0.122347 -0.224153 -0.589962 255 0 0
-0.174455 0.147090 0.345056 255 0 0
-0.160648 0.287679 -0.442161 255 0 0
-0.014344 -0.180213 0.771077 255 255 255
0.122546 0.013571 0.534397 255 0 0
0.167926 0.237296 0.081606 255 0 0
0.031230 -0.492655 0.087589 255 255 255
-0.186016 0.259945 -0.365984 255 0 0
-0.151374 -0.141676 0.055678 255 0 0
-0.105651 0.324150 0.061952 255 0 0
-0.125477 -0.206680 -0.200359 255 0 0
0.110162 -0.400602 -0.568873 255 0 0
0.115131 0.177973 -0.640418 255 0 0
0.069508 0.298674 0.500723 255 0 0
0.015065 0.397780 0.122583 255 0 0
-0.166576 -0.188623 0.140026 255 0 0
0.046537 -0.508573 -0.473246 255 255 255
0.100178 0.031164 0.673828 255 0 0
-0.079216 0.355724 0.119287 255 0 0
-0.131423 0.277100 -0.557379 255 0 0
-0.215523 0.023843 -0.530605 255 0 0
-0.075132 -0.147204 0.852098 255 255 255
0.194518 0.126614 -0.005821 255 0 0
-0.155939 -0.496321 -0.501650 255 255 255
-0.010404 0.033337 -0.655472 255 0 0
-0.180543 0.233795 -0.112577 255 0 0
0.184055 -0.154718 -0.122163 255 0 0
0.008292 0.397710 -0.203454 255 0 0
0.164940 -0.167502 -0.058052 255 0 0
-0.169298 0.166442 0.345632 255 0 0
0.206350 0.154789 -0.229950 255 0 0
0.076502 0.362445 0.162057 255 0 0
0.187398 -0.012018 -0.563967 255 0 0
0.100776 0.339960 -0.090753 255 0 0
0.191534 0.250942 -0.348753 255 0 0
-0.187548 0.138945 0.310511 255 0 0
0.106535 -0.023203 0.679834 255 0 0
-0.199393 -0.111579 -0.148509 255 0 0
0.034807 0.029514 0.918322 255 0 0
-0.145090 -0.044643 0.393615 255 0 0
-0.082038 -0.510635 -0.431422 255 255 255
-0.164760 -0.148896 -0.030454 255 0 0
0.202730 0.013210 -0.113009 255 0 0
-0.081604 0.064369 -0.661373 255 0 0
-0.213265 0.119785 -0.532703 255 0 0
0.111425 0.323691 -0.040777 255 0 0
0.080556 -0.052870 -0.618864 255 0 0
0.183812 0.206602 -0.070155 255 0 0
0.003401 -0.239319 0.076830 255 0 0
-0.204371 -0.046233 -0.262661 255 0 0
0.198878 0.078362 0.015474 255 0 0
-0.224450 0.051840 0.242429 255 0 0
0.163624 0.080900 0.414993 255 0 0
0.122032 0.318563 -0.477288 255 0 0
0.188404 -0.067544 -0.536667 255 0 0
-0.103304 0.035424 0.655820 255 0 0
0.059550 0.345013 0.337626 255 0 0
0.083175 -0.132105 0.752409 255 255 255
-0.045343 -0.132313 -0.535178 255 0 0
-0.006290 -0.105806 0.458053 255 0 0
-0.056474 -0.222585 -0.507885 255 0 0
0.123394 0.017038 0.560895 255 0 0
0.007038 -0.196109 0.239585 255 0 0
-0.004662 0.062609 0.863556 255 0 0
-0.216362 0.127994 -0.388612 255 0 0
0.192860 -0.041906 0.305963 255 0 0
0.110051 -0.169041 0.275608 255 0 0
-0.211129 0.064751 0.121876 255 0 0
-0.151778 -0.245505 0.180423 255 0 0
-0.199988 0.043851 0.024533 255 0 0
0.072646 0.369193 -0.179316 255 0 0
0.058571 0.240689 -0.657168 255 0 0
-0.193140 -0.125241 -0.489295 255 0 0
0.151425 0.276511 0.080194 255 0 0
-0.216092 0.101233 -0.281163 255 0 0
0.156870 0.108999 -0.623554 255 0 0
-0.169100 0.246356 -0.013360 255 0 0
-0.217884 -0.002055 -0.317867 255 0 0
-0.124387 -0.432289 -0.521986 255 0 0
0.022855 0.375040 0.427026 255 0 0
0.061127 -0.412814 -0.484052 255 0 0
0.051576 -0.022564 0.840706 255 0 0
0.168898 0.009572 -0.596129 255 0 0
-0.226475 -0.003193 -0.401548 255 0 0
0.059610 -0.049473 0.853336 255 0 0
0.130055 0.326698 -0.142367 255 0 0
-0.103173 -0.231182 0.068751 255 0 0
-0.195409 0.164612 0.142751 255 0 0
0.176142 -0.170423 0.144258 255 0 0
0.124460 -0.219642 -0.149275 255 0 0
0.030663 -0.234581 -0.252175 255 0 0
0.213362 -0.042778 -0.477602 255 0 0
0.108338 -0.508179 0.193531 255 255 255
-0.003438 -0.235270 0.098782 255 0 0
-0.132475 0.189035 0.625027 255 255 255
0.063711 -0.259935 -0.466656 255 0 0
0.037391 -0.237190 0.104250 255 0 0
0.129926 -0.195802 0.077544 255 0 0
0.223572 0.009875 0.263223 255 0 0
-0.175676 0.282618 -0.271303 255 0 0
-0.183768 0.233388 -0.144200 255 0 0
0.196101 0.235073 -0.285605 255 0 0
-0.192492 0.244887 -0.348894 255 0 0
0.187417 -0.158535 -0.405146 255 0 0
0.140640 -0.141272 -0.309983 255 0 0
0.136773 0.090354 0.500944 255 0 0
-0.031229 -0.098202 0.488406 255 0 0
-0.039074 0.026821 0.828520 255 0 0
-0.215058 0.135396 -0.417129 255 0 0
-0.147744 0.238251 -0.575608 255 0 0
0.216885 -0.029394 -0.467287 255 0 0
-0.073807 -0.403133 -0.594138 255 0 0
0.077946 -0.234993 -0.182182 255 0 0
0.031599 0.358429 -0.012612 255 0 0
0.223009 0.056498 -0.434523 255 0 0
-0.217287 0.047839 -0.541038 255 0 0
-0.199456 0.121909 -0.107078 255 0 0
0.115628 -0.045422 -0.613934 255 0 0
-0.118947 -0.195674 0.067111 255 0 0
-0.182015 0.188708 0.095679 255 0 0
-0.088044 -0.326312 0.176062 255 0 0
0.188247 0.236527 -0.178014 255 0 0
0.081642 -0.501998 0.057051 255 255 255
0.184483 -0.084108 0.034866 255 0 0
-0.164908 0.077915 -0.621213 255 0 0
-0.071295 -0.184098 -0.574900 255 0 0
0.218745 0.083681 0.228359 255 0 0
-0.226948 0.039866 -0.357782 255 0 0
0.082620 -0.265088 -0.619115 255 0 0
0.199829 0.010070 -0.000773 255 0 0
-0.126599 -0.466621 0.183138 255 255 255
-0.104036 -0.033055 0.700163 255 0 0
-0.167831 0.293197 -0.358553 255 0 0
0.011366 0.298521 -0.624741 255 0 0
0.044192 0.189422 0.644539 255 0 0
-0.123481 0.011450 0.494429 255 0 0
-0.073238 0.382950 -0.317111 255 0 0
-0.167593 0.179990 -0.586529 255 0 0
-0.192858 0.160084 -0.557057 255 0 0
-0.183493 -0.088826 0.032035 255 0 0
-0.069337 -0.428614 0.154125 255 0 0
0.211080 0.164098 -0.485940 255 0 0
0.086413 0.187827 0.596970 255 255 255
-0.065152 0.144687 -0.676597 255 0 0
-0.093255 -0.209239 0.041941 255 0 0
-0.138955 -0.187916 -0.035669 255 0 0
0.018651 0.373027 0.288083 255 0 0
-0.186405 0.182466 0.276104 255 0 0
0.195510 -0.086810 -0.274289 255 0 0
0.037548 -0.166622 0.723435 255 255 255
0.160167 0.261551 0.019389 255 0 0
0.122489 -0.348392 0.140024 255 0 0
0.204346 0.202790 -0.373132 255 0 0
0.194140 -0.047328 0.300360 255 0 0
0.229261 0.048639 0.201403 255 0 0
0.014624 -0.237750 -0.248753 255 0 0
-0.118358 -0.347394 -0.588750 255 0 0
0.163170 0.258143 0.182377 255 0 0
-0.133546 0.290166 -0.531939 255 0 0
0.187217 -0.170966 -0.452788 255 0 0
0.187116 -0.102427 -0.055796 255 0 0
0.163988 -0.203132 -0.408456 255 0 0
-0.152819 0.305395 -0.370433 255 0 0
-0.101294 -0.108091 0.610408 255 0 0
-0.156480 0.210284 -0.583669 255 0 0
-0.177331 0.276099 -0.331074 255 0 0
0.034559 -0.001656 0.922226 255 255 255
-0.198659 0.213081 -0.469795 255 0 0
0.167947 -0.119747 -0.315270 255 0 0
-0.201901 0.048035 0.055489 255 0 0
0.213637 0.116145 0.182670 255 0 0
0.068066 0.364438 -0.145140 255 0 0
0.201314 0.057850 0.040565 255 0 0
-0.083911 -0.324518 0.177087 255 0 0
-0.053904 -0.157083 -0.511546 255 0 0
-0.144684 0.309853 -0.407644 255 0 0
-0.066205 -0.169981 0.808913 255 255 255
0.216570 0.124565 -0.356181 255 0 0
0.085192 0.133234 -0.666282 255 0 0
0.017497 0.072589 0.816358 255 0 0
0.080376 0.222680 -0.650506 255 0 0
0.102120 -0.398670 -0.581406 255 0 0
-0.145245 -0.148047 0.047659 255 0 0
0.052513 -0.505145 -0.522831 255 255 255
-0.195082 0.125377 0.004952 255 0 0
-0.184714 -0.146955 -0.103642 255 0 0
-0.036481 -0.176109 0.762924 255 255 255
-0.190267 0.248268 -0.258295 255 0 0
-0.085293 -0.084410 0.544751 255 0 0
-0.135190 0.177994 0.627691 255 255 255
0.136563 0.120417 0.488832 255 0 0
-0.110834 -0.067370 0.672998 255 0 0
0.029396 0.339449 -0.561934 255 0 0
-0.208852 -0.010500 0.107571 255 0 0
0.184555 0.188633 -0.007348 255 0 0
-0.155752 0.264899 -0.530587 255 0 0
0.040555 0.011898 -0.645282 255 0 0
-0.204867 0.118034 -0.180054 255 0 0
0.025932 -0.102485 0.513168 255 0 0
0.024841 0.092899 0.705067 255 0 0
0.169927 -0.159620 0.233414 255 0 0
0.007650 0.395337 0.197360 255 0 0
-0.229481 0.044412 0.220726 255 0 0
0.220110 -0.025290 0.153475 255 0 0
-0.217312 -0.027322 -0.481897 255 0 0
-0.048443 -0.383833 -0.536922 255 0 0
0.200259 0.099126 0.298394 255 0 0
0.211908 0.152347 -0.479453 255 0 0
-0.089827 -0.414307 -0.459872 255 0 0
-0.001074 -0.007041 0.947541 255 255 255
0.036418 -0.120236 0.853191 255 0 0
0.005332 0.070677 0.859918 255 0 0
0.010979 -0.178137 0.311647 255 0 0
-0.129360 0.330612 -0.154431 255 0 0
0.114618 -0.224181 -0.067748 255 0 0
0.109354 0.191538 -0.640560 255 0 0
-0.222299 -0.043692 0.207678 255 0 0
0.191168 0.233383 -0.467251 255 0 0
0.204914 0.042180 -0.147838 255 0 0
-0.085130 0.368879 -0.343075 255 0 0
-0.209115 0.142066 0.195195 255 0 0
0.157319 0.315048 -0.309981 255 0 0
-0.202088 -0.078204 -0.164540 255 0 0
-0.160271 -0.192449 -0.137167 255 0 0
-0.184229 -0.174969 -0.415516 255 0 0
-0.208707 0.001717 -0.228990 255 0 0
0.199543 0.023176 -0.023846 255 0 0
-0.027093 -0.121001 0.419120 255 0 0
0.041455 -0.244850 0.011072 255 0 0
0.019431 -0.260006 -0.078316 255 0 0
-0.113214 -0.333925 0.162742 255 0 0
-0.056427 -0.435263 -0.544676 255 0 0
0.200265 -0.092121 0.246738 255 0 0
-0.024039 0.062030 0.833922 255 0 0
0.219404 0.095238 0.185126 255 0 0
0.104599 0.324542 -0.501929 255 0 0
0.070280 -0.017598 -0.633996 255 0 0
-0.087075 -0.512131 0.119708 255 255 255
0.136679 -0.029273 0.423693 255 0 0
-0.052713 0.150371 0.667606 255 0 0
-0.056759 -0.365793 -0.609485 255 0 0
0.134741 -0.327208 0.126261 255 0 0
0.189900 -0.097136 -0.295799 255 0 0
-0.194199 0.151900 -0.066914 255 0 0
-0.161434 0.162164 0.370607 255 0 0
-0.074968 0.357132 0.225635 255 0 0
-0.120253 -0.023818 0.555313 255 0 0
0.065637 -0.001639 0.768029 255 0 0
-0.139407 -0.506687 0.115068 255 255 255
0.110470 0.300244 0.320582 255 0 0
0.134512 -0.294579 -0.492558 255 0 0
-0.218410 0.102138 -0.495179 255 0 0
-0.211659 0.157977 -0.307194 255 0 0
0.172299 -0.114327 -0.314627 255 0 0
0.170344 -0.173789 -0.512285 255 0 0
0.154146 -0.163461 0.087183 255 0 0
0.096933 0.340446 0.218894 255 0 0
0.220188 -0.055112 0.179781 255 0 0
-0.131710 -0.474987 0.187052 255 255 255
0.069554 -0.145425 -0.576037 255 0 0
0.112714 0.115125 -0.652158 255 0 0
0.122269 0.010937 0.536778 255 0 0
-0.204769 -0.123740 -0.424398 255 0 0
-0.177425 0.266320 -0.435478 255 0 0
-0.061593 -0.150999 0.368589 255 0 0
-0.062749 0.381011 -0.222564 255 0 0
-0.075990 -0.390310 0.155832 255 0 0
-0.205450 -0.019634 -0.180221 255 0 0
-0.091397 0.063176 -0.657842 255 0 0
-0.032364 0.063774 0.924312 255 255 255
0.139722 -0.040682 -0.602554 255 0 0
0.116000 -0.021154 0.625966 255 0 0
-0.110005 0.214486 0.495203 255 0 0
0.211992 0.024143 0.110807 255 0 0
-0.093616 -0.232199 -0.608418 255 0 0
-0.100605 0.326305 0.006840 255 0 0
0.011159 0.162888 0.977548 255 255 255
-0.107756 -0.097491 0.633725 255 0 0
-0.158950 0.268721 0.663648 255 255 255
-0.081363 -0.124175 0.784733 255 255 255
-0.097808 -0.099701 0.725962 255 255 255
-0.132165 -0.501435 -0.530579 255 255 255
-0.190985 0.244125 -0.232261 255 0 0
0.025290 0.097940 0.700544 255 0 0
0.129642 -0.507914 0.182036 255 255 255
0.023998 -0.219223 0.173129 255 0 0
0.002984 0.076419 0.861944 255 0 0
0.218026 -0.005773 0.139165 255 0 0
-0.063224 -0.234044 0.015981 255 0 0
-0.194116 -0.140743 -0.150709 255 0 0
-0.115067 -0.513536 -0.492921 255 255 255
0.011042 0.247748 0.952952 255 255 255
0.017346 -0.180092 0.296133 255 0 0
-0.185086 0.202964 -0.534461 255 0 0
0.123975 0.314970 0.226435 255 0 0
-0.202805 0.034185 -0.113108 255 0 0
0.002095 -0.009833 -0.816164 255 255 255
0.087797 -0.214052 0.233483 255 0 0
-0.006381 0.222388 0.937402 255 255 255
0.125072 0.308780 0.047724 255 0 0
0.124098 0.028975 0.552181 255 0 0
-0.070086 -0.102525 0.873521 255 255 255
0.082130 -0.090277 0.790247 255 255 255
0.008844 0.258846 -0.663471 255 0 0
0.178471 -0.066954 0.312545 255 0 0
-0.013467 0.208932 0.963783 255 255 255
-0.116869 -0.247027 0.224879 255 0 0
0.079617 -0.079934 0.822037 255 0 0
-0.166772 -0.146089 -0.537585 255 0 0
0.163863 0.251056 0.066005 255 0 0
0.085356 -0.495757 -0.392461 255 255 255
-0.220893 0.100572 -0.357271 255 0 0
-0.001777 0.386010 0.255522 255 0 0
-0.026709 -0.022182 0.922765 255 255 255
0.096628 0.048093 0.660700 255 0 0
0.186240 0.256021 -0.202146 255 0 0
-0.164420 0.057029 0.422670 255 0 0
-0.220865 -0.082289 -0.407649 255 0 0
-0.039536 -0.257660 -0.104610 255 0 0
-0.189437 -0.093806 -0.524412 255 0 0
0.211551 0.081295 -0.235908 255 0 0
-0.133686 -0.460503 0.085732 255 255 255
0.120934 0.239459 -0.604174 255 0 0
-0.084180 0.351053 -0.433328 255 0 0
-0.135650 -0.276876 -0.574790 255 0 0
-0.077749 0.360582 0.190668 255 0 0
0.115220 0.197168 0.638882 255 255 255
0.184073 -0.156695 -0.201520 255 0 0
-0.089313 0.066361 -0.659524 255 0 0
-0.057035 0.360381 0.259314 255 0 0
0.163363 0.299603 -0.342594 255 0 0
-0.075902 -0.496020 0.055371 255 255 255
-0.113502 -0.162462 0.280508 255 0 0
0.046916 -0.244214 0.130155 255 0 0
0.212619 0.150726 -0.388266 255 0 0
0.138306 -0.210944 -0.142835 255 0 0
-0.046637 -0.001145 0.852317 255 0 0
0.038441 -0.479860 0.072657 255 255 255
0.014265 0.184826 0.640992 255 0 0
0.038736 0.017576 0.880840 255 0 0
0.196474 0.183430 -0.163692 255 0 0
-0.142496 0.305612 -0.451894 255 0 0
0.204921 0.007004 -0.152402 255 0 0
0.063610 0.066355 0.705323 255 0 0
0.197007 -0.069960 -0.098135 255 0 0
-0.153287 0.243361 0.306728 255 0 0
0.195614 -0.034273 -0.016077 255 0 0
-0.172400 0.051949 0.397012 255 0 0
0.099997 -0.423055 0.072846 255 255 255
-0.029823 0.054052 0.895719 255 0 0
-0.228081 0.041879 0.189172 255 0 0
-0.207480 -0.117346 -0.428387 255 0 0
-0.083143 -0.189026 0.252382 255 0 0
0.086060 -0.065743 0.479248 255 0 0
-0.016868 0.363089 -0.053941 255 0 0
0.204573 -0.001726 0.072444 255 0 0
-0.209157 -0.082309 0.161132 255 0 0
0.142196 -0.488808 0.082803 255 255 255
0.018594 0.144745 0.672473 255 0 0
-0.119974 -0.372585 0.129554 255 0 0
0.202747 0.028220 0.046773 255 0 0
-0.210278 0.066645 -0.568080 255 0 0
-0.097478 0.043357 0.668358 255 0 0
0.201932 0.151693 0.166026 255 0 0
-0.133415 -0.249638 0.087152 255 0 0
0.092385 -0.118027 0.644551 255 255 255
-0.202855 0.083296 -0.125806 255 0 0
0.102053 0.239329 -0.622890 255 0 0
0.201080 0.138718 0.125607 255 0 0
-0.196893 0.022661 0.327323 255 0 0
0.178193 0.283756 -0.331606 255 0 0
-0.089502 -0.399294 -0.592484 255 0 0
0.123444 0.048963 0.555427 255 0 0
-0.121480 0.138002 0.524020 255 0 0
0.194426 -0.140020 -0.158240 255 0 0
0.213848 -0.060484 0.146456 255 0 0
0.105662 -0.355972 -0.485793 255 0 0
0.160162 -0.190753 -0.170862 255 0 0
0.183104 0.276316 -0.295538 255 0 0
-0.049599 0.356130 -0.500112 255 0 0
0.067141 -0.251267 -0.090309 255 0 0
-0.043383 -0.380706 0.105537 255 0 0
-0.074364 -0.045017 0.792731 255 0 0
-0.204707 -0.045715 -0.259215 255 0 0
0.027696 -0.145113 -0.402503 255 0 0
-0.203065 -0.053902 -0.162608 255 0 0
0.052890 0.370600 -0.412354 255 0 0
-0.099732 0.365568 -0.253366 255 0 0
0.196022 -0.031546 -0.013925 255 0 0
-0.010576 -0.165466 0.698768 255 255 255
0.106916 -0.349941 -0.488602 255 0 0
0.038970 -0.053169 -0.612158 255 0 0
-0.019253 -0.099329 0.915721 255 255 255
-0.054097 -0.181912 0.844174 255 255 255
-0.095757 -0.149095 -0.372364 255 0 0
-0.081606 -0.151308 0.343922 255 0 0
-0.090893 -0.304139 -0.629909 255 0 0
-0.198874 0.009234 -0.025921 255 0 0
0.088163 0.066610 0.665441 255 0 0
0.183621 -0.117254 -0.051750 255 0 0
-0.209934 -0.070712 -0.476074 255 0 0
-0.142334 -0.055714 0.386517 255 0 0
0.093037 -0.053962 0.502230 255 0 0
-0.059421 -0.182755 0.826644 255 255 255
-0.132960 0.278628 0.304507 255 0 0
-0.031969 0.230090 -0.676868 255 0 0
-0.083394 -0.239687 -0.046635 255 0 0
0.214019 0.125428 -0.282297 255 0 0
-0.074792 -0.140252 0.841600 255 255 255
0.008322 0.395058 0.199477 255 0 0
-0.125327 -0.448921 0.145877 255 255 255
-0.221834 0.025418 -0.319496 255 0 0
-0.130207 0.247744 0.691029 255 255 255
0.008266 0.330699 0.525912 255 0 0
-0.196067 0.141266 0.283156 255 0 0
0.055127 0.206022 -0.674941 255 0 0
-0.216055 0.125379 -0.435302 255 0 0
-0.049517 -0.400223 0.086435 255 0 0
0.217837 -0.036852 -0.355773 255 0 0
0.213313 0.146111 -0.383695 255 0 0
-0.146686 -0.296095 0.149494 255 0 0
0.082444 0.226399 0.544039 255 0 0
-0.016415 0.194803 0.949833 255 255 255
0.201436 -0.073407 -0.341633 255 0 0
-0.221014 0.096549 -0.401043 255 0 0
-0.204700 -0.053491 -0.201579 255 0 0
-0.059915 -0.421107 0.146909 255 0 0
-0.090161 -0.116816 0.744029 255 255 255
0.214998 -0.082694 -0.403018 255 0 0
-0.009624 0.108873 0.841226 255 0 0
-0.151011 0.307416 -0.367715 255 0 0
0.098354 -0.243871 -0.610573 255 0 0
-0.067245 -0.439888 0.157872 255 0 0
-0.215486 0.127794 -0.483713 255 0 0
0.086103 -0.124019 0.681528 255 255 255
-0.095153 0.210389 0.660625 255 255 255
-0.018300 0.095908 0.912450 255 0 0
-0.056004 0.052098 -0.662586 255 0 0
0.189621 0.250415 -0.221954 255 0 0
0.171960 0.038470 -0.601567 255 0 0
0.044851 0.356264 0.023619 255 0 0
0.188933 -0.135157 -0.489554 255 0 0
-0.204872 0.084500 -0.155762 255 0 0
0.039446 -0.164716 0.356749 255 0 0
0.068327 -0.248229 -0.112257 255 0 0
-0.201503 0.022973 -0.092419 255 0 0
0.201820 -0.066133 -0.266945 255 0 0
0.201023 -0.073735 0.265938 255 0 0
-0.100705 0.173342 -0.650478 255 0 0
-0.017331 0.008048 -0.643153 255 0 0
0.208791 -0.004977 -0.240604 255 0 0
0.031879 -0.497998 0.094115 255 255 255
0.060437 -0.257359 0.071863 255 0 0
-0.200065 0.031816 0.028628 255 0 0
-0.185784 0.259718 -0.289436 255 0 0
-0.150160 0.278366 0.247559 255 0 0
0.142196 0.296742 0.179455 255 0 0
0.205682 -0.042912 -0.237175 255 0 0
-0.110719 0.113793 0.583100 255 0 0
-0.047036 -0.372916 -0.546214 255 0 0
-0.132984 -0.450246 -0.428945 255 255 255
0.207818 0.009994 -0.198882 255 0 0
-0.127358 -0.433435 -0.513176 255 0 0
-0.203449 -0.064495 -0.217320 255 0 0
-0.143207 0.242465 0.659160 255 255 255
0.017455 0.177992 0.943627 255 255 255
-0.062657 -0.038261 -0.625560 255 0 0
-0.040133 -0.163826 0.712785 255 255 255
0.203892 -0.061444 -0.191735 255 0 0
0.199889 0.027091 -0.016446 255 0 0
0.072320 0.286330 0.507498 255 0 0
-0.124948 0.173464 0.488399 255 0 0
-0.117878 -0.019258 0.539794 255 0 0
0.121496 0.035135 0.579732 255 0 0
-0.156877 -0.108363 -0.564653 255 0 0
-0.108869 0.062869 0.623977 255 0 0
0.148170 -0.499280 0.165898 255 255 255
0.087714 -0.509576 0.182028 255 255 255
0.035891 -0.196148 -0.317477 255 0 0
0.161920 0.298325 -0.359601 255 0 0
0.120476 -0.026303 0.582084 255 0 0
0.170468 0.234343 0.040889 255 0 0
-0.076648 0.381259 -0.294266 255 0 0
-0.147770 -0.266709 -0.528189 255 255 255
-0.041916 0.362084 0.416741 255 0 0
0.170479 0.243046 0.230244 255 0 0
0.030262 -0.137113 0.818516 255 0 0
-0.153229 0.181216 0.375110 255 0 0
0.125149 0.247839 0.690284 255 255 255
-0.000976 0.374855 0.028602 255 0 0
-0.121807 -0.381680 -0.493572 255 0 0
0.141493 -0.149294 -0.365899 255 0 0
-0.207136 0.033481 0.093395 255 0 0
0.165910 0.289259 -0.385945 255 0 0
0.021010 0.152210 0.668855 255 0 0
-0.172266 -0.157473 -0.063463 255 0 0
-0.064994 0.296382 0.511902 255 0 0
-0.204298 -0.027991 -0.165909 255 0 0
-0.052145 -0.509146 0.087385 255 255 255
-0.034131 -0.504530 0.107329 255 255 255
0.096208 -0.377231 0.061931 255 0 0
0.201907 0.201288 -0.478206 255 0 0
0.087948 -0.254587 0.223169 255 0 0
-0.229941 0.001229 0.221880 255 0 0
0.024506 0.377008 -0.443670 255 0 0
0.156446 0.266873 0.051409 255 0 0
-0.011007 0.411946 -0.260279 255 0 0
-0.099158 -0.231530 -0.163391 255 0 0
0.053340 -0.181022 0.272240 255 0 0
-0.179463 0.231491 -0.096124 255 0 0
-0.197298 0.167491 0.231120 255 0 0
-0.174638 -0.108126 -0.544150 255 0 0
0.087850 -0.243251 -0.430348 255 255 255
0.156872 -0.239380 -0.480680 255 0 0
-0.044100 -0.185529 -0.326288 255 0 0
-0.118787 -0.015316 0.614471 255 0 0
0.197629 -0.050977 0.290668 255 0 0
0.072534 -0.188785 -0.578770 255 0 0
-0.125477 0.184547 -0.630161 255 0 0
0.160124 0.300837 -0.356902 255 0 0
0.070761 0.364604 0.193861 255 0 0
-0.146997 0.281488 -0.003633 255 0 0
0.111646 0.324485 -0.044898 255 0 0
-0.103044 -0.302990 -0.623234 255 0 0
0.082637 -0.012112 0.739329 255 0 0
-0.205037 0.198028 -0.380140 255 0 0
-0.184607 -0.120438 0.110420 255 0 0
-0.206556 0.078800 -0.177427 255 0 0
0.067028 0.257104 0.540045 255 0 0
0.220851 0.003263 -0.329311 255 0 0
0.018118 -0.067957 -0.591922 255 0 0
0.109599 -0.312844 -0.615447 255 0 0
-0.090044 0.372050 -0.261348 255 0 0
-0.215365 0.136182 -0.329794 255 0 0
0.200837 0.031842 -0.552143 255 0 0
-0.094352 -0.114647 0.686883 255 255 255
0.095795 0.284754 -0.588764 255 0 0
-0.100169 0.124893 0.621746 255 0 0
-0.041697 0.275899 -0.638535 255 0 0
-0.147287 -0.243408 0.191710 255 0 0
0.200509 0.124541 0.105768 255 0 0
-0.153891 0.292115 -0.086998 255 0 0
-0.209539 -0.057425 0.131794 255 0 0
-0.125669 -0.354296 -0.517335 255 0 0
0.103263 0.021116 -0.640562 255 0 0
-0.200561 0.049326 0.036109 255 0 0
0.031966 -0.131320 0.825178 255 0 0
-0.075379 -0.174731 -0.580411 255 0 0
0.120805 -0.472737 0.065034 255 255 255
0.087108 -0.120804 0.698934 255 255 255
0.083431 -0.061770 0.773603 255 255 255
0.097846 0.313480 0.327992 255 0 0
0.196294 -0.081276 0.100263 255 0 0
0.209043 0.178242 -0.352087 255 0 0
-0.069852 -0.148566 0.797128 255 255 255
-0.163408 -0.114750 -0.555590 255 0 0
-0.160802 -0.469736 -0.455682 255 255 255
0.185999 -0.141316 -0.099492 255 0 0
-0.219670 -0.066449 -0.390692 255 0 0
0.215059 0.114715 -0.491546 255 0 0
-0.109713 0.272968 0.419561 255 0 0
-0.015567 -0.243951 -0.211449 255 0 0
0.211142 -0.016986 -0.502513 255 0 0
0.196360 -0.123597 -0.207992 255 0 0
0.143576 0.107258 0.477607 255 0 0
-0.200514 0.045945 0.033568 255 0 0
0.092498 -0.115228 0.672266 255 255 255
-0.182050 -0.153403 0.179031 255 0 0
-0.158354 -0.223888 -0.513355 255 0 0
-0.206358 0.104748 -0.188715 255 0 0
0.040870 0.104199 0.688677 255 0 0
-0.208094 0.144646 0.197095 255 0 0
-0.067805 0.274864 -0.622109 255 0 0
-0.107603 -0.140672 -0.591124 255 0 0
-0.204593 0.138945 -0.195560 255 0 0
0.008948 0.118235 0.827997 255 255 255
0.148893 -0.504288 0.128378 255 255 255
0.039382 -0.152462 -0.375766 255 0 0
0.202258 0.050252 -0.099965 255 0 0
-0.009279 0.258381 0.946052 255 255 255
0.059435 -0.161164 0.736286 255 255 255
0.124632 -0.321930 -0.583379 255 0 0
0.196204 0.174070 -0.147784 255 0 0
-0.227313 0.050856 0.195698 255 0 0
0.116158 -0.474459 0.196472 255 255 255
-0.221328 0.096728 -0.355920 255 0 0
0.148591 -0.166300 -0.377296 255 0 0
-0.172115 0.053854 -0.609695 255 0 0
0.208132 0.005310 -0.211593 255 0 0
-0.063128 -0.104251 0.889214 255 255 255
-0.092411 0.056028 -0.655353 255 0 0
0.068034 0.191751 0.632374 255 255 255
-0.124478 0.240848 0.692616 255 255 255
0.011641 0.413551 -0.310155 255 0 0
0.070088 -0.113601 -0.589514 255 0 0
0.119812 0.199350 0.627308 255 255 255
-0.198020 0.226872 -0.347462 255 0 0
0.139070 -0.160363 0.055167 255 0 0
0.034668 -0.108896 0.836768 255 0 0
-0.107479 0.110450 0.601275 255 0 0
-0.105999 -0.101764 0.615139 255 0 0
0.165604 -0.128958 0.074262 255 0 0
-0.052395 -0.454381 -0.540456 255 0 0
-0.175163 -0.143605 0.238357 255 0 0
-0.215702 0.084051 -0.269104 255 0 0
0.195280 0.144114 -0.087775 255 0 0
0.118037 -0.071249 0.397200 255 0 0
0.197565 0.095301 -0.006119 255 0 0
-0.192922 0.162823 -0.068765 255 0 0
0.024648 0.405130 -0.255673 255 0 0
0.207215 0.189660 -0.311285 255 0 0
0.069929 0.047885 0.726525 255 0 0
-0.200060 -0.043455 0.294036 255 0 0
0.021029 0.280638 -0.639738 255 0 0
0.085877 0.092220 -0.665225 255 0 0
0.210716 0.039149 -0.227548 255 0 0
0.083785 -0.144226 0.356088 255 0 0
0.180605 -0.163917 -0.124532 255 0 0
0.175156 0.268691 -0.439388 255 0 0
0.027682 -0.493393 0.155892 255 255 255
0.123719 0.236055 0.677250 255 255 255
-0.099172 0.342225 0.198424 255 0 0
0.057586 -0.311165 -0.622490 255 0 0
0.187679 0.205558 -0.110743 255 0 0
-0.114986 -0.054149 -0.612777 255 0 0
0.188964 0.171168 -0.554366 255 0 0
0.118121 0.314476 0.011089 255 0 0
-0.052405 -0.174147 0.296686 255 0 0
-0.082200 -0.459357 -0.408318 255 255 255
0.121445 -0.386130 0.106348 255 0 0
0.072939 -0.374528 0.157539 255 0 0
-0.132049 -0.257137 0.206772 255 0 0
0.016403 0.160944 -0.708097 255 0 0
0.191364 -0.127549 0.209845 255 0 0
0.099960 -0.195794 -0.407274 255 255 255
0.106431 -0.262870 0.220750 255 0 0
-0.195391 0.216940 -0.213041 255 0 0
-0.169484 0.264905 -0.123976 255 0 0
0.205621 0.022185 0.072678 255 0 0
-0.165621 -0.120665 0.277394 255 0 0
0.192526 0.018676 0.332510 255 0 0
-0.140293 0.319099 -0.131341 255 0 0
0.147709 0.309814 -0.387105 255 0 0
0.120031 0.074360 -0.644595 255 0 0
-0.065512 -0.347281 -0.488717 255 0 0
0.148086 0.091376 0.462055 255 0 0
0.159833 -0.488525 0.113672 255 255 255
0.170218 0.156827 -0.595831 255 0 0
0.197271 0.227214 -0.383799 255 0 0
-0.153352 -0.073192 0.352196 255 0 0
0.062620 0.358564 -0.475858 255 0 0
0.038567 0.345684 -0.544418 255 0 0
-0.209196 -0.034754 0.119427 255 0 0
0.014807 0.364262 -0.064002 255 0 0
-0.189373 0.186340 0.151551 255 0 0
-0.129262 0.260989 0.348498 255 0 0
-0.117218 -0.044766 0.550525 255 0 0
0.109547 0.193900 0.513027 255 0 0
0.048104 -0.367197 -0.524237 255 0 0
-0.112525 -0.033927 0.535920 255 0 0
0.055469 -0.209405 -0.285572 255 0 0
0.129782 -0.342498 0.111838 255 0 0
0.181382 -0.056578 0.316109 255 0 0
-0.077593 0.330950 0.335992 255 0 0
-0.201139 -0.110416 -0.182960 255 0 0
-0.108644 0.210831 0.502159 255 0 0
0.155574 0.292648 -0.435274 255 0 0
0.025298 0.227636 0.596014 255 0 0
0.087242 0.322477 0.330451 255 0 0
-0.037288 -0.239292 0.038287 255 0 0
-0.166791 -0.093395 0.306007 255 0 0
0.016090 -0.259875 -0.083002 255 0 0
-0.040895 -0.488883 -0.522917 255 255 255
0.010883 -0.171431 0.344212 255 0 0
0.201599 0.086453 0.298678 255 0 0
-0.190498 0.066046 0.340844 255 0 0
-0.197695 0.083250 0.314207 255 0 0
-0.184199 -0.161102 -0.135429 255 0 0
0.113786 -0.361061 0.071768 255 0 0
0.038705 -0.469392 -0.524193 255 0 0
0.180731 0.177385 -0.567755 255 0 0
0.132236 0.249005 0.354192 255 0 0
-0.109816 0.330804 -0.464269 255 0 0
0.207859 0.168792 -0.498612 255 0 0
0.135550 0.209376 0.410235 255 0 0
-0.188551 0.251907 -0.393184 255 0 0
0.017954 0.061902 0.844004 255 0 0
0.166132 -0.195639 0.167536 255 0 0
-0.085035 0.076560 0.664884 255 0 0
-0.202231 0.063004 -0.106875 255 0 0
0.211173 0.157063 -0.457204 255 0 0
0.031737 0.237997 0.583808 255 0 0
-0.220655 0.035804 0.148320 255 0 0
0.101239 0.204427 -0.642079 255 0 0
0.122959 0.086430 -0.644186 255 0 0
-0.121107 0.339442 -0.168753 255 0 0
-0.193838 0.220683 -0.206927 255 0 0
-0.200344 0.082382 -0.070274 255 0 0
0.182991 0.262221 -0.194312 255 0 0
0.209017 0.083426 0.113849 255 0 0
0.201136 0.141951 0.262321 255 0 0
-0.188839 0.221724 -0.166467 255 0 0
-0.197829 -0.110906 0.147429 255 0 0
-0.007047 0.273611 -0.650159 255 0 0
0.008760 -0.080584 0.919140 255 0 0
-0.086486 -0.076183 -0.609663 255 0 0
-0.006974 0.102287 0.850091 255 0 0
-0.019639 0.181600 -0.703612 255 0 0
0.166844 0.236678 0.110720 255 0 0
-0.008018 0.212408 -0.695932 255 0 0
0.097973 0.279136 -0.592373 255 0 0
-0.139503 0.295373 0.024183 255 0 0
-0.220209 0.066432 0.166516 255 0 0
0.168501 0.145231 0.359075 255 0 0
0.200824 0.210888 -0.402772 255 0 0
0.230575 0.021101 0.192910 255 0 0
-0.115651 0.235070 0.459236 255 0 0
0.197066 0.220305 -0.457064 255 0 0
0.123427 -0.166230 0.274431 255 0 0
-0.023351 -0.030688 0.925258 255 255 255
-0.126737 -0.362425 -0.516050 255 0 0
0.207853 0.118938 0.140920 255 0 0
0.057183 -0.002102 0.787702 255 0 0
-0.207876 0.009765 -0.203096 255 0 0
-0.201958 -0.020258 0.302543 255 0 0
0.017871 -0.139037 -0.428819 255 0 0
0.041629 -0.129467 0.405543 255 0 0
0.107289 0.212900 0.685985 255 255 255
0.122706 -0.010844 0.476186 255 0 0
-0.213494 0.132661 -0.287330 255 0 0
0.060953 0.289992 0.520978 255 0 0
0.228794 -0.006510 0.197166 255 0 0
-0.190647 0.086381 0.331164 255 0 0
-0.137909 -0.456234 -0.424989 255 255 255
-0.191681 -0.118012 -0.501060 255 0 0
-0.112501 0.302681 0.311112 255 0 0
0.201231 -0.063017 -0.287319 255 0 0
-0.178407 0.226407 -0.063849 255 0 0
-0.170496 -0.497974 -0.474756 255 255 255
0.182107 0.278059 -0.243322 255 0 0
0.071395 0.039718 0.737757 255 0 0
0.030385 -0.256047 -0.112606 255 0 0
0.201811 -0.107344 -0.465920 255 0 0
-0.200460 0.136901 0.127602 255 0 0
0.109660 0.132259 0.566360 255 0 0
0.130960 0.134456 0.496680 255 0 0
0.065491 0.363536 -0.417607 255 0 0
-0.006127 0.192027 0.633297 255 0 0
0.180167 -0.168795 -0.168432 255 0 0
-0.102124 0.279711 -0.585891 255 0 0
0.046090 0.394686 -0.278319 255 0 0
-0.192501 0.222267 -0.198874 255 0 0
-0.127247 -0.359808 0.102226 255 0 0
0.058881 -0.221509 -0.567824 255 0 0
-0.187312 0.205906 0.189885 255 0 0
-0.210131 0.155919 -0.283902 255 0 0
0.183813 0.263237 -0.390864 255 0 0
0.049106 0.196086 0.632661 255 255 255
0.126822 -0.350274 -0.542116 255 0 0
-0.166278 0.294675 -0.203691 255 0 0
0.069303 0.374885 -0.356372 255 0 0
-0.140524 0.010656 0.457175 255 0 0
0.173984 0.268281 -0.147135 255 0 0
-0.175237 0.240690 -0.087969 255 0 0
-0.226315 0.003127 -0.423437 255 0 0
0.196350 0.030138 0.324389 255 0 0
-0.028017 -0.493088 0.106095 255 255 255
0.089947 0.369070 -0.320606 255 0 0
0.041935 -0.141453 -0.486471 255 0 0
-0.070807 -0.132355 0.618258 255 255 255
0.023781 -0.176348 0.310955 255 0 0
0.136547 0.146488 0.471399 255 0 0
0.202893 0.133647 -0.172614 255 0 0
-0.021622 -0.033573 0.926845 255 255 255
-0.180430 0.261337 -0.433861 255 0 0
-0.184851 0.094872 -0.601994 255 0 0
0.196388 0.151078 0.271892 255 0 0
-0.123687 -0.207412 0.076469 255 0 0
-0.113068 0.100801 -0.653316 255 0 0
0.197035 -0.072667 0.093502 255 0 0
-0.065841 -0.317239 -0.629187 255 0 0
-0.060461 -0.252727 -0.104758 255 0 0
-0.178715 0.096306 0.362774 255 0 0
0.219073 0.086238 -0.311725 255 0 0
0.218008 0.070432 -0.504814 255 0 0
-0.198329 0.139436 0.274383 255 0 0
0.014192 0.169295 0.931759 255 255 255
-0.091165 0.282094 0.475356 255 0 0
-0.017467 0.335056 -0.572596 255 0 0
-0.185498 -0.033321 -0.562216 255 0 0
0.146647 -0.269220 -0.527458 255 0 0
-0.096820 0.222821 0.521674 255 0 0
0.126204 0.211028 -0.617410 255 0 0
-0.213007 0.150537 -0.355137 255 0 0
0.085664 -0.318634 -0.632005 255 0 0
0.137430 -0.286150 0.183997 255 0 0
0.120775 0.150696 0.514088 255 0 0
0.080001 -0.065745 0.800541 255 255 255
-0.010394 -0.227356 -0.281389 255 0 0
0.189867 -0.095459 -0.337221 255 0 0
-0.141304 -0.492494 0.187273 255 255 255
-0.119474 -0.267418 -0.434063 255 0 0
-0.155304 -0.491844 0.101209 255 255 255
-0.081753 -0.242725 -0.060338 255 0 0
0.229822 0.002455 0.200291 255 0 0
-0.198122 0.156351 0.245696 255 0 0
0.068705 -0.020915 0.773104 255 0 0
0.203412 -0.084295 -0.366791 255 0 0
-0.157650 -0.237497 -0.507844 255 0 0
0.208382 0.136610 -0.232096 255 0 0
0.075394 0.377455 -0.323290 255 0 0
-0.010442 0.371956 -0.111580 255 0 0
0.140951 -0.472418 -0.518861 255 255 255
-0.092485 0.040542 0.693114 255 0 0
0.127205 -0.217616 0.236229 255 0 0
-0.033465 -0.091635 -0.574547 255 0 0
0.197116 0.054422 0.318320 255 0 0
0.116165 -0.224794 -0.146939 255 0 0
-0.044658 0.276513 0.546777 255 0 0
-0.195910 -0.134183 -0.145013 255 0 0
-0.071957 0.304942 -0.582661 255 0 0
0.088180 0.363164 -0.186387 255 0 0
0.119648 0.020757 0.595733 255 0 0
-0.023326 -0.044512 0.921517 255 255 255
0.145773 0.169735 0.417877 255 0 0
-0.107355 -0.149894 -0.590124 255 0 0
-0.071910 -0.137366 0.380501 255 0 0
0.009012 -0.183059 0.283448 255 0 0
-0.075578 -0.347219 0.048190 255 255 255
0.148210 0.104988 -0.630713 255 0 0
0.079696 0.197427 0.595126 255 255 255
-0.168254 0.243250 0.045497 255 0 0
-0.130357 -0.330635 0.085175 255 0 0
0.006356 0.364633 -0.512555 255 0 0
0.139211 -0.110090 -0.579478 255 0 0
0.186413 0.179634 -0.004502 255 0 0
-0.011222 0.087302 0.903374 255 0 0
-0.198667 -0.107507 -0.138635 255 0 0
0.076257 -0.365681 0.056059 255 0 0
-0.184994 0.154488 -0.576042 255 0 0
-0.222237 0.083918 -0.418829 255 0 0
-0.043062 0.369915 -0.133825 255 0 0
0.207960 -0.104779 -0.404898 255 0 0
0.053898 0.357681 -0.086885 255 0 0
-0.141812 -0.024980 -0.607700 255 0 0
-0.078820 -0.292473 -0.628655 255 0 0
0.207594 -0.028543 -0.266091 255 0 0
-0.030313 0.391171 0.169147 255 0 0
-0.149791 0.287439 0.222726 255 0 0
-0.178756 0.276197 -0.362434 255 0 0
-0.200111 0.134667 -0.134803 255 0 0
0.137922 -0.182066 -0.565582 255 0 0
0.194906 -0.041661 0.028794 255 0 0
0.042597 -0.027028 -0.628538 255 0 0
-0.057069 -0.054728 -0.616058 255 0 0
-0.067450 -0.296257 0.189815 255 0 0
-0.154322 -0.251065 0.162928 255 0 0
0.197397 -0.032654 0.302415 255 0 0
0.013821 0.392931 0.097335 255 0 0
0.082910 0.305892 0.457320 255 0 0
0.085923 -0.091172 -0.602653 255 0 0
0.080859 -0.076222 0.802269 255 255 255
-0.186227 0.187847 -0.025641 255 0 0
-0.052111 -0.112985 0.898811 255 255 255
0.157881 0.110597 0.422175 255 0 0
0.160143 -0.221209 -0.507039 255 0 0
-0.105019 0.111049 0.611987 255 0 0
-0.152526 -0.097285 0.323433 255 0 0
-0.137873 0.244984 -0.582559 255 0 0
-0.096663 -0.490808 0.051698 255 255 255
0.044148 -0.450301 0.086220 255 255 255
0.119070 -0.003177 0.534403 255 0 0
0.192783 0.153915 0.097046 255 0 0
-0.033121 0.367858 0.045425 255 0 0
-0.209820 0.171917 -0.372257 255 0 0
-0.124314 -0.268978 -0.596983 255 0 0
-0.120484 -0.405549 -0.546602 255 0 0
0.100902 0.331559 -0.487793 255 0 0
-0.152175 0.171355 0.394315 255 0 0
-0.200667 -0.006807 0.311572 255 0 0
0.088068 0.371557 -0.313571 255 0 0
0.131182 -0.258199 0.210712 255 0 0
0.042887 0.279332 0.544595 255 0 0
0.123957 0.026693 0.554134 255 0 0
-0.053069 0.382997 -0.363122 255 0 0
-0.205880 0.006126 -0.172066 255 0 0
0.147540 -0.501864 0.095462 255 255 255
-0.063354 -0.022875 0.795752 255 0 0
0.117827 0.325496 -0.074112 255 0 0
0.190156 0.169909 0.103600 255 0 0
-0.231750 0.026612 0.222353 255 0 0
-0.188332 0.167372 0.065325 255 0 0
-0.184802 0.202310 -0.535911 255 0 0
-0.215533 0.089776 -0.269509 255 0 0
-0.109617 -0.327202 -0.613297 255 0 0
0.193218 -0.123796 -0.229416 255 0 0
0.021731 0.353633 0.496018 255 0 0
-0.101332 -0.070552 0.429204 255 0 0
-0.067789 0.338309 0.349938 255 0 0
-0.123625 0.289937 0.306751 255 0 0
-0.211426 0.085023 -0.230480 255 0 0
0.009036 -0.151460 0.907050 255 255 255
0.123497 0.024774 0.560459 255 0 0
0.038255 -0.317616 0.150763 255 0 0
-0.166191 0.297518 -0.317093 255 0 0
0.221401 0.039881 0.146759 255 0 0
0.119894 0.215316 0.463203 255 0 0
0.042884 -0.265160 0.129574 255 0 0
-0.137156 -0.049843 0.397702 255 0 0
-0.148689 0.299627 -0.089656 255 0 0
0.085961 -0.140728 0.360943 255 0 0
0.223041 0.002160 0.261687 255 0 0
0.172704 0.170965 -0.585927 255 0 0
0.118209 0.179564 0.501238 255 0 0
-0.087949 -0.216291 0.013826 255 0 0
-0.186595 -0.010950 -0.569830 255 0 0
-0.108964 -0.012070 0.676094 255 0 0
0.158249 -0.132186 0.058818 255 0 0
-0.014334 0.148451 0.670290 255 0 0
-0.212807 0.151457 -0.328113 255 0 0
0.165083 0.056511 0.418738 255 0 0
-0.097271 0.272850 -0.597889 255 0 0
-0.145817 -0.483450 0.165508 255 255 255
-0.198101 -0.067863 -0.107641 255 0 0
0.184189 -0.094016 -0.532313 255 0 0
0.192997 -0.109637 0.240699 255 0 0
-0.067638 -0.473675 -0.545544 255 0 0
-0.068295 -0.158746 0.762605 255 255 255
-0.223074 -0.005116 0.260138 255 0 0
-0.147482 0.110255 0.463290 255 0 0
0.193829 -0.093061 -0.091575 255 0 0
0.195423 0.194606 -0.169741 255 0 0
0.152775 -0.095664 -0.571974 255 0 0
0.201795 0.212373 -0.372326 255 0 0
0.027445 0.385698 0.088805 255 0 0
-0.192121 -0.068727 0.064343 255 0 0
0.188364 0.203603 -0.114347 255 0 0
-0.144947 -0.449703 -0.475376 255 255 255
0.048414 -0.390400 -0.546384 255 0 0
0.017174 0.083364 0.723469 255 0 0
-0.104373 -0.447790 0.070715 255 255 255
0.153835 0.302942 -0.386429 255 0 0
0.072118 -0.336075 0.168185 255 0 0
0.089392 0.063272 0.665641 255 0 0
0.169671 0.242640 0.236382 255 0 0
-0.209384 0.067862 -0.210106 255 0 0
0.155944 -0.202470 -0.399605 255 0 0
0.207478 -0.029431 -0.255258 255 0 0
0.200985 0.187581 -0.504364 255 0 0
0.184912 0.270502 -0.315798 255 0 0
-0.193780 -0.126269 -0.383862 255 0 0
0.034901 -0.159049 0.370522 255 0 0
-0.191469 0.185291 0.161599 255 0 0
-0.145581 0.063779 0.474586 255 0 0
-0.094585 -0.062686 0.533627 255 0 0
0.127622 -0.262086 -0.589085 255 0 0
-0.040367 0.364284 -0.483075 255 0 0
0.015309 0.032686 -0.654952 255 0 0
0.030198 -0.259237 -0.041565 255 0 0
-0.055969 -0.376723 -0.601620 255 0 0
-0.197127 0.107429 -0.025018 255 0 0
0.213157 0.005907 0.116187 255 0 0
-0.121751 0.207745 0.466431 255 0 0
0.084795 -0.206732 -0.257013 255 0 0
0.156311 0.297895 -0.399404 255 0 0
-0.130474 0.343766 -0.268238 255 0 0
0.168488 0.237508 0.021332 255 0 0
-0.178360 -0.157240 -0.092939 255 0 0
0.223264 0.028950 -0.335625 255 0 0
0.058163 -0.453113 0.161308 255 0 0
-0.186596 0.196365 0.155661 255 0 0
0.197626 0.109465 0.302060 255 0 0
-0.188870 0.169915 -0.003405 255 0 0
-0.019078 0.380939 -0.418723 255 0 0
0.222338 -0.046935 0.212149 255 0 0
0.213740 -0.030495 -0.483368 255 0 0
-0.048780 -0.155880 0.893741 255 255 255
-0.185320 -0.158971 -0.195236 255 0 0
0.145491 -0.473386 -0.420511 255 255 255
-0.220095 0.099177 -0.330095 255 0 0
0.091148 -0.105178 0.751678 255 255 255
0.130281 -0.248399 -0.583422 255 0 0
-0.167704 -0.176021 -0.391374 255 0 0
-0.111732 0.103847 0.588520 255 0 0
0.220008 0.003457 -0.470895 255 0 0
0.170586 0.287892 -0.173253 255 0 0
-0.041352 0.389190 -0.215490 255 0 0
-0.098687 0.136518 -0.658364 255 0 0
-0.007057 0.347551 -0.553978 255 0 0
0.041993 -0.360415 0.138346 255 0 0
-0.168449 -0.179786 -0.122323 255 0 0
0.137499 0.300424 -0.485753 255 0 0
0.073791 0.031551 -0.652425 255 0 0
0.031548 -0.149084 -0.388312 255 0 0
-0.002681 0.089536 -0.750804 255 255 255
0.164393 -0.105720 -0.554708 255 0 0
-0.107101 0.102823 0.610003 255 0 0
-0.186252 -0.044710 -0.555596 255 0 0
-0.057931 -0.073115 -0.604737 255 0 0
0.102139 -0.332604 0.170174 255 0 0
-0.169743 -0.118807 0.068477 255 0 0
0.025552 0.371503 -0.122330 255 0 0
-0.041181 -0.476821 -0.526061 255 0 0
0.079397 0.198970 0.605001 255 255 255
0.083450 -0.340970 0.168493 255 0 0
0.199977 0.013750 0.000288 255 0 0
0.085170 -0.239812 -0.145842 255 0 0
-0.199667 0.168812 0.210636 255 0 0
0.075094 0.143714 0.657745 255 255 255
0.041324 -0.117789 0.839160 255 0 0
0.200691 0.213094 -0.392514 255 0 0
-0.084141 -0.308065 0.189822 255 0 0
-0.173383 0.241335 -0.066312 255 0 0
0.104431 0.323791 0.006886 255 0 0
0.100410 -0.391117 -0.589701 255 0 0
-0.021334 -0.122450 0.913376 255 255 255
0.172976 0.099979 0.375461 255 0 0
0.080460 0.340620 0.269372 255 0 0
0.214252 0.137522 -0.406815 255 0 0
0.114497 -0.085709 -0.601354 255 0 0
-0.201301 0.145885 -0.166993 255 0 0
0.110081 -0.023327 0.500031 255 0 0
-0.156589 -0.234555 -0.513289 255 0 0
0.203032 0.211698 -0.348912 255 0 0
0.152853 0.059983 0.452353 255 0 0
-0.215097 0.082109 0.265892 255 0 0
0.056575 0.222869 -0.667980 255 0 0
-0.010127 0.135481 0.921048 255 255 255
0.171508 -0.134519 -0.029028 255 0 0
-0.052343 0.351534 -0.014306 255 0 0
0.040909 -0.463328 0.160514 255 255 255
0.170319 -0.185447 0.150032 255 0 0
-0.210275 -0.005720 0.112537 255 0 0
0.172802 -0.169619 -0.509891 255 0 0
-0.030744 -0.165009 0.360066 255 0 0
0.027796 0.374700 -0.138655 255 0 0
0.018012 -0.145598 -0.400571 255 0 0
0.110489 -0.317332 0.176558 255 0 0
-0.120413 0.040123 0.586573 255 0 0
-0.062080 -0.102432 0.870949 255 255 255
0.203511 -0.120413 -0.431876 255 0 0
-0.152924 -0.171692 0.247007 255 0 0
0.092938 -0.454245 0.063935 255 255 255
-0.115127 -0.339207 -0.495957 255 255 255
0.113169 0.295379 -0.551562 255 0 0
-0.150286 0.277293 0.134410 255 0 0
0.001516 -0.198040 0.837232 255 255 255
0.070768 -0.422849 0.154051 255 0 0
-0.199377 -0.114987 -0.207162 255 0 0
0.074336 -0.443162 0.068600 255 255 255
0.067069 0.216888 0.574343 255 0 0
0.136294 -0.199395 -0.050585 255 0 0
-0.176359 0.199908 -0.556964 255 0 0
-0.193126 0.168893 -0.090859 255 0 0
0.096819 0.304563 0.408560 255 0 0
-0.129368 0.136155 0.502767 255 0 0
-0.150438 -0.262401 -0.484342 255 0 0
-0.111799 -0.233983 -0.414962 255 0 0
-0.211476 0.020956 -0.249761 255 0 0
-0.072058 0.176318 0.624205 255 255 255
-0.162717 -0.123320 0.044721 255 0 0
0.196384 -0.132995 -0.156319 255 0 0
-0.054215 -0.244886 0.182903 255 0 0
-0.098021 -0.107107 0.694118 255 255 255
-0.085486 -0.071382 0.777798 255 255 255
-0.198314 0.095476 0.045461 255 0 0
-0.189389 0.195539 0.238831 255 0 0
-0.041340 -0.166212 0.343440 255 0 0
-0.092574 -0.258763 0.220265 255 0 0
-0.158966 0.250664 -0.541636 255 0 0
-0.098316 -0.050538 0.474392 255 0 0
-0.112213 -0.099429 0.379942 255 0 0
-0.152736 -0.237196 0.183316 255 0 0
-0.032575 -0.260275 -0.056779 255 0 0
0.136744 -0.204692 -0.181321 255 0 0
-0.095993 -0.018652 -0.629554 255 0 0
0.174395 -0.173430 0.165495 255 0 0
0.187786 -0.140240 0.191818 255 0 0
-0.199542 -0.017318 0.061983 255 0 0
-0.017660 0.378483 0.428528 255 0 0
-0.191510 0.230831 -0.463109 255 0 0
-0.108987 0.085396 0.612609 255 0 0
-0.091244 0.356707 -0.375589 255 0 0
-0.216185 0.089971 -0.543954 255 0 0
-0.215641 -0.085378 -0.432965 255 0 0
-0.196568 0.232011 -0.311105 255 0 0
0.189336 -0.144934 -0.208911 255 0 0
-0.040676 -0.191724 0.240247 255 0 0
-0.055217 -0.112744 -0.574556 255 0 0
0.052325 0.388089 -0.340082 255 0 0
0.076982 -0.216301 -0.596786 255 0 0
-0.055518 -0.223588 -0.533038 255 0 0
-0.100562 -0.074132 0.424755 255 0 0
-0.020569 0.062943 0.840917 255 0 0
0.170690 -0.132934 -0.024524 255 0 0
0.183797 -0.185131 -0.437898 255 0 0
0.163822 -0.081644 0.322326 255 0 0
-0.182818 -0.144568 -0.090828 255 0 0
-0.001208 -0.167654 -0.357087 255 0 0
0.195912 0.125038 -0.053046 255 0 0
0.178984 0.247320 -0.134093 255 0 0
0.112543 -0.447375 -0.540925 255 255 255
-0.115282 -0.433151 0.142477 255 0 0
0.199906 0.152751 -0.162592 255 0 0
0.203477 0.149562 0.176537 255 0 0
0.208232 -0.006514 -0.520198 255 0 0
0.088671 -0.120834 0.674444 255 255 255
0.046713 -0.510570 -0.489247 255 255 255
-0.005455 0.336933 -0.570786 255 0 0
-0.062420 -0.103573 0.859566 255 255 255
-0.153333 -0.254686 0.169434 255 0 0
0.172046 0.278904 -0.406279 255 0 0
0.223200 -0.045656 -0.406722 255 0 0
0.180708 0.124422 0.336826 255 0 0
-0.222939 -0.032608 0.236109 255 0 0
0.078106 -0.141720 0.367483 255 0 0
0.123002 -0.288160 -0.596731 255 0 0
0.157275 -0.237681 -0.493465 255 0 0
0.174958 0.049308 0.386073 255 0 0
0.148842 0.249447 -0.560768 255 0 0
-0.100024 0.330506 -0.494993 255 0 0
-0.193388 -0.142760 -0.151099 255 0 0
0.114350 0.299259 -0.542504 255 0 0
0.186155 0.256378 -0.404577 255 0 0
-0.115449 0.318237 0.089971 255 0 0
-0.093570 -0.208770 0.039634 255 0 0
0.103187 0.277862 0.438368 255 0 0
-0.130234 -0.184952 0.072826 255 0 0
0.010881 0.145743 0.671593 255 0 0
0.016817 -0.046188 0.922261 255 255 255
-0.186714 0.173393 0.086464 255 0 0
-0.141064 -0.155002 0.271783 255 0 0
0.224157 -0.009509 -0.428091 255 0 0
0.108380 -0.046199 -0.615677 255 0 0
-0.187462 0.196822 0.161608 255 0 0
0.055235 0.381757 -0.361374 255 0 0
0.158626 0.302347 -0.161619 255 0 0
-0.210654 0.012737 -0.244183 255 0 0
0.097079 0.219094 0.674398 255 255 255
-0.147305 -0.185284 -0.049796 255 0 0
0.002785 0.224822 0.935682 255 255 255
-0.130681 0.236097 0.388737 255 0 0
0.129007 -0.285684 -0.585320 255 0 0
0.212465 0.152259 -0.383879 255 0 0
-0.153175 -0.498126 -0.504934 255 255 255
-0.161859 -0.466872 -0.467487 255 255 255
0.075044 0.155720 -0.670872 255 0 0
0.115720 -0.226471 -0.593977 255 0 0
-0.078811 -0.138842 0.755742 255 255 255
0.108834 0.127365 -0.654013 255 0 0
0.198607 -0.026265 -0.069353 255 0 0
0.112986 -0.070207 0.571102 255 0 0
-0.127107 -0.053727 -0.606915 255 0 0
-0.104866 -0.014395 0.696664 255 0 0
0.127866 -0.335684 -0.549608 255 0 0
0.054342 -0.151273 -0.533310 255 0 0
-0.173864 0.284973 -0.366434 255 0 0
0.081843 0.358145 0.180342 255 0 0
-0.006135 -0.112807 0.917366 255 255 255
0.060752 -0.396234 -0.493746 255 0 0
0.172990 0.227351 0.035805 255 0 0
0.066260 -0.506499 -0.432452 255 255 255
0.118490 0.335024 -0.383678 255 0 0
0.002007 -0.154119 0.893089 255 255 255
-0.017862 0.140933 0.966152 255 255 255
-0.205226 -0.055698 -0.506050 255 0 0
0.203971 -0.061394 -0.318586 255 0 0
-0.025044 0.126501 -0.689348 255 0 0
-0.040022 -0.331964 0.088769 255 0 0
-0.210725 0.096296 -0.228019 255 0 0
-0.004808 0.382645 0.267867 255 0 0
0.117037 0.318550 0.106536 255 0 0
-0.221824 0.055302 -0.306929 255 0 0
-0.008978 0.079700 0.800121 255 0 0
0.026699 -0.239132 -0.234518 255 0 0
-0.142729 -0.171609 -0.017620 255 0 0
-0.200941 -0.087525 -0.148496 255 0 0
-0.217888 -0.080352 -0.430286 255 0 0
-0.089946 0.338526 0.253755 255 0 0
0.066481 0.031599 -0.653432 255 0 0
0.192035 -0.063887 0.055627 255 0 0
0.112617 -0.356090 0.152409 255 0 0
0.106853 -0.065964 0.688436 255 255 255
-0.008021 0.050085 -0.662477 255 0 0
-0.112850 -0.509396 0.076277 255 255 255
0.189053 0.212574 -0.139596 255 0 0
0.025056 -0.138224 0.882798 255 255 255
-0.033663 0.339492 -0.555663 255 0 0
-0.006569 -0.240309 0.071027 255 0 0
-0.056342 -0.150716 0.677753 255 255 255
0.202495 0.083981 -0.567739 255 0 0
-0.218719 0.111718 -0.402200 255 0 0
0.062583 0.347382 0.010544 255 0 0
-0.000559 -0.255705 -0.129897 255 0 0
-0.186599 0.173331 0.033357 255 0 0
0.019341 0.158708 0.939200 255 255 255
-0.131333 -0.216656 -0.106194 255 0 0
0.101773 0.083427 0.632758 255 0 0
-0.195313 -0.089737 -0.278773 255 0 0
0.092793 -0.377653 -0.607872 255 0 0
0.041018 -0.368707 0.100921 255 0 0
0.200708 0.025187 0.014001 255 0 0
0.168949 -0.002056 0.386029 255 0 0
-0.110776 -0.448676 -0.544673 255 0 0
0.015310 0.204423 0.949055 255 255 255
-0.207873 0.003644 -0.210043 255 0 0
0.118406 -0.019013 -0.621893 255 0 0
0.072725 0.365296 0.170369 255 0 0
0.190598 0.154297 0.290266 255 0 0
-0.099903 -0.209031 0.056105 255 0 0
0.139967 -0.507162 -0.470115 255 255 255
-0.109174 -0.083790 0.656242 255 0 0
0.082136 -0.047769 0.765178 255 255 255
-0.048855 0.365440 0.064366 255 0 0
-0.192882 -0.106479 -0.363297 255 0 0
0.131085 -0.298947 -0.574866 255 0 0
0.144419 -0.101204 0.330416 255 0 0
-0.214297 -0.100446 -0.410013 255 0 0
0.044175 -0.157647 0.691957 255 255 255
0.009591 0.370196 0.320652 255 0 0
-0.163453 -0.134087 0.078329 255 0 0
-0.176937 0.255097 -0.156193 255 0 0
-0.132021 0.277294 0.310646 255 0 0
0.121315 -0.392900 0.106293 255 0 0
-0.143928 0.285913 -0.520585 255 0 0
0.068677 0.373006 -0.191688 255 0 0
0.212787 0.065149 -0.247115 255 0 0
-0.043761 -0.139318 -0.512966 255 0 0
-0.084050 -0.512887 -0.498166 255 255 255
0.160206 -0.191714 -0.152659 255 0 0
-0.179386 0.173555 -0.572144 255 0 0
-0.206495 0.112040 0.269839 255 0 0
0.138937 0.290706 -0.023317 255 0 0
0.108318 0.248296 -0.610282 255 0 0
-0.206955 -0.032494 -0.263919 255 0 0
-0.225384 0.034772 0.250130 255 0 0
-0.043520 0.287826 -0.622761 255 0 0
0.146095 -0.149846 0.274214 255 0 0
0.203118 0.054727 -0.118552 255 0 0
-0.113209 0.012536 0.637170 255 0 0
-0.065837 -0.427933 0.072007 255 0 0
-0.181997 0.256862 -0.200896 255 0 0
0.087795 -0.369570 -0.616224 255 0 0
-0.208126 -0.017492 0.292663 255 0 0
0.141777 0.277468 0.280320 255 0 0
0.180016 -0.193092 -0.436307 255 0 0
0.121050 0.284352 0.342451 255 0 0
0.072138 -0.245195 -0.134812 255 0 0
0.003403 0.080917 -0.760064 255 255 255
-0.048416 -0.385824 0.139450 255 0 0
0.218214 -0.057499 0.221653 255 0 0
-0.116649 -0.389935 -0.570483 255 0 0
-0.142715 -0.170300 0.256276 255 0 0
-0.175811 0.274219 -0.207335 255 0 0
-0.218122 0.082599 0.249961 255 0 0
-0.039830 0.028395 0.821694 255 0 0
0.005785 0.054256 0.972042 255 255 255
0.219211 -0.054094 0.224611 255 0 0
-0.107071 -0.499276 -0.386801 255 255 255
-0.127493 -0.197548 -0.222186 255 0 0
0.091108 -0.087147 0.419800 255 0 0
-0.062234 -0.508394 0.147194 255 255 255
-0.055432 0.282020 0.531666 255 0 0
-0.198640 0.004086 -0.034420 255 0 0
-0.205083 0.108551 -0.175984 255 0 0
-0.188039 -0.161083 -0.177157 255 0 0
-0.102877 0.338440 -0.439591 255 0 0
0.081416 -0.092957 0.424008 255 0 0
0.049106 -0.266639 -0.519435 255 0 0
0.184394 0.066330 0.353359 255 0 0
-0.021453 0.147357 -0.695262 255 0 0
0.205034 0.046095 0.063541 255 0 0
-0.152843 0.204153 0.351340 255 0 0
0.196762 0.104316 -0.020454 255 0 0
0.205396 0.108813 0.115916 255 0 0
0.149539 -0.250435 -0.451888 255 0 0
0.059786 -0.095555 0.847440 255 0 0
0.216236 0.063200 0.136234 255 0 0
0.205343 0.075974 0.092943 255 0 0
0.076894 0.211634 0.651814 255 255 255
0.161564 -0.134034 0.007588 255 0 0
-0.041552 0.395916 -0.264421 255 0 0
-0.037785 0.387412 -0.203091 255 0 0
0.167399 0.235900 0.103702 255 0 0
0.014946 0.228135 -0.686615 255 0 0
-0.013916 -0.043709 -0.611699 255 0 0
0.005507 -0.086157 0.789368 255 255 255
0.044527 -0.285691 -0.547132 255 0 0
0.185642 -0.152333 -0.482988 255 0 0
-0.032965 -0.194818 0.838114 255 255 255
0.102574 -0.040659 0.497939 255 0 0
-0.116138 -0.376922 -0.581176 255 0 0
0.156078 0.294101 -0.423108 255 0 0
0.171851 -0.496403 -0.468224 255 255 255
0.027065 -0.122211 0.573741 255 255 255
-0.121887 0.023327 -0.633550 255 0 0
0.100015 0.015410 0.700739 255 0 0
-0.080385 -0.446300 -0.422716 255 255 255
0.122511 -0.357209 0.083166 255 0 0
0.092510 -0.111163 0.724776 255 255 255
-0.079444 -0.082606 0.831313 255 255 255
0.224602 0.021427 0.256803 255 0 0
-0.056894 -0.248710 -0.022285 255 0 0
-0.095638 -0.064855 0.450172 255 0 0
0.196333 0.160264 0.135372 255 0 0
-0.125270 -0.050704 -0.608923 255 0 0
0.191821 -0.092370 -0.292473 255 0 0
0.123289 0.004103 0.558579 255 0 0
0.110922 -0.253842 0.225017 255 0 0
-0.209341 0.076496 0.118094 255 0 0
0.201382 0.117641 -0.140609 255 0 0
0.113734 -0.066865 0.611327 255 0 0
-0.093937 -0.117847 0.663023 255 255 255
-0.211261 -0.092134 -0.442792 255 0 0
0.105596 -0.226912 -0.164441 255 0 0
0.103434 -0.514021 -0.478544 255 255 255
0.169737 0.098666 0.386278 255 0 0
-0.026413 -0.124681 0.910813 255 255 255
0.015576 0.201424 -0.700766 255 0 0
-0.110071 -0.302285 -0.616064 255 0 0
-0.209464 -0.041984 -0.503321 255 0 0
-0.124070 -0.192075 -0.012165 255 0 0
0.161929 -0.467736 -0.467527 255 255 255
-0.092923 0.351782 -0.392286 255 0 0
-0.014049 0.312694 0.538412 255 0 0
0.006714 -0.216798 0.201353 255 0 0
0.077762 0.309963 -0.572912 255 0 0
-0.187028 -0.117888 0.113479 255 0 0
0.103312 -0.510287 0.181907 255 255 255
-0.137489 -0.036860 -0.606445 255 0 0
0.099926 -0.241665 -0.609308 255 0 0
-0.198686 0.081434 0.010277 255 0 0
0.194054 0.182942 0.243635 255 0 0
0.191931 0.077827 -0.588857 255 0 0
0.147945 -0.251686 -0.541610 255 0 0
0.101944 0.353797 -0.352268 255 0 0
0.098632 -0.408210 -0.577283 255 0 0
0.097847 -0.224069 -0.605093 255 0 0
-0.190807 0.159363 -0.005529 255 0 0
0.192478 0.212872 -0.501947 255 0 0
-0.156321 -0.033495 0.387666 255 0 0
0.084598 -0.468649 -0.551691 255 255 255
0.158230 0.009067 0.420347 255 0 0
0.110256 0.357479 -0.242379 255 0 0
-0.026556 0.068345 0.780430 255 0 0
0.205765 0.188414 -0.452765 255 0 0
0.069623 -0.164270 0.806429 255 255 255
-0.028510 0.012213 -0.645834 255 0 0
-0.140063 0.328915 -0.329216 255 0 0
-0.136729 0.314039 -0.425727 255 0 0
0.173746 -0.143377 0.106352 255 0 0
0.143528 -0.152129 -0.565049 255 0 0
0.187839 -0.111318 0.105836 255 0 0
0.194290 -0.046290 -0.003795 255 0 0
-0.176723 0.232736 0.214754 255 0 0
-0.133282 -0.274762 0.082142 255 0 0
-0.198996 0.005768 -0.045278 255 0 0
0.095583 0.291282 -0.581807 255 0 0
0.042043 0.012348 0.844967 255 0 0
-0.059783 -0.308376 0.178409 255 0 0
-0.132129 -0.500388 0.199445 255 255 255
0.204903 -0.028551 -0.177666 255 0 0
0.076829 -0.065898 0.839244 255 0 0
0.185626 0.259652 -0.386873 255 0 0
-0.000383 -0.128465 0.586678 255 255 255
0.202435 0.031058 0.043229 255 0 0
-0.173298 0.274756 -0.186675 255 0 0
-0.222850 0.040481 0.256289 255 0 0
0.222970 0.034381 0.258424 255 0 0
-0.199877 0.121077 -0.115057 255 0 0
0.214838 0.135517 -0.304972 255 0 0
-0.182922 0.199037 0.002911 255 0 0
0.169445 0.253836 -0.510991 255 0 0
-0.164941 0.025908 0.412627 255 0 0
-0.198938 0.145884 0.259067 255 0 0
0.205473 0.089978 -0.169246 255 0 0
-0.154023 -0.186143 0.103931 255 0 0
-0.051455 -0.263972 -0.508506 255 0 0
0.200093 0.169228 -0.184356 255 0 0
-0.213607 0.136815 -0.295252 255 0 0
-0.211079 0.158749 -0.448297 255 0 0
0.032203 0.303949 -0.611472 255 0 0
-0.065223 -0.179790 0.265341 255 0 0
-0.107367 -0.086527 0.665539 255 0 0
0.172856 0.239728 0.227218 255 0 0
0.050269 -0.250945 -0.549231 255 0 0
-0.213862 0.132657 -0.291555 255 0 0
0.057923 -0.121793 0.406755 255 0 0
0.041796 0.003575 0.873956 255 0 0
-0.134311 -0.469301 -0.526819 255 255 255
-0.072168 0.275772 0.516375 255 0 0
-0.169508 -0.139325 -0.030786 255 0 0
-0.188496 0.086074 0.337995 255 0 0
-0.033853 -0.493114 0.081566 255 255 255
0.115956 -0.339790 -0.592859 255 0 0
-0.120976 -0.394388 0.116691 255 0 0
-0.049940 -0.368109 -0.581126 255 0 0
0.121574 -0.186187 0.058961 255 0 0
0.202444 0.010615 -0.108126 255 0 0
0.119435 -0.203455 -0.026588 255 0 0
-0.217362 -0.014513 0.273417 255 0 0
0.035099 -0.165850 0.717605 255 255 255
-0.072798 -0.043637 0.797053 255 0 0
-0.087420 -0.505410 0.199899 255 255 255
-0.081937 -0.244862 -0.119385 255 0 0
0.084666 -0.464634 -0.402837 255 255 255
0.031455 0.287809 0.546843 255 0 0
0.008406 0.334173 -0.575716 255 0 0
-0.145101 -0.127615 -0.569681 255 0 0
0.119766 -0.417145 0.121635 255 0 0
0.083022 -0.436990 0.162703 255 0 0
-0.097289 0.345097 0.162648 255 0 0
0.090628 0.034808 0.709008 255 0 0
-0.085658 -0.506323 0.064327 255 255 255
0.129771 0.337646 -0.329783 255 0 0
0.188585 0.261129 -0.318007 255 0 0
-0.215273 -0.066566 0.179437 255 0 0
0.160586 0.290983 -0.130761 255 0 0
-0.192544 0.194902 -0.519041 255 0 0
0.216495 0.055815 -0.520230 255 0 0
0.031679 0.383045 0.088783 255 0 0
-0.130847 -0.505056 0.140562 255 255 255
-0.173286 0.237811 -0.028741 255 0 0
-0.122285 -0.281270 -0.600213 255 0 0
-0.212437 0.026316 -0.259353 255 0 0
-0.205590 -0.042783 -0.275026 255 0 0
-0.186752 0.191857 0.147464 255 0 0
-0.145315 0.265619 0.677530 255 255 255
-0.103645 -0.230502 -0.156164 255 0 0
0.151945 -0.498542 -0.436947 255 255 255
0.222904 -0.038123 -0.384616 255 0 0
0.078550 -0.102585 0.813090 255 0 0
0.009480 0.382562 -0.423968 255 0 0
-0.127592 0.257900 -0.583426 255 0 0
0.111334 -0.196626 0.007994 255 0 0
0.151158 -0.275540 0.119809 255 0 0
-0.224025 0.011726 -0.457882 255 0 0
-0.013292 -0.101798 0.483870 255 0 0
-0.086416 0.354347 0.147594 255 0 0
0.153394 0.058743 0.450683 255 0 0
0.039571 -0.285598 0.157937 255 0 0
0.149569 0.211861 0.349545 255 0 0
-0.021855 0.371838 -0.118740 255 0 0
-0.204435 0.198762 -0.390664 255 0 0
-0.061927 0.365491 -0.141147 255 0 0
-0.060101 0.368398 0.107082 255 0 0
0.028212 0.369048 0.291093 255 0 0
0.089267 -0.258557 0.059279 255 0 0
0.089054 0.150067 0.644302 255 255 255
-0.121606 -0.482843 -0.391495 255 255 255
0.127303 -0.426432 -0.476849 255 0 0
-0.022031 0.372753 0.380576 255 0 0
0.052174 -0.410683 -0.546982 255 0 0
0.093047 0.338297 0.243812 255 0 0
0.166139 -0.125780 -0.307442 255 0 0
0.118095 -0.408139 0.093489 255 255 255
0.175136 0.220137 0.039534 255 0 0
-0.046201 -0.506989 -0.456438 255 255 255
-0.087345 0.317892 0.389740 255 0 0
-0.175210 -0.171998 -0.124686 255 0 0
-0.029824 0.331913 0.512959 255 0 0
-0.126799 -0.331502 -0.521880 255 255 255
-0.167871 0.245101 0.023302 255 0 0
0.090375 -0.328661 0.043499 255 255 255
0.027670 -0.105088 0.525052 255 255 255
-0.119251 -0.024586 0.608657 255 0 0
0.203514 0.105752 -0.158013 255 0 0
-0.113239 0.081565 0.595531 255 0 0
-0.106234 -0.502104 0.056981 255 255 255
-0.187689 -0.001565 -0.571918 255 0 0
0.113407 -0.482462 -0.390831 255 255 255
-0.081608 0.162800 0.644421 255 255 255
0.107103 0.193302 0.518844 255 0 0
0.102458 0.208440 0.691869 255 255 255
0.002399 0.074154 0.735120 255 0 0
-0.198090 -0.016967 0.031628 255 0 0
0.095955 -0.267468 0.059109 255 0 0
-0.105073 -0.079693 0.697152 255 255 255
0.093816 -0.335103 0.170577 255 0 0
-0.136376 0.158343 0.467276 255 0 0
-0.099001 0.300867 0.381936 255 0 0
-0.112462 -0.497414 0.208432 255 255 255
-0.028052 0.342972 -0.553514 255 0 0
-0.148673 -0.478481 -0.508300 255 255 255
-0.188782 0.199806 -0.108739 255 0 0
0.117529 -0.231839 -0.594522 255 0 0
-0.061828 -0.135903 0.389437 255 0 0
0.120387 0.326676 -0.090211 255 0 0
0.168774 0.264770 -0.105806 255 0 0
-0.043451 -0.126083 -0.542264 255 0 0
0.104454 -0.015529 0.695536 255 0 0
-0.180684 -0.113615 -0.530947 255 0 0
-0.123087 -0.002585 0.562604 255 0 0
0.118231 0.348275 -0.211255 255 0 0
-0.087379 -0.435202 0.068740 255 255 255
-0.178473 0.086779 0.367708 255 0 0
0.116993 -0.434911 -0.533390 255 0 0
-0.141549 0.293324 0.162491 255 0 0
0.122042 0.128833 0.526184 255 0 0
0.144822 0.165533 0.425574 255 0 0
0.183683 0.180017 0.286454 255 0 0
-0.006604 0.380269 0.433509 255 0 0
0.207607 0.188082 -0.353503 255 0 0
0.189654 0.236035 -0.472869 255 0 0
-0.150060 -0.299051 0.125013 255 0 0
-0.100534 -0.044544 0.717565 255 255 255
-0.221524 -0.037768 -0.442908 255 0 0
-0.202416 0.149395 -0.536182 255 0 0
-0.149434 -0.473363 -0.427378 255 255 255
-0.090164 -0.398292 0.066081 255 0 0
-0.025918 -0.259973 -0.093293 255 0 0
0.076787 0.208424 0.655960 255 255 255
0.023700 0.393012 -0.373608 255 0 0
0.197960 -0.065169 -0.104959 255 0 0
-0.200084 -0.028974 0.072242 255 0 0
0.067486 -0.213204 -0.584970 255 0 0
0.124938 0.075433 0.541662 255 0 0
-0.222255 0.000687 -0.344739 255 0 0
0.200325 -0.092209 -0.148325 255 0 0
0.187699 0.209980 -0.522419 255 0 0
-0.177790 0.019944 0.372576 255 0 0
0.118032 -0.286975 -0.457397 255 0 0
0.213053 0.146403 -0.410121 255 0 0
0.111397 -0.078891 0.610256 255 255 255
0.034325 -0.486420 0.079663 255 255 255
-0.021227 -0.163451 0.696673 255 255 255
0.112122 0.009999 0.639048 255 0 0
-0.085586 -0.104245 0.406978 255 0 0
0.206769 0.184311 -0.470951 255 0 0
0.064323 -0.076099 -0.606544 255 0 0
-0.164463 0.284329 -0.144002 255 0 0
0.116623 -0.273056 -0.440231 255 0 0
0.178396 0.260544 -0.157879 255 0 0
0.118904 -0.288410 -0.460235 255 0 0
-0.184292 0.262141 -0.333816 255 0 0
-0.199456 0.135966 0.120888 255 0 0
0.023427 0.368353 0.331480 255 0 0
-0.104393 0.287587 0.410888 255 0 0
-0.126819 -0.433642 -0.514923 255 0 0
0.084142 0.004423 -0.640617 255 0 0
0.202934 -0.052076 -0.159736 255 0 0
-0.088711 -0.108374 0.764445 255 255 255
-0.152929 -0.258461 0.170572 255 0 0
-0.097241 0.344836 0.159715 255 0 0
0.106221 -0.104924 0.380592 255 0 0
-0.136749 0.298419 0.141078 255 0 0
0.170101 0.285588 -0.159485 255 0 0
-0.113631 -0.431734 0.082653 255 255 255
-0.023218 -0.097198 -0.558534 255 0 0
-0.130644 0.177252 -0.629034 255 0 0
-0.115518 0.166206 0.519341 255 0 0
-0.000395 -0.179159 0.306125 255 0 0
0.105294 -0.189376 0.255641 255 0 0
0.190061 -0.161840 -0.451614 255 0 0
-0.094162 -0.418732 0.069035 255 0 0
-0.083641 -0.120867 0.781769 255 255 255
-0.221410 0.094416 -0.397059 255 0 0
0.074208 0.116682 0.668282 255 0 0
-0.072972 0.293260 0.500736 255 0 0
-0.179154 -0.192256 -0.448207 255 0 0
-0.199048 0.002010 -0.049070 255 0 0
0.177461 0.146166 -0.591485 255 0 0
-0.158307 -0.204248 0.191392 255 0 0
0.171624 0.234832 -0.535447 255 0 0
0.050805 -0.319839 -0.611113 255 0 0
0.133845 -0.262052 -0.442173 255 0 0
0.125775 -0.355640 -0.521139 255 0 0
-0.180633 0.261438 -0.431806 255 0 0
0.215213 0.133621 -0.355558 255 0 0
0.212631 -0.028064 -0.321458 255 0 0
-0.159667 0.311518 -0.324069 255 0 0
-0.021349 0.371754 0.294201 255 0 0
-0.004414 -0.058385 -0.846892 255 255 255
-0.058495 -0.173632 -0.497766 255 0 0
-0.185987 0.196050 -0.056081 255 0 0
0.136229 -0.275912 -0.463008 255 0 0
-0.016817 -0.262383 -0.035589 255 0 0
-0.117396 -0.483159 -0.547876 255 255 255
-0.126641 0.321811 -0.434105 255 0 0
0.091518 -0.512509 0.132442 255 255 255
0.002314 0.294726 -0.630450 255 0 0
-0.066220 0.103219 0.675954 255 0 0
-0.167044 0.288690 -0.179568 255 0 0
0.200400 0.046759 -0.000382 255 0 0
-0.109677 0.011697 0.658809 255 0 0
0.131757 0.289521 0.285791 255 0 0
-0.186793 0.256432 -0.390804 255 0 0
0.173427 0.239555 0.223271 255 0 0
0.187827 -0.086648 -0.044652 255 0 0
-0.070463 -0.082104 0.461162 255 0 0
0.061276 0.373540 0.168468 255 0 0
-0.042344 -0.167486 0.336981 255 0 0
0.093293 0.316485 0.336865 255 0 0
-0.206347 -0.007892 -0.187966 255 0 0
-0.044275 0.324817 -0.573637 255 0 0
-0.010710 0.118731 0.977281 255 255 255
-0.223815 -0.044019 -0.415558 255 0 0
0.172040 -0.156479 0.231775 255 0 0
0.091939 -0.504594 0.056144 255 255 255
0.107279 0.324457 0.075949 255 0 0
-0.172372 -0.207925 -0.442786 255 0 0
-0.131525 -0.142076 -0.324287 255 0 0
-0.182213 0.197364 0.127222 255 0 0
-0.059322 -0.412221 0.074038 255 0 0
-0.010791 -0.109908 0.537979 255 255 255
-0.218081 -0.057910 0.181972 255 0 0
0.219261 0.062576 0.148543 255 0 0
-0.083401 0.025978 -0.648908 255 0 0
-0.038276 0.334491 0.503329 255 0 0
-0.031207 -0.233395 0.113755 255 0 0
0.055507 -0.225179 -0.549461 255 0 0
-0.021495 -0.261699 -0.052628 255 0 0
0.199198 0.056995 0.312154 255 0 0
0.129371 -0.321121 -0.526019 255 0 0
-0.085169 -0.127080 0.684524 255 255 255
0.043552 0.383603 0.121678 255 0 0
0.107632 0.328440 -0.480712 255 0 0
0.030850 -0.471392 0.104497 255 255 255
0.124552 -0.179580 0.020823 255 0 0
0.091304 0.341637 -0.073740 255 0 0
-0.160386 0.272037 -0.502357 255 0 0
0.061963 0.353095 0.050447 255 0 0
-0.048085 -0.146119 0.648878 255 255 255
-0.012520 -0.131913 -0.452269 255 0 0
0.127120 -0.220294 -0.113698 255 0 0
-0.212965 -0.025290 -0.503951 255 0 0
-0.186244 0.195326 -0.058594 255 0 0
0.130961 -0.093900 -0.590341 255 0 0
0.206326 0.009097 -0.173978 255 0 0
-0.152649 -0.167855 -0.244409 255 0 0
-0.118331 0.316605 0.100592 255 0 0
-0.137849 -0.247814 0.093827 255 0 0
-0.214101 0.017896 -0.273677 255 0 0
0.057140 0.349144 0.390548 255 0 0
-0.142834 0.174349 0.427490 255 0 0
0.121598 -0.470552 -0.398135 255 255 255
0.183641 -0.109597 -0.043034 255 0 0
-0.132153 -0.165277 0.042232 255 0 0
0.142062 0.272918 0.289757 255 0 0
-0.040890 -0.178963 0.283802 255 0 0
-0.217159 0.053297 -0.541726 255 0 0
0.111758 -0.064481 0.555700 255 0 0
-0.143691 0.290180 0.153705 255 0 0
-0.163258 -0.493711 -0.443149 255 255 255
-0.046674 0.198564 -0.679744 255 0 0
-0.159497 0.295872 -0.143697 255 0 0
-0.183911 0.199602 0.146487 255 0 0
0.162870 -0.472733 -0.458665 255 255 255
0.211233 -0.059964 -0.360560 255 0 0
-0.161900 -0.498910 0.115333 255 255 255
-0.162376 -0.203894 -0.512422 255 0 0
-0.004792 -0.055313 -0.600003 255 0 0
0.194021 -0.129320 -0.395241 255 0 0
-0.216977 0.126683 -0.363968 255 0 0
-0.182414 0.198772 0.017153 255 0 0
-0.085143 -0.096621 -0.602490 255 0 0
-0.169847 -0.155642 -0.378346 255 0 0
-0.015941 -0.216677 0.190524 255 0 0
-0.141169 0.186554 0.623822 255 255 255
0.116079 0.345789 -0.181083 255 0 0
0.010731 0.174775 0.930183 255 255 255
-0.179237 -0.144787 -0.511055 255 0 0
0.142950 -0.279746 -0.492464 255 0 0
-0.001783 -0.254558 -0.139576 255 0 0
0.189574 -0.000847 -0.564923 255 0 0
0.014534 -0.105164 0.841780 255 0 0
0.202944 0.124530 0.119461 255 0 0
0.205106 -0.075685 -0.484618 255 0 0
-0.018905 -0.259751 -0.002144 255 0 0
0.135201 0.069834 0.503691 255 0 0
-0.031795 -0.166975 -0.352759 255 0 0
-0.200744 -0.129385 -0.413176 255 0 0
-0.110560 -0.454947 0.181939 255 255 255
-0.002887 -0.085453 0.788024 255 255 255
-0.018015 -0.212297 -0.306530 255 0 0
0.210175 0.116551 -0.525811 255 0 0
0.157919 -0.174154 0.100231 255 0 0
0.055248 -0.249586 -0.490801 255 0 0
0.189039 -0.114895 -0.371106 255 0 0
0.173026 0.224555 0.131512 255 0 0
0.034770 -0.135052 -0.481681 255 0 0
-0.191503 -0.135005 0.165393 255 0 0
-0.214510 -0.065903 -0.371859 255 0 0
-0.080688 0.339618 0.012789 255 0 0
-0.026459 0.362744 -0.062444 255 0 0
-0.215124 0.137761 -0.343565 255 0 0
0.116428 -0.511049 -0.525597 255 255 255
-0.006654 0.129542 -0.727208 255 255 255
0.034257 -0.494473 0.080688 255 255 255
0.226662 0.039246 0.170198 255 0 0
0.161535 0.161136 -0.604705 255 0 0
0.189118 0.163704 -0.559805 255 0 0
0.100588 -0.291152 -0.622116 255 0 0
-0.085286 0.239406 0.529991 255 0 0
0.083016 0.363099 -0.372296 255 0 0
0.195772 -0.031700 -0.024476 255 0 0
0.038219 -0.324100 0.148242 255 0 0
-0.074192 -0.386166 0.062595 255 0 0
0.198728 -0.075946 -0.274095 255 0 0
0.176233 -0.112251 0.272933 255 0 0
-0.070884 -0.449761 0.068200 255 255 255
0.201735 -0.032137 -0.125443 255 0 0
0.079227 -0.511051 -0.444417 255 255 255
0.145433 0.118259 0.465243 255 0 0
0.207787 -0.103786 -0.437934 255 0 0
0.097004 0.266091 0.476892 255 0 0
-0.168475 -0.216301 -0.458096 255 0 0
0.002755 0.020613 -0.796877 255 255 255
0.218558 -0.019822 -0.464395 255 0 0
0.204597 0.044782 0.058935 255 0 0
0.208785 0.120466 -0.226733 255 0 0
0.068222 -0.159874 0.774232 255 255 255
0.048916 0.363721 0.057844 255 0 0
-0.134199 -0.189735 -0.390796 255 0 0
-0.123483 0.264165 0.371825 255 0 0
-0.142903 -0.201375 -0.560843 255 0 0
0.228375 0.008266 0.237344 255 0 0
0.162367 0.211223 -0.574116 255 0 0
-0.198384 0.147773 -0.555659 255 0 0
0.126610 -0.404134 -0.530353 255 0 0
0.200210 0.217390 -0.250939 255 0 0
-0.006243 -0.205345 0.226089 255 0 0
-0.209563 0.035431 0.103922 255 0 0
0.054250 0.133718 -0.681159 255 0 0
-0.180588 -0.150909 -0.091885 255 0 0
-0.153432 -0.165091 -0.031134 255 0 0
0.062686 -0.112701 0.413475 255 0 0
0.215455 -0.051150 -0.366118 255 0 0
0.185273 -0.115460 -0.059069 255 0 0
-0.004493 0.014364 0.958734 255 255 255
0.072661 0.331129 0.369175 255 0 0
0.119152 -0.246954 0.073454 255 0 0
0.225540 0.025486 0.252466 255 0 0
-0.070509 0.098531 0.673430 255 0 0
-0.187422 -0.131339 -0.501365 255 0 0
0.034361 0.361870 0.026798 255 0 0
-0.002562 0.304479 0.939232 255 255 255
-0.200323 -0.043875 -0.115615 255 0 0
-0.021494 -0.146449 0.635437 255 255 255
0.192185 0.251746 -0.255193 255 0 0
0.211939 0.154828 -0.470812 255 0 0
0.004437 0.005118 -0.642003 255 0 0
0.190773 0.196831 -0.127010 255 0 0
0.087038 -0.408119 -0.464149 255 0 0
-0.071830 -0.132331 -0.582532 255 0 0
-0.201426 -0.080264 -0.238849 255 0 0
0.026097 -0.104506 0.912627 255 255 255
-0.119653 0.079115 0.567622 255 0 0
-0.224365 -0.029362 -0.392650 255 0 0
0.085137 -0.132696 -0.590995 255 0 0
-0.070930 0.350890 -0.075436 255 0 0
0.210498 -0.026962 0.115460 255 0 0
0.077269 -0.457462 0.177121 255 255 255
-0.029005 0.115403 -0.685715 255 0 0
-0.228652 0.043921 0.229028 255 0 0
-0.198849 0.105242 0.296701 255 0 0
0.093112 -0.228131 -0.186128 255 0 0
0.118714 0.006391 0.518334 255 0 0
0.171465 0.187078 0.317582 255 0 0
-0.099162 -0.512662 0.111807 255 255 255
0.071503 0.099739 -0.671709 255 0 0
-0.075029 0.341825 -0.032445 255 0 0
-0.043064 0.369916 0.068146 255 0 0
0.166466 -0.207141 -0.498040 255 0 0
-0.182795 0.267461 -0.374005 255 0 0
0.078164 0.255521 -0.632610 255 0 0
0.038712 0.391410 -0.223206 255 0 0
0.038458 -0.209581 0.203751 255 0 0
-0.219598 0.081549 -0.299686 255 0 0
-0.057425 -0.460422 -0.429517 255 255 255
0.146472 -0.009327 0.427990 255 0 0
-0.145353 -0.298622 0.154072 255 0 0
0.057965 -0.025389 0.818514 255 0 0
0.179319 0.207764 0.022585 255 0 0
0.154859 -0.069595 -0.581248 255 0 0
0.117695 0.220936 0.655678 255 255 255
0.194924 0.216331 -0.486816 255 0 0
0.188874 -0.102647 0.261438 255 0 0
-0.127803 -0.289717 -0.587999 255 0 0
-0.195862 -0.124252 0.170301 255 0 0
-0.045372 0.357515 0.452037 255 0 0
-0.147874 -0.203703 0.223204 255 0 0
-0.023601 0.082472 0.961326 255 255 255
-0.217905 0.107751 -0.479082 255 0 0
0.096357 0.189111 0.684172 255 255 255
-0.219266 0.090829 0.199425 255 0 0
-0.072233 -0.311945 -0.482976 255 0 0
0.079172 -0.430753 -0.449262 255 255 255
-0.011784 0.135152 0.678994 255 0 0
-0.078047 -0.444478 0.165431 255 0 0
-0.179835 0.254292 -0.462814 255 0 0
-0.222961 0.072686 -0.417608 255 0 0
0.113397 -0.078788 -0.603685 255 0 0
0.197975 0.156300 -0.144815 255 0 0
0.050079 -0.322063 0.064698 255 255 255
0.065516 -0.060439 -0.614580 255 0 0
0.132141 0.194328 -0.621238 255 0 0
-0.061750 0.080017 0.690235 255 0 0
-0.195327 0.236086 -0.342178 255 0 0
0.223999 -0.041183 0.194521 255 0 0
-0.082141 0.340792 -0.497239 255 0 0
0.097211 0.141582 0.604521 255 255 255
0.189840 0.053322 0.340000 255 0 0
0.011265 0.257787 -0.663935 255 0 0
-0.077144 0.368459 -0.185391 255 0 0
0.085891 -0.506014 0.063493 255 255 255
-0.169755 -0.122185 -0.544656 255 0 0
0.190490 0.246350 -0.407398 255 0 0
-0.117290 0.147989 -0.645525 255 0 0
-0.209600 0.140904 -0.253273 255 0 0
-0.185874 -0.088166 -0.016995 255 0 0
-0.125614 -0.177370 0.260712 255 0 0
0.167192 -0.059303 0.339677 255 0 0
0.109635 -0.479654 -0.551607 255 255 255
0.174221 0.231321 0.173571 255 0 0
0.198305 0.074315 0.310374 255 0 0
0.045049 0.355326 -0.514052 255 0 0
0.146304 -0.267039 -0.476237 255 0 0
0.191121 0.155357 -0.031817 255 0 0
0.031269 -0.100515 -0.561393 255 0 0
0.100926 -0.442600 0.166086 255 255 255
0.193903 -0.146404 -0.451920 255 0 0
0.010405 0.239956 0.942833 255 255 255
-0.119042 -0.266764 -0.433331 255 0 0
0.112056 -0.180991 -0.271899 255 0 0
-0.042248 0.168124 -0.686085 255 0 0
-0.148562 0.024128 -0.618677 255 0 0
0.191474 -0.024443 0.319277 255 0 0
-0.141994 0.255318 -0.568377 255 0 0
-0.133802 -0.174256 0.260489 255 0 0
-0.201591 0.012260 -0.097785 255 0 0
-0.037845 -0.225138 -0.267669 255 0 0
0.182202 0.199699 0.120100 255 0 0
-0.075042 -0.113207 0.577406 255 255 255
0.080887 0.053983 0.695873 255 0 0
-0.078933 0.075527 0.674589 255 0 0
0.203325 -0.062075 -0.258492 255 0 0
-0.204251 0.189475 -0.260539 255 0 0
-0.154249 0.067342 0.450575 255 0 0
0.141131 -0.283343 -0.531279 255 0 0
0.151399 -0.464427 0.110125 255 255 255
0.115205 -0.010956 0.628979 255 0 0
0.173820 0.294380 -0.227152 255 0 0
0.163034 -0.053549 0.354822 255 0 0
0.044308 0.359479 0.441661 255 0 0
-0.068055 -0.089101 0.536783 255 0 0
0.104527 0.330751 0.109284 255 0 0
0.091556 0.317498 0.341455 255 0 0
0.147208 0.325802 -0.195693 255 0 0
0.210245 0.081976 -0.543709 255 0 0
0.119925 -0.262759 -0.429784 255 0 0
0.092010 0.314180 0.368246 255 0 0
0.204086 0.093602 -0.154354 255 0 0
-0.071938 -0.097039 -0.598415 255 0 0
0.205321 0.190444 -0.435649 255 0 0
-0.164096 -0.124345 -0.337350 255 0 0
0.161311 -0.037002 0.374970 255 0 0
-0.000247 0.349405 0.511984 255 0 0
-0.031555 -0.499825 -0.429881 255 255 255
0.139922 0.299571 0.230470 255 0 0
0.004758 0.312527 0.538564 255 0 0
-0.052955 -0.337898 -0.614000 255 0 0
0.145248 -0.479354 0.089375 255 255 255
-0.216075 0.064766 -0.271719 255 0 0
-0.167247 0.035797 -0.608315 255 0 0
-0.083493 0.190534 -0.657662 255 0 0
-0.184178 0.153273 -0.578096 255 0 0
-0.025063 0.375290 -0.453531 255 0 0
-0.028544 0.297360 -0.621036 255 0 0
-0.189480 -0.132718 -0.494544 255 0 0
0.182041 -0.149077 0.204809 255 0 0
0.105002 0.336146 0.185141 255 0 0
0.000642 -0.192441 0.818110 255 255 255
0.028907 0.067380 0.758225 255 0 0
-0.200445 -0.009516 -0.089768 255 0 0
0.129343 0.324147 -0.110113 255 0 0
-0.043549 0.041236 0.781864 255 0 0
-0.125980 -0.100091 0.362845 255 0 0
0.114003 0.216389 0.479379 255 0 0
-0.223329 0.060269 -0.320925 255 0 0
-0.021677 0.009206 0.944308 255 255 255
-0.219194 -0.029853 -0.469952 255 0 0
0.139094 -0.128762 0.302756 255 0 0
0.157706 0.019492 -0.608765 255 0 0
-0.138276 0.127573 0.481358 255 0 0
-0.021128 0.364843 -0.072736 255 0 0
-0.046632 0.057045 -0.664974 255 0 0
-0.050586 0.070272 -0.668968 255 0 0
-0.029005 0.074605 0.942207 255 255 255
0.175168 0.035596 0.386487 255 0 0
0.193424 0.035422 0.333247 255 0 0
0.178619 0.253312 -0.146692 255 0 0
-0.166964 0.072253 -0.618310 255 0 0
0.106387 0.323016 0.043812 255 0 0
0.122675 0.311121 0.056149 255 0 0
-0.170792 0.104270 0.385465 255 0 0
-0.187998 0.019464 0.348116 255 0 0
-0.210034 0.027551 -0.222088 255 0 0
0.093777 0.298618 0.433211 255 0 0
-0.126302 0.306914 0.066014 255 0 0
-0.033244 0.357017 -0.034856 255 0 0
-0.110331 0.217825 0.491250 255 0 0
0.209609 0.172039 -0.307296 255 0 0
0.126080 -0.331440 -0.522418 255 0 0
0.045790 0.366825 0.061963 255 0 0
0.098613 0.301595 0.408592 255 0 0
0.184668 0.250176 -0.446224 255 0 0
0.222331 0.071998 -0.413060 255 0 0
0.112012 -0.014345 0.648318 255 0 0
0.157984 0.261700 0.155269 255 0 0
0.185642 0.133457 -0.583927 255 0 0
0.003321 0.145800 0.920528 255 255 255
0.179286 -0.097630 0.017858 255 0 0
-0.177110 0.225766 -0.036087 255 0 0
-0.036555 -0.112188 0.556950 255 255 255
-0.043498 -0.100457 0.535890 255 0 0
-0.025782 -0.019884 0.925555 255 255 255
0.050420 -0.244295 0.001091 255 0 0
-0.068394 -0.221345 0.210227 255 0 0
0.088599 0.038332 -0.650916 255 0 0
0.040669 -0.124941 0.410444 255 0 0
-0.164477 0.286514 -0.151256 255 0 0
0.204918 0.075825 -0.157614 255 0 0
0.169326 -0.020286 0.371414 255 0 0
0.120251 -0.219488 0.237124 255 0 0
-0.014593 -0.111962 0.916316 255 255 255
-0.099045 -0.161714 0.293792 255 0 0
-0.133220 -0.011171 -0.617088 255 0 0
-0.131097 0.035258 0.497024 255 0 0
-0.150981 -0.182182 -0.546764 255 0 0
-0.199585 0.059335 -0.022697 255 0 0
-0.122301 0.257594 0.390305 255 0 0
-0.177277 -0.114980 -0.299776 255 0 0
-0.198668 0.177160 0.190880 255 0 0
-0.135289 -0.230382 0.091284 255 0 0
0.174754 0.225594 0.158669 255 0 0
-0.124268 0.143969 0.512134 255 0 0
-0.034695 0.305874 0.529880 255 0 0
-0.094625 -0.441846 -0.422002 255 255 255
-0.060808 -0.012427 0.791660 255 0 0
0.039174 0.080430 -0.673711 255 0 0
-0.103898 0.341175 -0.409935 255 0 0
-0.124541 -0.505446 -0.398078 255 255 255
-0.067716 -0.105706 0.418926 255 0 0
-0.147871 0.183065 0.394074 255 0 0
0.165868 0.105739 0.393215 255 0 0
0.102206 0.152110 0.572865 255 0 0
-0.055410 -0.170723 0.782189 255 255 255
0.171858 0.239273 -0.038033 255 0 0
-0.092019 -0.095934 0.408189 255 0 0
-0.080833 0.070874 0.674918 255 0 0
-0.110262 -0.283882 0.059803 255 0 0
0.043026 -0.019421 -0.632319 255 0 0
0.208797 0.094566 -0.211559 255 0 0
0.148247 0.245551 0.655689 255 255 255
-0.072948 -0.210718 -0.590082 255 0 0
-0.119119 -0.037966 0.602010 255 0 0
-0.217057 0.126318 -0.362694 255 0 0
0.218505 0.054117 -0.508128 255 0 0
-0.073209 -0.149605 0.876819 255 255 255
0.129545 -0.207489 -0.574922 255 255 255
-0.033755 0.055664 0.800238 255 0 0
-0.133462 0.323634 -0.126116 255 0 0
-0.137525 0.262753 0.323211 255 0 0
0.055064 0.348939 0.351066 255 0 0
-0.103636 -0.364843 -0.605206 255 0 0
-0.195517 -0.116834 0.210426 255 0 0
0.135408 0.299515 0.131643 255 0 0
0.165529 -0.100797 0.298681 255 0 0
-0.157216 0.192563 -0.593191 255 0 0
-0.220997 0.098897 -0.380381 255 0 0
0.153754 0.311146 -0.168904 255 0 0
0.162777 0.283145 -0.122306 255 0 0
-0.005583 0.169578 -0.720767 255 0 0
0.208392 0.171384 -0.283115 255 0 0
0.093927 -0.235922 -0.610071 255 0 0
0.063722 -0.511446 -0.510759 255 255 255
-0.096896 0.229500 0.636531 255 255 255
0.002038 0.072624 0.744005 255 0 0
-0.010323 0.024125 0.959901 255 255 255
-0.085795 -0.223145 -0.002461 255 0 0
0.060616 -0.380787 0.151555 255 0 0
-0.207791 0.164645 -0.480660 255 0 0
0.137506 0.203442 0.410387 255 0 0
0.159321 -0.140667 -0.283360 255 0 0
0.062932 0.335751 -0.543329 255 0 0
-0.017570 -0.179990 0.771378 255 255 255
-0.200230 0.214270 -0.394107 255 0 0
0.044789 0.006203 0.847984 255 0 0
0.216134 0.124568 -0.393306 255 0 0
-0.111178 0.331145 0.161570 255 0 0
-0.036955 -0.171678 0.324438 255 0 0
-0.185934 0.069867 -0.601908 255 0 0
0.010980 0.264149 0.571052 255 0 0
-0.109030 -0.062333 0.428470 255 0 0
-0.026258 0.373854 0.428317 255 0 0
-0.040236 -0.096899 0.905644 255 255 255
-0.184947 -0.046093 -0.557275 255 0 0
-0.112545 -0.084966 0.619522 255 0 0
0.192498 -0.063711 0.059387 255 0 0
0.087843 0.290412 0.467987 255 0 0
0.053874 -0.399898 0.078375 255 0 0
-0.105812 0.092001 -0.655626 255 0 0
0.125128 -0.354271 0.118698 255 0 0
0.188359 0.174503 0.100730 255 0 0
-0.148803 -0.504207 0.129616 255 255 255
0.001193 0.396714 0.098328 255 0 0
0.031430 -0.470342 0.103273 255 255 255
0.021502 0.305963 0.539559 255 0 0
-0.132222 0.311288 -0.066955 255 0 0
-0.194522 0.189664 -0.156721 255 0 0
0.123803 0.319360 -0.462281 255 0 0
-0.194914 0.229041 -0.431983 255 0 0
0.184024 0.083312 0.348217 255 0 0
0.095588 0.219862 -0.639329 255 0 0
0.155769 0.043894 -0.617074 255 0 0
-0.129033 0.322303 -0.412534 255 0 0
-0.150118 -0.478810 -0.506630 255 255 255
-0.209811 0.163080 -0.461510 255 0 0
0.127753 -0.509207 -0.464174 255 255 255
0.199792 0.007370 0.000799 255 0 0
-0.174933 0.081318 0.381244 255 0 0
-0.035444 0.342649 0.495177 255 0 0
-0.204185 0.198737 -0.397275 255 0 0
-0.032206 -0.180844 0.795817 255 255 255
-0.054930 -0.506908 -0.439849 255 255 255
0.038349 -0.348992 0.132881 255 0 0
0.156889 -0.208585 -0.405733 255 0 0
-0.093704 -0.394325 0.156248 255 0 0
0.146521 -0.133812 -0.324695 255 0 0
-0.202951 -0.043664 -0.152637 255 0 0
-0.149456 -0.130626 -0.331422 255 0 0
-0.203380 -0.003115 -0.135930 255 0 0
0.021206 0.409700 -0.273814 255 0 0
0.010998 0.089658 0.975834 255 255 255
-0.043491 -0.206579 -0.300666 255 0 0
-0.059785 0.345128 0.357660 255 0 0
-0.177709 0.250306 -0.494224 255 0 0
-0.198838 -0.052417 0.290361 255 0 0
-0.081752 -0.509481 0.159527 255 255 255
-0.197506 0.105137 -0.033492 255 0 0
0.215314 -0.026085 -0.477725 255 0 0
0.216492 -0.003684 0.131969 255 0 0
-0.218369 -0.090235 -0.414633 255 0 0
0.170096 -0.178994 -0.509108 255 0 0
0.133482 -0.304210 -0.512949 255 255 255
0.049974 -0.421919 0.135546 255 0 0
0.051838 0.026090 -0.651625 255 0 0
-0.030661 0.176096 -0.695771 255 0 0
0.032563 0.255884 0.570300 255 0 0
0.076120 -0.123471 0.852432 255 0 0
0.117752 0.338884 -0.137528 255 0 0
-0.082633 0.351964 0.113092 255 0 0
-0.082317 -0.057434 -0.617250 255 0 0
-0.007983 0.370443 0.310665 255 0 0
-0.035807 -0.177341 0.776897 255 255 255
0.190184 0.161585 -0.030039 255 0 0
-0.151518 0.021613 0.442471 255 0 0
-0.168482 -0.115520 -0.549533 255 0 0
-0.200996 -0.098729 -0.487417 255 0 0
-0.027885 0.365785 0.335289 255 0 0
-0.097635 -0.191133 -0.271015 255 0 0
0.161084 -0.465530 -0.478879 255 255 255
-0.116992 -0.212387 -0.041376 255 0 0
-0.004586 -0.117817 0.821707 255 0 0
0.125777 0.311345 0.130999 255 0 0
0.068610 -0.079678 -0.605807 255 0 0
0.170257 -0.172854 0.125316 255 0 0
0.158264 0.317709 -0.289614 255 0 0
-0.170168 0.077158 0.399981 255 0 0
-0.109372 -0.087664 0.644461 255 0 0
0.074206 -0.098571 0.829904 255 0 0
0.009338 0.413257 -0.265378 255 0 0
-0.132497 -0.317550 0.153772 255 0 0
-0.120606 -0.218922 -0.066759 255 0 0
-0.214985 -0.006269 0.129985 255 0 0
-0.187088 -0.141650 0.186694 255 0 0
0.128939 -0.375933 -0.531003 255 0 0
0.120109 -0.224599 -0.088356 255 0 0
-0.079177 -0.046597 0.775033 255 0 0
0.123643 0.205638 0.461351 255 0 0
-0.066620 -0.043641 -0.623469 255 0 0
-0.200188 0.098291 0.070775 255 0 0
0.130806 -0.288521 -0.581379 255 0 0
-0.156718 0.274379 -0.509191 255 0 0
0.222848 -0.043034 -0.392806 255 0 0
0.106005 0.333434 0.204411 255 0 0
0.007688 0.107473 0.909634 255 0 0
-0.193779 -0.148089 -0.463578 255 0 0
-0.067992 0.298227 -0.595746 255 0 0
0.161569 0.301460 -0.343674 255 0 0
0.185970 -0.112873 0.252669 255 0 0
-0.013775 0.214877 0.610850 255 0 0
0.050423 -0.428248 -0.499107 255 0 0
-0.201356 0.057305 -0.084465 255 0 0
-0.108106 0.069613 0.623296 255 0 0
-0.209577 0.059065 -0.211116 255 0 0
-0.059266 -0.386563 -0.495999 255 0 0
0.058835 -0.085633 0.514781 255 0 0
0.073385 -0.354066 0.163504 255 0 0
0.145934 0.019157 0.451287 255 0 0
-0.183713 -0.098380 0.080215 255 0 0
0.104743 0.330630 -0.477830 255 0 0
-0.081759 0.370265 -0.208922 255 0 0
0.143698 -0.156354 0.271064 255 0 0
0.214759 0.123801 -0.481386 255 0 0
0.114339 -0.194735 0.004785 255 0 0
-0.056754 -0.017992 0.820860 255 0 0
-0.169860 0.233741 0.074384 255 0 0
0.012045 0.240069 0.953042 255 255 255
-0.142516 -0.286635 -0.518694 255 255 255
-0.041573 -0.166785 0.340775 255 0 0
0.196433 0.122979 -0.061285 255 0 0
-0.014630 -0.003255 0.941403 255 255 255
-0.005515 0.099814 0.810525 255 255 255
0.064351 -0.141921 0.888847 255 255 255
0.005997 0.120646 0.841347 255 255 255
-0.155120 -0.459472 -0.472955 255 255 255
0.050230 0.238900 -0.663454 255 0 0
0.135161 -0.506848 0.174304 255 255 255
-0.186828 -0.168949 -0.414097 255 0 0
-0.082356 0.246483 -0.632589 255 0 0
-0.198902 -0.010917 0.036213 255 0 0
0.067789 0.378108 -0.345016 255 0 0
-0.111966 -0.465940 0.062985 255 255 255
0.057077 -0.044775 0.853281 255 0 0
-0.040005 0.013464 0.886940 255 0 0
0.151518 0.263034 0.275329 255 0 0
0.221896 -0.025448 -0.364536 255 0 0
-0.126617 0.244830 -0.596229 255 0 0
0.016104 0.185025 0.940692 255 255 255
0.028911 -0.083196 0.911888 255 255 255
-0.192638 0.190361 -0.139315 255 0 0
-0.196970 0.113624 -0.034732 255 0 0
0.147228 0.175978 0.404823 255 0 0
0.129711 -0.471795 0.073222 255 255 255
-0.204888 -0.022905 -0.171976 255 0 0
0.034364 -0.179986 0.283568 255 0 0
-0.046908 0.193057 0.637921 255 0 0
0.002918 0.399903 0.120058 255 0 0
0.128071 -0.289953 0.072089 255 0 0
-0.003170 -0.232444 -0.271147 255 0 0
0.224958 0.048085 -0.394261 255 0 0
0.029565 0.389274 0.200214 255 0 0
-0.158941 -0.052454 0.364453 255 0 0
-0.209353 -0.023727 -0.284754 255 0 0
0.113861 -0.487764 0.204726 255 255 255
-0.043441 -0.025621 0.881658 255 0 0
-0.195552 0.125796 0.053109 255 0 0
0.029545 0.355993 0.486075 255 0 0
-0.036997 0.024230 0.903284 255 0 0
-0.110279 0.324091 0.102064 255 0 0
0.123473 0.233233 0.640751 255 255 255
-0.220819 0.087781 -0.318563 255 0 0
-0.092103 0.023406 -0.646050 255 0 0
0.150759 -0.260993 0.118332 255 0 0
0.214594 -0.051838 0.253033 255 0 0
0.167011 -0.181727 -0.514392 255 0 0
0.191264 -0.135303 -0.217237 255 0 0
-0.114253 -0.077583 0.614099 255 0 0
0.114010 0.294599 0.330437 255 0 0
0.212814 0.092179 0.139299 255 0 0
0.115135 -0.314406 -0.608372 255 0 0
-0.201381 0.075829 0.057831 255 0 0
0.137195 0.271857 -0.549392 255 0 0
-0.161010 -0.157728 0.248061 255 0 0
-0.152617 -0.261363 0.126309 255 0 0
0.054707 -0.180622 0.805462 255 255 255
-0.118025 -0.043087 0.611961 255 0 0
-0.185762 0.226456 -0.506527 255 0 0
-0.031244 -0.183971 0.807019 255 255 255
-0.131829 0.248303 0.359517 255 0 0
0.146372 0.132232 0.450300 255 0 0
-0.128729 -0.366767 -0.523422 255 0 0
-0.045738 0.238948 0.575688 255 0 0
0.213981 0.104872 0.246982 255 0 0
0.208095 -0.018464 -0.241864 255 0 0
0.102869 0.325309 -0.021684 255 0 0
0.121757 -0.376185 0.116061 255 0 0
0.205475 0.053293 -0.155823 255 0 0
0.003903 -0.250413 -0.167252 255 0 0
0.148523 -0.463779 -0.453068 255 255 255
-0.136674 0.195590 0.421877 255 0 0
0.074209 -0.395565 -0.477839 255 0 0
-0.194704 -0.014416 0.319851 255 0 0
0.101080 -0.173813 -0.591497 255 0 0
0.081904 0.153077 0.631303 255 255 255
-0.056278 -0.073579 0.889663 255 0 0
-0.148885 0.117477 0.455080 255 0 0
-0.074609 0.330301 0.429836 255 0 0
-0.031148 0.383710 0.087741 255 0 0
-0.026913 -0.195683 0.234876 255 0 0
-0.111439 -0.088951 0.622439 255 0 0
0.206962 -0.017179 -0.207406 255 0 0
-0.214420 0.011871 0.288735 255 0 0
-0.073777 -0.024370 -0.630867 255 0 0
0.198058 -0.023743 -0.051633 255 0 0
0.039720 -0.479583 0.070613 255 255 255
-0.107278 0.324583 -0.035775 255 0 0
0.039372 0.001389 0.890993 255 0 0
-0.123817 -0.401774 -0.492600 255 0 0
-0.144663 0.094280 0.474838 255 0 0
0.027550 -0.182710 0.274587 255 0 0
0.109234 0.306116 -0.538704 255 0 0
0.218179 -0.049949 -0.447353 255 0 0
-0.133894 0.145727 0.484540 255 0 0
-0.052800 0.307648 -0.593690 255 0 0
-0.223805 -0.043283 -0.413433 255 0 0
0.077357 0.294593 -0.594898 255 0 0
0.214207 0.086254 0.140972 255 0 0
0.049409 0.381729 0.168291 255 0 0
-0.135973 0.182970 -0.622580 255 0 0
-0.112513 -0.044001 0.450630 255 0 0
0.078139 0.343139 -0.501439 255 0 0
-0.143738 0.290551 0.122772 255 0 0
-0.006940 0.391047 -0.390202 255 0 0
-0.042423 -0.297961 0.090147 255 0 0
0.099827 -0.045641 0.496243 255 0 0
-0.024269 0.051712 -0.663014 255 0 0
0.105953 0.170879 0.536939 255 0 0
0.045487 -0.089002 -0.587669 255 0 0
0.105831 -0.076265 0.695790 255 255 255
0.123322 -0.245541 -0.418819 255 0 0
-0.203611 -0.046955 0.104182 255 0 0
0.141629 0.304578 -0.083226 255 0 0
-0.010723 0.382520 -0.422496 255 0 0
0.106010 0.328980 -0.483890 255 0 0
0.182382 -0.129105 0.111317 255 0 0
-0.190128 0.195238 -0.116937 255 0 0
0.202194 0.149023 0.249218 255 0 0
0.018711 0.076552 0.751653 255 0 0
-0.014128 0.368782 -0.093278 255 0 0
-0.166666 0.252620 -0.017332 255 0 0
-0.104727 -0.319695 0.047116 255 0 0
-0.078297 0.361125 -0.390585 255 0 0
-0.090595 0.355615 -0.152214 255 0 0
-0.106783 0.346916 -0.153255 255 0 0
0.149471 0.193586 0.366790 255 0 0
0.098549 -0.410796 -0.575196 255 0 0
-0.217634 0.053017 -0.533100 255 0 0
0.092293 -0.067141 0.747905 255 255 255
0.055124 -0.294166 0.180986 255 0 0
0.091889 0.142653 -0.662744 255 0 0
0.081005 0.350697 -0.440015 255 0 0
-0.042806 0.081049 0.708733 255 0 0
-0.199591 0.062060 -0.035653 255 0 0
0.006036 -0.019155 0.938904 255 255 255
-0.166761 -0.211309 -0.419946 255 0 0
0.137964 -0.507516 -0.488733 255 255 255
0.183374 -0.186682 -0.436084 255 0 0
0.125287 0.193943 0.467436 255 0 0
0.142761 -0.503733 0.183220 255 255 255
0.150045 -0.010962 0.419932 255 0 0
0.205686 -0.095794 -0.384408 255 0 0
0.070573 0.346996 0.047849 255 0 0
-0.190019 0.086025 0.333301 255 0 0
0.091065 0.092829 0.655665 255 0 0
0.059045 0.262197 -0.640890 255 0 0
0.210456 0.019628 0.294041 255 0 0
0.023498 0.293154 -0.627143 255 0 0
0.199485 -0.086798 -0.246270 255 0 0
0.200823 0.028771 -0.063696 255 0 0
-0.117096 -0.047734 0.618672 255 0 0
-0.102848 -0.477646 -0.392218 255 255 255
0.004117 0.147978 0.670810 255 0 0
0.086151 0.191297 0.588382 255 255 255
-0.170600 -0.181503 0.155305 255 0 0
0.133072 0.020908 0.480732 255 0 0
0.207824 0.187165 -0.351069 255 0 0
-0.209597 0.104218 -0.221345 255 0 0
0.194948 0.189842 -0.524165 255 0 0
0.153396 0.288251 -0.096987 255 0 0
-0.105831 -0.205688 -0.001256 255 0 0
-0.105771 0.290500 0.388012 255 0 0
0.182126 -0.087737 0.025674 255 0 0
-0.020133 0.370060 0.308039 255 0 0
0.149117 -0.244708 -0.539668 255 0 0
0.083783 -0.488493 0.052047 255 255 255
0.176476 0.165849 0.322456 255 0 0
0.074134 -0.032210 0.771535 255 0 0
0.223742 0.060422 -0.399353 255 0 0
0.040088 -0.253100 -0.134579 255 0 0
-0.178124 0.226263 -0.057775 255 0 0
-0.090459 0.063768 0.663004 255 0 0
-0.165832 0.108140 0.400718 255 0 0
0.146593 0.284740 0.244305 255 0 0
-0.128545 -0.509396 -0.466216 255 255 255
0.134682 -0.504939 0.135125 255 255 255
0.080987 -0.130104 0.665789 255 255 255
0.071100 0.117709 -0.673410 255 0 0
0.117089 -0.243211 -0.598841 255 0 0
0.215646 -0.034247 -0.470823 255 0 0
0.120285 -0.213079 -0.589521 255 255 255
-0.062822 -0.063756 0.870600 255 0 0
-0.110232 -0.384252 0.074815 255 0 0
-0.019015 0.363335 -0.510918 255 0 0
0.048156 -0.508324 0.118292 255 255 255
-0.076970 -0.042924 -0.622846 255 0 0
-0.206240 -0.091184 -0.374355 255 0 0
-0.114826 0.243149 0.454044 255 0 0
0.002393 0.110714 -0.750432 255 255 255
0.196140 0.111970 -0.023735 255 0 0
-0.153035 0.064139 -0.626864 255 0 0
-0.011731 0.210136 0.971016 255 255 255
0.008016 0.405648 -0.348008 255 0 0
0.104912 -0.386712 -0.475206 255 0 0
-0.211426 0.156624 -0.462665 255 0 0
0.215541 -0.068555 0.160246 255 0 0
-0.129839 -0.345016 0.113277 255 0 0
0.188117 -0.096576 -0.055497 255 0 0
-0.059495 0.316550 -0.575494 255 0 0
0.209569 0.008614 0.295640 255 0 0
0.108624 -0.003101 -0.630275 255 0 0
-0.121943 -0.172510 -0.274642 255 0 0
0.126559 -0.135514 -0.583110 255 0 0
0.114350 -0.011088 0.522365 255 0 0
0.201825 -0.067742 0.269541 255 0 0
0.086387 -0.417126 -0.578970 255 0 0
0.099532 0.321540 -0.520380 255 0 0
0.069587 -0.096380 0.874581 255 0 0
0.134950 -0.200593 0.242160 255 0 0
0.088498 0.336635 -0.044369 255 0 0
0.137329 -0.256867 0.094200 255 0 0
-0.051894 -0.387474 -0.566068 255 0 0
0.176160 -0.166222 -0.198411 255 0 0
0.197476 0.163736 -0.539940 255 0 0
-0.012612 0.179635 0.974016 255 255 255
-0.166030 -0.019820 -0.590041 255 0 0
-0.110709 0.242775 0.466593 255 0 0
0.037907 0.364925 -0.100046 255 0 0
-0.024578 -0.245893 -0.193669 255 0 0
0.055315 -0.256963 -0.587309 255 0 0
0.050413 0.354176 0.374654 255 0 0
0.213128 0.066069 0.125434 255 0 0
0.208288 0.082423 -0.201860 255 0 0
-0.162229 -0.225605 -0.490122 255 0 0
0.102977 0.336508 -0.447029 255 0 0
-0.208451 -0.038986 0.118792 255 0 0
0.114107 -0.129937 0.338668 255 0 0
-0.191524 0.155102 0.074232 255 0 0
-0.192649 0.190510 -0.139650 255 0 0
-0.104562 0.038132 0.649349 255 0 0
0.176580 0.122410 0.349675 255 0 0
-0.013990 0.185740 0.936502 255 255 255
-0.210565 -0.035201 -0.316260 255 0 0
0.009277 0.151728 0.980649 255 255 255
0.052502 0.360976 -0.488891 255 0 0
0.161197 -0.226560 -0.479452 255 0 0
-0.122041 -0.415780 -0.535366 255 0 0
-0.114632 0.108978 -0.651749 255 0 0
0.127474 0.318829 -0.440804 255 0 0
-0.144002 -0.076735 0.364479 255 0 0
0.044945 -0.335062 -0.527669 255 0 0
-0.195518 0.133933 -0.049760 255 0 0
0.171405 -0.208454 -0.449931 255 0 0
0.200866 0.049977 -0.065708 255 0 0
0.126448 -0.285845 -0.590307 255 0 0
0.008116 0.379636 -0.144419 255 0 0
0.016857 0.399030 -0.221128 255 0 0
0.115292 0.106914 0.568180 255 0 0
-0.092228 -0.061959 0.748139 255 255 255
0.083591 -0.410198 -0.587367 255 0 0
-0.058010 0.347934 0.446586 255 0 0
0.049862 -0.478007 0.179275 255 255 255
0.166693 0.307656 -0.275188 255 0 0
-0.178777 0.228870 -0.082032 255 0 0
-0.212535 0.059528 -0.244484 255 0 0
0.051030 -0.145511 0.894794 255 255 255
0.009128 -0.072357 -0.847799 255 255 255
0.173134 0.253419 -0.500286 255 0 0
-0.031595 -0.032700 -0.622237 255 0 0
-0.099449 -0.031030 0.512506 255 0 0
0.100063 0.112638 -0.658870 255 0 0
-0.110391 -0.274392 -0.612967 255 0 0
0.132746 -0.270759 -0.580210 255 0 0
0.140281 -0.504309 0.135652 255 255 255
0.048597 0.124804 -0.683080 255 0 0
-0.107813 -0.224710 -0.176305 255 0 0
-0.033615 -0.062865 0.909283 255 0 0
0.045577 0.076555 0.710519 255 0 0
0.046830 0.015001 0.819330 255 0 0
0.082242 -0.112427 -0.595012 255 0 0
-0.201079 0.000789 0.061980 255 0 0
-0.207148 -0.000433 -0.197332 255 0 0
-0.046185 -0.091499 0.493061 255 0 0
0.135681 0.136292 -0.636550 255 0 0
-0.203992 0.180112 -0.241166 255 0 0
-0.211046 -0.037301 -0.321173 255 0 0
-0.167037 0.233767 0.276974 255 0 0
-0.056480 0.287335 0.527139 255 0 0
-0.125703 -0.294511 0.181849 255 0 0
0.103874 -0.092130 0.580762 255 255 255
0.108637 0.278485 -0.580589 255 0 0
-0.055393 -0.430214 0.144463 255 0 0
0.204341 0.017640 -0.142481 255 0 0
-0.169161 0.293838 -0.239695 255 0 0
-0.077666 -0.346755 0.166249 255 0 0
0.123237 0.021377 0.512352 255 0 0
-0.041918 0.095852 0.694407 255 0 0
-0.210390 0.043052 -0.221712 255 0 0
0.146326 0.007845 -0.613540 255 0 0
-0.113677 -0.220495 -0.050987 255 0 0
-0.100958 -0.466407 0.194042 255 255 255
-0.143933 0.134095 0.460501 255 0 0
0.040470 -0.330490 0.149330 255 0 0
0.175033 0.024046 -0.595396 255 0 0
-0.054102 0.342748 -0.529436 255 0 0
-0.205002 -0.048231 -0.223349 255 0 0
-0.100115 0.294616 0.404752 255 0 0
0.206145 0.190855 -0.389475 255 0 0
-0.199326 0.079719 -0.036617 255 0 0
-0.124699 -0.424294 -0.523020 255 0 0
-0.107419 0.322729 -0.005313 255 0 0
-0.001132 -0.010107 -0.633299 255 0 0
-0.218131 0.050955 -0.524637 255 0 0
0.125759 0.128285 -0.643640 255 0 0
0.149842 -0.176448 -0.549013 255 0 0
-0.168382 -0.189293 -0.507971 255 0 0
0.206646 0.172749 -0.258849 255 0 0
-0.191959 -0.153126 -0.179254 255 0 0
0.106673 -0.053142 0.447125 255 0 0
-0.133710 0.220745 0.401616 255 0 0
0.061426 0.025769 0.765249 255 0 0
0.095953 -0.208766 0.241023 255 0 0
0.154940 -0.498450 -0.501408 255 255 255
0.208755 0.136816 0.235499 255 0 0
-0.001602 0.123926 0.981984 255 255 255
-0.196107 0.159902 -0.119746 255 0 0
-0.221363 0.087199 -0.436001 255 0 0
0.067926 0.363118 -0.411110 255 0 0
-0.117371 -0.015642 0.538414 255 0 0
-0.131593 -0.505880 -0.405199 255 255 255
0.120723 -0.218173 -0.165678 255 0 0
0.200685 0.162611 0.196431 255 0 0
-0.103540 0.325415 -0.503057 255 0 0
-0.194809 0.176730 -0.136591 255 0 0
-0.164539 -0.023820 0.378174 255 0 0
-0.112049 -0.389297 -0.477276 255 0 0
0.064589 0.341557 0.368532 255 0 0
-0.093112 -0.054567 -0.616966 255 0 0
-0.199161 0.014281 -0.042567 255 0 0
-0.180792 0.265895 -0.224666 255 0 0
-0.037631 0.013585 -0.647006 255 0 0
-0.170347 0.243630 0.174953 255 0 0
-0.199171 0.067181 0.001980 255 0 0
-0.095442 -0.082446 0.747223 255 255 255
-0.201556 0.213622 -0.288965 255 0 0
0.008976 0.108653 0.840979 255 255 255
0.117276 0.059294 0.593465 255 0 0
-0.115724 -0.510783 0.164296 255 255 255
0.028836 0.401449 -0.247749 255 0 0
-0.212616 0.016184 -0.265019 255 0 0
-0.048960 -0.263964 0.095410 255 0 0
0.191642 0.187724 0.188406 255 0 0
-0.190403 -0.120805 -0.090200 255 0 0
-0.099224 0.315565 -0.535108 255 0 0
0.221822 0.023015 0.151279 255 0 0
-0.042171 0.320042 0.515194 255 0 0
-0.227791 -0.006711 0.187766 255 0 0
0.112004 -0.023694 0.649964 255 0 0
0.071043 -0.198819 0.236047 255 0 0
-0.068397 -0.443118 0.160054 255 0 0
-0.201421 0.073467 -0.091118 255 0 0
-0.108592 -0.213850 -0.598867 255 0 0
0.188085 0.187408 0.261412 255 0 0
-0.209738 -0.011695 -0.262988 255 0 0
0.090209 0.027152 0.720660 255 0 0
-0.135928 0.219817 -0.603018 255 0 0
-0.108274 -0.243245 0.068017 255 0 0
0.194653 -0.129893 -0.397303 255 0 0
-0.115309 -0.192486 -0.247632 255 0 0
0.119533 -0.216681 -0.055634 255 0 0
0.043681 -0.301570 -0.532694 255 0 0
0.079032 -0.022360 -0.631356 255 0 0
0.098016 -0.485266 0.052475 255 255 255
0.139019 0.308639 -0.078614 255 0 0
-0.206587 -0.040452 -0.292695 255 0 0
-0.195054 -0.049033 0.060414 255 0 0
0.171477 0.287182 -0.178215 255 0 0
-0.065504 -0.394215 -0.599137 255 0 0
0.033246 0.124863 -0.686292 255 0 0
-0.201586 -0.090777 -0.165525 255 0 0
-0.054710 0.257160 -0.645615 255 0 0
-0.105883 0.322680 0.019993 255 0 0
0.061620 -0.181413 0.820091 255 255 255
0.072737 -0.308192 -0.481269 255 0 0
0.015514 0.189639 0.960207 255 255 255
-0.083854 -0.102407 0.564736 255 0 0
0.100311 0.326371 -0.007444 255 0 0
-0.045353 -0.501954 0.174061 255 255 255
0.028317 0.131946 -0.689661 255 0 0
0.172088 0.225685 0.122933 255 0 0
0.105377 -0.422149 0.075891 255 255 255
-0.141601 -0.217156 -0.564346 255 0 0
0.118455 0.009793 0.604905 255 0 0
0.218060 0.016300 -0.303396 255 0 0
0.080104 0.096274 -0.667980 255 0 0
-0.120929 0.268766 0.375602 255 0 0
-0.185936 0.260610 -0.358663 255 0 0
0.043261 0.357833 -0.062955 255 0 0
0.080225 0.355207 0.213151 255 0 0
0.213395 -0.068442 0.225978 255 0 0
-0.114207 0.167876 0.521476 255 0 0
0.014520 0.369943 0.311661 255 0 0
0.021177 0.155520 -0.700544 255 0 0
-0.161835 0.105160 0.416648 255 0 0
-0.098302 0.036437 0.677484 255 0 0
0.005058 -0.165199 0.698997 255 255 255
0.006446 -0.082251 0.919964 255 0 0
0.193165 -0.055117 0.046226 255 0 0
-0.156162 -0.239118 0.137205 255 0 0
0.021354 0.093677 0.706344 255 0 0
0.045414 0.373348 -0.154130 255 0 0
-0.044430 -0.329121 -0.579522 255 0 0
0.135943 -0.023882 0.431532 255 0 0
0.098099 0.327253 0.006437 255 0 0
-0.136325 -0.202226 0.237967 255 0 0
-0.141671 -0.275701 0.181526 255 0 0
-0.059264 -0.292447 0.186908 255 0 0
-0.180938 0.202035 0.128328 255 0 0
-0.138936 -0.158604 0.025956 255 0 0
0.107533 0.114707 0.593991 255 0 0
-0.121928 0.227374 -0.612309 255 0 0
0.136403 -0.232556 -0.411770 255 0 0
0.083914 -0.132620 0.375320 255 0 0
-0.075244 -0.474949 0.190923 255 255 255
-0.127005 -0.326848 -0.520352 255 255 255
0.178816 -0.163607 0.147041 255 0 0
-0.144987 0.289074 0.128329 255 0 0
-0.202666 -0.019100 -0.538023 255 0 0
0.214478 -0.034684 0.266766 255 0 0
0.140963 0.290700 0.085143 255 0 0
0.127942 0.258285 0.360997 255 0 0
-0.073909 -0.499504 0.058325 255 255 255
0.078025 -0.486293 -0.546107 255 255 255
-0.192508 0.146114 -0.001091 255 0 0
0.037969 -0.349703 0.106702 255 0 0
0.209472 0.172787 -0.374905 255 0 0
0.207250 0.042932 0.297479 255 0 0
0.030103 0.057448 0.811934 255 0 0
0.039548 0.107424 0.686983 255 0 0
-0.107039 -0.373771 -0.479748 255 0 0
0.193935 -0.075094 -0.075607 255 0 0
0.218286 0.098800 0.181556 255 0 0
-0.196630 -0.089284 0.111218 255 0 0
0.056569 0.388850 -0.283868 255 0 0
0.160975 0.011806 -0.603676 255 0 0
0.188925 -0.142604 0.169865 255 0 0
-0.136115 -0.464112 0.164066 255 255 255
0.165958 -0.178818 0.213376 255 0 0
0.191165 -0.061929 0.036526 255 0 0
0.200456 -0.091535 0.247001 255 0 0
-0.193408 0.140029 0.050916 255 0 0
0.172548 0.195569 0.306921 255 0 0
-0.149427 -0.013963 0.419252 255 0 0
0.026489 0.293071 0.546510 255 0 0
-0.001239 -0.254639 -0.138724 255 0 0
0.228978 0.013978 0.233009 255 0 0
0.119435 -0.493615 0.204066 255 255 255
-0.178477 0.228717 0.209999 255 0 0
0.200579 0.095096 -0.567889 255 0 0
0.197870 -0.118224 -0.209525 255 0 0
-0.220832 0.101159 -0.363853 255 0 0
0.044238 -0.329676 -0.530537 255 0 0
-0.092002 -0.113449 0.726258 255 255 255
0.002441 0.070492 -0.768231 255 255 255
-0.021519 0.079890 0.825549 255 0 0
0.096774 0.036853 0.681520 255 0 0
0.110455 0.318345 0.266367 255 0 0
-0.056358 -0.285442 0.185623 255 0 0
0.054473 0.129374 -0.681055 255 0 0
0.099696 -0.359455 0.159884 255 0 0
-0.145968 0.209849 0.631066 255 255 255
-0.138368 -0.051780 -0.601353 255 0 0
0.220361 0.000530 0.149442 255 0 0
0.128457 0.156189 0.490518 255 0 0
-0.121974 0.238246 0.431497 255 0 0
-0.194621 -0.113835 -0.111847 255 0 0
-0.118494 0.065743 0.580418 255 0 0
-0.190701 -0.067391 -0.030862 255 0 0
0.201229 -0.075025 0.110441 255 0 0
-0.046126 -0.359000 -0.531853 255 0 0
-0.110546 -0.511695 0.120362 255 255 255
-0.019155 -0.170378 0.725762 255 255 255
0.053596 -0.379656 -0.590612 255 0 0
0.223370 -0.037436 -0.396402 255 0 0
0.029810 0.075274 0.728919 255 0 0
0.103672 -0.483107 -0.551855 255 255 255
-0.153934 -0.003508 -0.605582 255 0 0
-0.119329 -0.028413 0.607104 255 0 0
0.044321 -0.005618 0.861389 255 0 0
0.029445 -0.236269 -0.245118 255 0 0
-0.186411 -0.123961 0.233746 255 0 0
0.209373 -0.013505 -0.511826 255 0 0
0.024705 0.068090 0.793254 255 0 0
0.201149 -0.048098 -0.130614 255 0 0
-0.088530 -0.390523 -0.600877 255 0 0
-0.151747 0.096233 0.452728 255 0 0
-0.015074 0.311099 -0.608267 255 0 0
0.166744 -0.136637 -0.017351 255 0 0
-0.041433 0.385409 0.122133 255 0 0
-0.229896 -0.002846 0.216375 255 0 0
0.218804 0.100255 -0.435816 255 0 0
-0.178883 0.274023 -0.342460 255 0 0
-0.141052 -0.182288 0.083654 255 0 0
0.149654 -0.153292 0.267846 255 0 0
0.223792 0.044395 -0.351968 255 0 0
-0.032906 -0.046319 -0.613860 255 0 0
-0.130194 -0.021290 -0.615564 255 0 0
0.145185 0.313410 -0.382913 255 0 0
-0.072765 0.280126 -0.611731 255 0 0
0.167220 0.306449 -0.241176 255 0 0
-0.100916 -0.082984 0.718139 255 255 255
-0.001433 -0.127704 0.584942 255 255 255
0.137210 0.123755 -0.637018 255 0 0
-0.076283 -0.038805 0.774135 255 0 0
0.193796 0.239183 -0.383640 255 0 0
0.015408 0.376382 -0.469961 255 0 0
0.060724 -0.507216 0.156395 255 255 255
-0.119380 -0.181104 0.259638 255 0 0
0.073436 -0.140894 0.712532 255 255 255
-0.030385 0.381054 0.077410 255 0 0
0.204301 0.026390 -0.140461 255 0 0
0.192360 0.164892 -0.084409 255 0 0
-0.207094 0.119277 -0.204434 255 0 0
0.213272 -0.088900 -0.426652 255 0 0
0.143314 0.099443 0.480181 255 0 0
0.179522 -0.123191 -0.271241 255 0 0
0.126983 0.346910 -0.290361 255 0 0
-0.025752 0.377783 -0.150342 255 0 0
0.019544 0.317671 -0.598642 255 0 0
-0.124413 0.118802 -0.645607 255 0 0
0.073322 0.213161 0.617499 255 255 255
-0.214265 0.143107 -0.365752 255 0 0
-0.208926 0.124787 0.229476 255 0 0
-0.076113 -0.128965 0.837706 255 255 255
-0.031043 0.048466 0.936706 255 255 255
0.190424 0.108264 -0.583477 255 0 0
-0.097051 -0.266022 -0.617371 255 0 0
-0.183100 0.242396 -0.483588 255 0 0
-0.187698 0.153825 0.300535 255 0 0
0.101970 -0.438956 0.159072 255 255 255
0.117208 0.231176 0.693564 255 255 255
-0.076700 0.351222 0.244140 255 0 0
0.116737 -0.151645 -0.583827 255 0 0
0.176429 -0.103808 -0.541277 255 0 0
-0.081196 -0.241914 -0.053056 255 0 0
-0.016286 0.397291 0.162803 255 0 0
-0.111125 -0.238214 -0.604451 255 0 0
0.107185 -0.234252 0.233538 255 0 0
0.096669 0.313326 0.338807 255 0 0
0.061214 -0.258579 -0.601389 255 0 0
-0.222809 -0.055507 -0.423043 255 0 0
-0.166361 -0.183485 0.186602 255 0 0
0.191279 0.194468 0.212323 255 0 0
-0.221649 0.073237 -0.450103 255 0 0
0.001459 0.336493 -0.571910 255 0 0
-0.049909 -0.452758 -0.449530 255 255 255
0.152106 -0.243054 -0.445175 255 0 0
-0.197470 0.099029 -0.014700 255 0 0
-0.168312 -0.163086 -0.060953 255 0 0
0.004838 -0.204753 -0.319086 255 0 0
-0.194933 -0.100091 -0.262321 255 0 0
-0.204231 0.019370 -0.143480 255 0 0
-0.151918 -0.467230 -0.450647 255 255 255
-0.002382 0.386458 0.253250 255 0 0
0.002753 -0.239723 -0.244228 255 0 0
-0.122964 -0.378538 -0.566689 255 0 0
0.103014 0.173822 0.629240 255 255 255
-0.142787 -0.467348 0.145021 255 255 255
-0.047593 -0.099088 0.765022 255 255 255
-0.209360 -0.041544 -0.503994 255 0 0
0.205614 0.190948 -0.407824 255 0 0
-0.182987 0.218712 0.214572 255 0 0
0.204976 0.114716 0.276158 255 0 0
-0.028165 0.405777 -0.289852 255 0 0
-0.176002 0.063667 0.383473 255 0 0
-0.128229 -0.425239 -0.485089 255 0 0
-0.061250 -0.476208 0.060044 255 255 255
-0.223598 -0.047434 -0.412201 255 0 0
-0.069251 -0.379969 0.154633 255 0 0
0.217983 0.103637 -0.448055 255 0 0
-0.036079 0.121775 -0.686531 255 0 0
-0.007440 0.166771 0.981498 255 255 255
0.189213 0.158740 0.023084 255 0 0
0.101782 0.342638 -0.403949 255 0 0
0.002623 0.069640 0.976653 255 255 255
0.210265 -0.074255 -0.375500 255 0 0
-0.125198 -0.007572 0.471667 255 0 0
0.124957 0.308376 0.082104 255 0 0
-0.164063 0.205448 0.323195 255 0 0
0.049728 -0.158493 0.886072 255 255 255
-0.154427 -0.244038 0.132724 255 0 0
0.027176 0.062492 0.951489 255 255 255
-0.074158 -0.248772 -0.083868 255 0 0
-0.147375 0.290054 0.228035 255 0 0
-0.070363 0.379500 -0.338070 255 0 0
0.171002 0.229686 0.066013 255 0 0
-0.171360 -0.167636 0.122454 255 0 0
0.169495 0.145249 0.356252 255 0 0
-0.001347 0.143314 0.841772 255 255 255
-0.132998 0.240179 0.650392 255 255 255
0.077294 -0.006167 0.750602 255 0 0
-0.030379 -0.260595 -0.061262 255 0 0
-0.080034 -0.217968 0.227709 255 0 0
-0.060060 -0.021473 0.811296 255 0 0
0.123853 0.309975 0.058304 255 0 0
0.191999 0.139878 0.034714 255 0 0
-0.028656 0.040382 -0.658069 255 0 0
0.103343 -0.463298 0.191782 255 255 255
0.033505 -0.032447 -0.623746 255 0 0
0.185218 0.193931 -0.050242 255 0 0
-0.120973 -0.013039 0.553371 255 0 0
0.032970 -0.473423 -0.487509 255 255 255
-0.189492 0.192691 -0.101093 255 0 0
0.107602 0.208093 0.505480 255 0 0
-0.212523 0.065560 -0.243616 255 0 0
0.219135 -0.068065 -0.403387 255 0 0
0.166392 0.238354 0.108809 255 0 0
0.200668 -0.030414 -0.530015 255 0 0
-0.198022 0.048515 -0.579050 255 0 0
-0.065401 -0.101230 0.848481 255 255 255
0.108059 0.330191 0.222701 255 0 0
-0.154742 -0.503840 0.123880 255 255 255
0.058371 0.363934 0.243391 255 0 0
-0.126949 0.280252 0.319165 255 0 0
0.208129 0.102711 0.124558 255 0 0
0.176606 0.246125 -0.101908 255 0 0
0.192937 0.038727 0.334551 255 0 0
0.130823 0.302537 0.112721 255 0 0
0.094645 -0.295746 -0.625970 255 0 0
0.129274 -0.108688 0.346382 255 0 0
0.152760 0.315114 -0.332633 255 0 0
-0.207146 -0.033439 0.286287 255 0 0
0.216914 0.116931 -0.417323 255 0 0
-0.007447 -0.027815 -0.820265 255 255 255
0.096018 -0.162465 -0.316688 255 0 0
0.114135 0.095082 0.583108 255 0 0
0.001353 -0.116356 0.431079 255 0 0
0.133068 -0.153344 -0.372048 255 0 0
-0.049034 -0.395027 -0.528181 255 0 0
0.011212 -0.140121 0.616334 255 255 255
0.028201 -0.496383 -0.451300 255 255 255
0.176079 -0.139562 -0.053925 255 0 0
-0.134798 0.051314 -0.634943 255 0 0
-0.207506 0.048759 -0.184370 255 0 0
0.096902 -0.100142 0.728086 255 255 255
0.199513 0.163312 0.184584 255 0 0
-0.010564 0.369592 0.327845 255 0 0
-0.124724 -0.350208 -0.565797 255 0 0
0.079206 -0.206274 -0.594626 255 0 0
-0.206628 0.011093 0.094918 255 0 0
-0.187585 0.189997 -0.064292 255 0 0
0.111026 -0.399483 -0.473278 255 0 0
0.024359 0.049260 0.952498 255 255 255
-0.005227 -0.161130 0.898661 255 255 255
-0.183870 0.057233 -0.599942 255 0 0
0.210598 -0.005409 0.107971 255 0 0
0.013963 0.230408 -0.684948 255 0 0
0.046628 0.353778 0.344755 255 0 0
0.185553 0.182247 0.004836 255 0 0
-0.123595 0.247906 0.672046 255 255 255
0.104162 -0.128537 0.355335 255 0 0
-0.059359 -0.243587 -0.478976 255 0 0
0.034900 -0.504463 -0.454114 255 255 255
-0.065014 0.300659 0.505589 255 0 0
0.123944 0.082395 0.543147 255 0 0
-0.141654 -0.258185 0.195346 255 0 0
0.141015 -0.052425 0.390549 255 0 0
0.111690 0.016218 0.636165 255 0 0
-0.117252 -0.188072 -0.393611 255 0 0
0.192910 -0.088427 -0.293173 255 0 0
-0.135944 0.256416 -0.574683 255 0 0
0.142872 -0.159196 -0.564204 255 0 0
-0.171883 0.230180 0.056242 255 0 0
-0.151964 0.013317 0.435961 255 0 0
-0.232262 0.032208 0.205669 255 0 0
-0.036789 0.339805 0.497390 255 0 0
-0.116206 -0.486096 0.203448 255 255 255
-0.031986 -0.045321 0.911980 255 0 0
-0.137625 -0.064519 0.383797 255 0 0
-0.168138 0.241649 0.147202 255 0 0
0.144840 -0.218327 -0.554193 255 0 0
-0.128353 -0.343077 0.125235 255 0 0
0.163460 0.106680 0.400996 255 0 0
0.064862 -0.121471 0.403267 255 0 0
-0.081909 -0.067425 0.789158 255 255 255
0.215813 -0.044030 -0.356114 255 0 0
-0.103335 0.325341 -0.009870 255 0 0
0.207115 -0.091995 -0.462424 255 0 0
-0.084468 -0.069576 0.528545 255 0 0
-0.218039 -0.043171 -0.464537 255 0 0
-0.167370 -0.220041 -0.455350 255 0 0
0.141238 0.140248 0.460955 255 0 0
-0.046270 0.284258 -0.625379 255 0 0
-0.104755 -0.058496 0.703172 255 255 255
-0.096270 -0.103465 0.729294 255 255 255
-0.194302 0.165377 0.137869 255 0 0
-0.152611 -0.195314 -0.540095 255 0 0
-0.086152 -0.126109 0.714278 255 255 255
0.027580 -0.158450 0.899732 255 255 255
-0.216698 0.124639 -0.413699 255 0 0
-0.045198 -0.245866 -0.171852 255 0 0
0.140410 -0.022874 0.423808 255 0 0
0.176769 0.293278 -0.283128 255 0 0
0.036605 0.387841 -0.205114 255 0 0
0.052282 -0.146103 0.649177 255 255 255
0.073734 0.353061 -0.102089 255 0 0
-0.109726 0.151697 -0.649656 255 0 0
-0.228589 0.043424 0.230271 255 0 0
0.201970 0.098235 -0.128072 255 0 0
-0.010902 0.249001 0.949171 255 255 255
0.059146 -0.016297 0.797228 255 0 0
0.198862 0.000959 -0.023358 255 0 0
-0.221660 -0.047326 0.204218 255 0 0
0.155742 -0.178352 -0.055529 255 0 0
-0.116131 -0.175602 -0.586787 255 0 0
-0.194457 -0.049803 -0.050701 255 0 0
0.123801 -0.289300 0.067729 255 0 0
0.151703 -0.264381 0.168482 255 0 0
0.157765 0.067968 0.439435 255 0 0
-0.168068 0.233877 0.106172 255 0 0
-0.213103 0.147191 -0.443602 255 0 0
-0.218302 0.104716 -0.304255 255 0 0
0.136873 -0.197341 -0.204459 255 0 0
-0.012838 0.078288 0.810399 255 0 0
0.026035 0.085564 0.954297 255 255 255
0.203344 0.017044 -0.123777 255 0 0
-0.007038 0.117307 0.842547 255 255 255
0.011671 -0.155210 0.662334 255 255 255
-0.117155 -0.184727 0.050992 255 0 0
0.170327 0.229541 0.083217 255 0 0
-0.092785 -0.059463 0.744865 255 255 255
0.068854 0.377276 -0.217769 255 0 0
-0.040465 -0.113715 0.562887 255 255 255
-0.133114 0.194013 0.442466 255 0 0
-0.222474 0.074118 -0.324152 255 0 0
-0.087713 -0.431711 -0.566935 255 0 0
0.204917 0.166482 -0.512738 255 0 0
0.184300 0.213474 0.210478 255 0 0
-0.083293 0.324976 0.347136 255 0 0
0.161592 0.246800 0.269233 255 0 0
-0.059518 -0.206224 -0.542581 255 0 0
-0.208565 0.110702 0.141958 255 0 0
0.046595 0.397085 -0.309657 255 0 0
-0.168537 0.109830 -0.614870 255 0 0
-0.113185 0.333873 -0.419226 255 0 0
0.008915 0.391759 0.087233 255 0 0
0.152164 0.139749 -0.620625 255 0 0
-0.087633 0.231441 0.532611 255 0 0
-0.063016 -0.508593 -0.517182 255 255 255
0.007118 0.377028 -0.133937 255 0 0
0.197068 -0.073911 -0.102159 255 0 0
-0.171333 0.288354 -0.331098 255 0 0
-0.186928 -0.157209 -0.194402 255 0 0
0.162486 -0.497165 -0.491403 255 255 255
0.048301 -0.254638 -0.105546 255 0 0
-0.204229 -0.025496 0.295993 255 0 0
-0.092668 0.070071 0.655845 255 0 0
-0.050012 -0.433565 -0.494920 255 0 0
-0.124201 -0.509359 0.098588 255 255 255
0.107035 -0.030443 0.673988 255 0 0
0.115998 0.223630 -0.619959 255 0 0
-0.134871 0.327168 -0.351135 255 0 0
0.155400 0.102607 0.435411 255 0 0
-0.064656 -0.152908 -0.422610 255 0 0
-0.085363 0.182856 0.662008 255 255 255
0.001756 0.072983 0.752700 255 0 0
0.029877 -0.487051 -0.479353 255 255 255
0.151843 0.287687 -0.060591 255 0 0
-0.051740 -0.014634 -0.635105 255 0 0
-0.036411 -0.054759 0.907063 255 0 0
0.191530 0.153375 0.287841 255 0 0
-0.156649 0.163442 0.388120 255 0 0
0.013117 0.202187 0.966316 255 255 255
-0.008957 0.259521 0.956658 255 255 255
-0.097533 0.301993 0.385997 255 0 0
